mint,scan_ts,sha,symbol,tier,dex,gmgn_ok,n_hc_misses,price_usd,liq_usd,mcap,fdv,vol_h1,vol_h6,vol_h24,buys_h1,sells_h1,price_chg_h1,pair_age_min,score,total_holders,top10_pct,insider_networks_pct,graph_insiders,creator_prior_tokens,rugcheck_score,gmgn_bundler_wallets,gmgn_sniper_wallets,gmgn_smart_wallets
4EKJBc4WdeCViLRCfRx5ieFHfPFuBYhV49527GUBpump,1783181771.8922539,715d96828cda6f755a5448f062900ccae946de35,womanlet,B,pumpswap,False,1,0.0001451,30428.48,145146.0,145146.0,101659.88,727730.66,727730.66,1026,879,-13.06,198.23153756510416,71.8,1213,25.9,0.0,0,0,1.0,,,
5z6djd93D4twJD4mi8ST7tdAmA4XmrkovXuJy3mjpump,1783181771.8922539,715d96828cda6f755a5448f062900ccae946de35,niglet,B,pumpswap,False,3,0.0001597,31789.54,159738.0,159738.0,354112.05,580447.89,580447.89,2492,2008,609.0,153.9648708984375,58.4,491,29.4,0.0,0,0,1.0,,,
6nWvLtTC7LjaM4L1p1C9kVmsL2HT28Ms23obfnLpump,1783181771.8922539,715d96828cda6f755a5448f062900ccae946de35,ANSEM,B,pumpswap,False,4,3.79e-05,15285.29,37887.0,37887.0,22888.44,60938.14,409399.44,237,199,-18.96,1059.9648708984375,55.6,540,32.7,0.0,0,0,1.0,,,
96X4zg5T4NFWzTVFXHsadvYbxbzFX2Rqt3GXUv92pump,1783181771.8922539,715d96828cda6f755a5448f062900ccae946de35,Balloon,B,pumpswap,False,4,4.601e-05,17851.33,46015.0,46015.0,6817.32,38594.26,328250.73,100,70,-6.37,1668.5148708984375,62.0,747,28.6,0.0,0,0,1.0,,,
991L48va9rMiysu3fCpeg5p9bN4NLzhujojzmFtkgacE,1783181771.8922539,715d96828cda6f755a5448f062900ccae946de35,spurdo,B,pumpswap,False,3,0.0004929,59442.34,492836.0,492836.0,3544.55,63630.47,202995.42,27,43,-5.31,127514.3815375651,29.6,1048,29.4,2.8,4,0,1.0,,,
9AvytnUKsLxPxFHFqS6VLxaxt5p6BhYNr53SD2Chpump,1783181771.8922539,715d96828cda6f755a5448f062900ccae946de35,67,B,pumpswap,False,1,0.002728,337679.72,2727222.0,2727222.0,6471.4,29452.1,424634.84,36,16,-3.09,415124.5482042318,45.7,32599,0.0,0.0,0,0,1.0,,,
AnSem47wDeFBCnnuw2owzbBDT9pRzZDUBoSBXfbDpump,1783181771.8922539,715d96828cda6f755a5448f062900ccae946de35,WEN,B,pumpswap,False,4,2.96e-05,13549.65,29608.0,29608.0,3988.09,21885.57,146604.98,57,37,-5.06,2465.9982042317706,50.7,433,32.5,0.0,0,0,29.0,,,
BBhHEEs8bCPchS8S8EX744ExVrMD9xjGy8CXepctpump,1783181771.8922539,715d96828cda6f755a5448f062900ccae946de35,ansemwifhat,B,pumpswap,False,3,3.363e-05,17994.05,33633.0,33633.0,5754.05,45258.27,3581210.01,120,156,-13.77,1508.9815375651042,61.7,64003,38.2,0.0,0,0,1.0,,,
CSrwNk6B1DwWCHRMsaoDVUfD5bBMQCJPY72ZG3Nnpump,1783181771.8922539,715d96828cda6f755a5448f062900ccae946de35,Franklin,B,pumpswap,False,1,9.541e-05,52059.8,93152.0,93152.0,6267.18,41692.05,45070.87,43,41,-22.54,309882.01487089845,41.8,21543,0.0,0.0,0,0,1.0,,,
H74CYmXgMkYHYuSRsZt6RJb4NYp2u72Vw8BS5huApump,1783181771.8922539,715d96828cda6f755a5448f062900ccae946de35,LMAO!,B,pumpswap,False,2,0.002871,248329.15,2870097.0,2870097.0,18525.85,136843.04,220809.24,92,63,-4.35,373755.9315375651,35.0,11932,16.2,1.2,4,0,1.0,,,
71HtXHfexjKgem92Y5sPLPb6qkmtqWmPUzdKAcU9pump,1783181875.5135114,85bca6b1310aa3c3355693abefd20c553bc3a69e,trumplet,A,pumpswap,False,0,0.000468,53967.02,468065.0,468065.0,128371.24,700958.25,700958.25,2892,1025,49.08,162.6752251912435,71.9,1481,7.0,0.0,0,0,1.0,,,
MtJEwiCNkPyNFB3bfz78P6rfhzrHaTgEojqsJNJpump,1783181875.5135114,85bca6b1310aa3c3355693abefd20c553bc3a69e,TMB,B,pumpswap,False,1,0.002079,147707.65,2079538.0,2079538.0,113639.42,1499664.05,8639295.54,1239,1236,-13.88,12388.908558524578,62.3,8576,11.3,0.0,0,0,1.0,,,
3MjoqwNyvoeqneWpzbHqTcJMHZE9FfqYbSg3cQCzpump,1783190161.5750926,a776dbd5706783cd825190a91ae19512b9f350f1,KORA,B,pumpswap,False,3,5.44e-05,17982.56,54409.0,54409.0,83045.12,145917.72,145917.72,847,689,7.9,71.17625154215494,51.6,202,19.6,0.0,0,0,1.0,,,
CkL5aL9TGw5v3avjcSo416v5RkKbEcdHd2TzpfkXpump,1783190161.5750926,a776dbd5706783cd825190a91ae19512b9f350f1,tatelet,B,pumpswap,False,4,1.89e-05,10537.14,18906.0,18906.0,35056.5,133060.52,133060.52,553,449,-21.79,129.7429182088216,56.9,453,30.7,0.0,0,0,1.0,,,
5pYB12kEhfhSFXJjZ7JtyqDpt6uUqhsF6iu6Ee9spump,1783194590.4367301,97e9c7832ec53fe358454fb97062a33e7fe59d34,CATWIF,B,pumpswap,False,4,0.001375,175150.35,1319993.0,1374992.0,64203.19,349338.86,1261308.19,655,674,-1.0,18049.49061217041,35.5,12028,28.1,1.3,9,0,1.0,,,
8axDfNi43n79meuEWP85iGiaA9bhCKNGj9Xctnvipump,1783194590.4367301,97e9c7832ec53fe358454fb97062a33e7fe59d34,FERRE,B,pumpswap,False,3,8.664e-05,22469.58,86643.0,86643.0,57422.97,57422.97,57422.97,829,572,155.0,11.37394550374349,29.3,41,4.6,0.0,0,0,1.0,,,
2ZvFgTyLMrgyLmoPHtD5KsTyALh14ffzxJoni4oPpump,1783201362.2889209,42758e872e167b7c121b357918f5dc3bac6a9b6a,BOGE,B,pumpswap,False,3,0.0001416,31316.96,141600.0,141600.0,11736.82,52897.28,100034.19,43,38,12.48,8598.354815348308,26.2,816,37.2,0.0,0,0,46.0,,,
EXTvbbAKdhASAazTfDmR1FhwFeQBrbz1uqcxFk6E1jAF,1783201362.2889209,42758e872e167b7c121b357918f5dc3bac6a9b6a,bullsem,B,pumpswap,False,4,4.536e-05,16413.34,45351.0,45351.0,26506.04,71791.33,199062.59,455,226,11.02,1222.3048153483073,58.1,400,28.5,0.0,0,0,1.0,,,
FAi4gCCDWAezmzvsenghCqNaw7t3G8mTDxt7gEDTpump,1783204925.68645,2bc146f7c79890c16c777f0c36d060b1e0f8fd71,MAGSEM,B,pumpswap,False,3,6.345e-05,19278.71,63458.0,63458.0,79969.01,79969.01,79969.01,1656,690,88.32,25.0781074991862,50.7,248,3.7,0.0,0,0,1.0,,,
6mUXxdGMtxKDSw6zXiarQ5mgP3UC1LBzu9LjgXhFpump,1783208805.613229,f873c0bfc213ba1761b9556e626f4cbfe7fa036b,AnsemIRL,B,pumpswap,False,3,0.0001662,31468.43,166267.0,166267.0,193433.21,193433.21,193433.21,2100,1546,422.0,28.81022048339844,46.3,601,22.5,0.0,0,0,1.0,,,
7DWRAaAecR2bhPRUjg7VN6XqoXpRYCRqsq7W6t2Vpump,1783214847.2179768,6c886823028a8599ae11b1c9d8fdfc09a38f0417,BOB,B,pumpswap,False,2,7.256e-05,29762.45,68902.0,68902.0,10933.58,34588.08,37043.22,82,56,-23.21,30207.43696628011,34.7,1311,29.1,0.0,0,0,1.0,,,
E7wbcQSGnuC29vNeDX8SrosiD46piaUnBHTg5X8apump,1783214847.2179768,6c886823028a8599ae11b1c9d8fdfc09a38f0417,Meep,B,pumpswap,False,3,0.0001493,33524.22,149020.0,149020.0,30712.67,72849.69,110158.24,108,90,0.25,14519.303632946778,22.8,574,32.8,0.0,0,0,1.0,,,
BJR8CP2s2tiuqhp1kVLGsjTqkb3a3om3CbPttrBEKcq5,1783230363.7648876,abdce4f90beab414d89c08b1b82345edb0667eec,GIGANSEM,B,pumpswap,False,3,2.914e-05,13325.51,29146.0,29146.0,3975.67,17781.41,381565.99,38,34,20.88,1176.4460814575195,66.4,3867,31.9,0.0,0,0,1.0,,,
H6QG1XUwKpXB94kJUzkcn4GaD3yzYTcm7xbBf4aopump,1783230363.7648876,abdce4f90beab414d89c08b1b82345edb0667eec,nsmb,B,pumpswap,False,5,2.251e-05,11313.96,22512.0,22512.0,19772.05,66524.12,66524.12,297,243,30.15,122.21274812418619,52.8,324,31.7,6.6,5,0,1.0,,,
49tvQ5zXMxHu7mk6nqcCe9SrQ5ePxBFSKFX5jvDgpump,1783240380.285795,297698d71c836cfcae6bbd032e0eaefa1e9c7be7,Fedja,B,pumpswap,False,5,2.491e-05,11912.01,24558.0,24558.0,48139.24,48139.24,48139.24,881,676,-26.06,22.854763248697918,43.4,316,31.2,2.0,4,0,1.0,,,
4PRz3EwhbjrrX6YksMDuUzrXT51pr7CQtXNCravhpump,1783240380.285795,297698d71c836cfcae6bbd032e0eaefa1e9c7be7,ACM,B,pumpswap,False,3,0.001558,100609.66,1558784.0,1558784.0,451868.36,2440408.46,2440408.46,2096,1855,-1.8,215.1047632486979,53.1,1484,36.8,7.8,4,0,30.0,,,
5xRRRd1fhGyBY2u31isvkL3rLtYUFXvau3JgkwiKpump,1783240380.285795,297698d71c836cfcae6bbd032e0eaefa1e9c7be7,LFG,B,pumpswap,False,4,3.305e-05,13906.17,33059.0,33059.0,42233.78,164038.97,164038.97,640,492,-72.21,173.82142991536458,63.8,666,27.8,0.0,0,1,1.0,,,
ChJqQSFK1JUPCaoGrtKM1Nm5k29ZdbHQ8kiVNuhppump,1783240380.285795,297698d71c836cfcae6bbd032e0eaefa1e9c7be7,BullWorld,B,pumpswap,False,2,0.000156,32255.73,155609.0,155609.0,82028.07,1235281.14,1235281.14,850,618,-31.41,317.6880965820313,73.6,1730,25.6,1.1,5,0,1.0,,,
29pNSDP2nSzQVMXjqc5HtLmnu4yK7JfZuKP9Lb3Epump,1783248540.176173,f6ab3263e33e8cdf7a0e21e0eeaf7e0d77e7a2cb,Elon,B,pumpswap,False,6,4.926e-05,17119.69,49263.0,49263.0,259276.04,259276.04,259276.04,3371,2816,49.35,19.752936214192708,61.9,569,24.3,5.1,12,0,1.0,,,
3xaDR6gxCp92SZRJ1zMigoRAUMkQGNmFF9HvGT94pump,1783248540.176173,f6ab3263e33e8cdf7a0e21e0eeaf7e0d77e7a2cb,LISA,B,pumpswap,False,3,5.229e-05,17980.8,52299.0,52299.0,499571.81,527086.94,527086.94,5930,5229,89.16,64.28626954752605,72.7,1088,22.8,8.7,4,0,1.0,,,
Dur39Hv43Uw4HU9Zr4RUB7mH6kqmYdPpZfENup6Xpump,1783248540.176173,f6ab3263e33e8cdf7a0e21e0eeaf7e0d77e7a2cb,3301,B,pumpswap,False,4,0.0001462,29733.74,146270.0,146270.0,23846.17,311964.12,427194.3,229,221,34.63,1021.5029362141927,59.2,757,32.0,3.3,4,0,1.0,,,
9uaWRZvAyrM21JsWwCraQ5dGzdBtBgP1Y39L7hQzpump,1783253162.6903172,deaaba507457c6782fe409f69d82e14f628a352c,ansm,B,pumpswap,False,3,5.48e-05,17697.28,54806.0,54806.0,40907.97,40907.97,40907.97,574,424,65.39,10.261505285644532,27.5,367,19.3,0.0,0,0,1.0,,,
HMX8oxVFtpxz92NeoSifkQrJATwEpKQMDjVBbrmppump,1783253162.6903172,deaaba507457c6782fe409f69d82e14f628a352c,Cubrate,A,pumpswap,False,0,0.0001513,30031.46,151307.0,151307.0,397126.31,397126.31,397126.31,3662,1987,110.0,19.944838618977865,80.5,1344,4.4,0.0,0,0,1.0,,,
A8wXmAgVy3peeHtifXNvYUUirGdNu4ezJoDno9trpump,1783259067.6738563,4e56ae02944767217b40fdc099d726da08ef55e2,BLACKOUT,B,pumpswap,False,5,5.564e-05,18092.71,55646.0,55646.0,133718.15,133718.15,133718.15,968,1137,65.25,53.411230936686195,51.3,346,17.0,0.0,0,0,1.0,,,
F2fcE5sjDuSMVrj56Q7Pg9ha7cHfpTzuUTkVJxKdpump,1783259067.6738563,4e56ae02944767217b40fdc099d726da08ef55e2,TRUMP,B,pumpswap,False,3,0.0001445,30047.72,144599.0,144599.0,303302.37,592226.25,592226.25,7881,3636,30.48,81.6612309366862,85.7,3274,4.5,0.0,0,0,1.0,,,
GkMYEzG1Gd1m5xeqkq6PaomkPmvcSSm3X6YwNvGipump,1783259287.8583517,1c7e34e2e71c44345d24f4e9cf45e8580f4db85a,Bulltard,B,pumpswap,False,5,2.151e-05,11142.39,21512.0,21512.0,33077.01,85378.88,85378.88,500,427,-15.63,71.71430586344401,52.0,390,38.2,0.0,0,0,1.0,,,
8NGpdSE1tZqUrvpUVqsn5Revncc6yUafk8mnAyK9fNCE,1783265053.008341,b161e530a88eef3de0e3d8d0fd19afa0bf5ce355,Chud,B,pumpswap,True,5,0.0006162,62832.65,616201.0,616201.0,12486.64,76573.4,244745.59,43,66,34.93,4510.900139017741,20.0,506,21.6,1.1,4,0,1.0,202,11,9
3Za1FSXHbLcYSFKNTdMt27ZKhFLVo1JsWbQY4yfbpump,1783269470.144659,7341726846399a70f09cd81b2f2435b66cc8c645,TRUMPBB,B,pumpswap,True,4,8.985e-05,23142.69,89854.0,89854.0,271316.78,271316.78,271316.78,4830,1102,23.74,25.169077648925782,90.7,1295,4.9,0.0,0,0,1.0,59,3,0
CMx1EUTXhnUKYF5xYMCSkDmJfvRSD7a4iwayW1DVpump,1783269470.144659,7341726846399a70f09cd81b2f2435b66cc8c645,0x,B,pumpswap,True,8,0.0002638,40627.38,263891.0,263891.0,592791.43,592791.43,592791.43,7921,6481,689.0,49.98574431559245,59.2,826,29.1,3.5,4,0,1.0,537,41,11
6kMcUKLubWNtXSH33aisVF3cQ2otD9Fz7L8E7U2ipump,1783273785.4759328,4eb1ed9920486d1f423b9c89a3100ba0d0673b44,BULLDERS,B,pumpswap,True,6,0.0001057,25235.24,105753.0,105753.0,294541.74,294541.74,294541.74,1995,1467,209.0,25.224598881022136,56.7,285,16.9,0.0,0,0,1.0,156,26,1
GFNRTrBAz4QvCFkyhvW4hGkLjkHkfZbwAUEH83Gr7GjC,1783273785.4759328,4eb1ed9920486d1f423b9c89a3100ba0d0673b44,UNKNOWN,B,meteora,True,2,0.002245,101107.09,2245893.0,2245893.0,92.24,92.24,50140.71,4,3,1.17,1007.0079322143555,25.3,155,14.9,0.0,0,0,1.0,0,0,0
2mDmh6PxiPPYgYNrbQZtMKTUwkX4FCb3MMm7Skewpump,1783277547.901361,0b60170483b5599ccfd9a944502b798f8db361e9,BANSEM,B,pumpswap,True,7,4.334e-05,15774.14,43342.0,43342.0,23186.1,23186.1,23186.1,342,363,28.25,45.68168935139974,22.0,207,36.0,0.0,0,1,1.0,95,17,1
5UQNY2hk4fgaDYL8Cq2SgVZ97q7Uvb95aAuSG18dpump,1783277547.901361,0b60170483b5599ccfd9a944502b798f8db361e9,ANIMEBULL,B,pumpswap,True,5,0.0001735,32170.54,173507.0,173507.0,308659.66,308659.66,308659.66,2405,672,141.0,49.848356018066404,64.3,487,5.2,0.0,0,0,1.0,27,12,0
HJvNERycZQP6uL5qFEgr7AJLACtR2M38uhej6vSYpump,1783282811.321823,31f74c62074e4e87e2b7baea289ee8ce6551b424,Silas,B,pumpswap,True,10,4.564e-05,16570.02,45642.0,45642.0,270368.97,270368.97,270368.97,3437,2670,35.71,27.32203038330078,54.4,286,27.5,3.6,10,0,1.0,258,12,3
NomAQD5TpLy2NSJAmNqENB3uXpUxweNmvS4NwKHpump,1783282811.321823,31f74c62074e4e87e2b7baea289ee8ce6551b424,ANSEMINU,B,pumpswap,True,8,9.017e-05,22837.94,90174.0,90174.0,73944.87,73944.87,73944.87,2132,728,168.0,14.722030383300782,29.1,125,30.2,0.0,0,0,1.0,38,19,0
hrmvPdczhB6UxQ6bjhZTk6XN72ezJ1mSgiNKeYzTnor,1783282811.321823,31f74c62074e4e87e2b7baea289ee8ce6551b424,NOR,B,pumpswap,True,7,6.308e-05,19228.49,63086.0,63086.0,70539.71,156759.84,156759.84,830,617,67.22,68.75536371663411,51.8,345,25.7,0.0,0,0,1.0,167,41,1
7f5vGM47S6oSSDHnyPLwem2Nn4fy8WNXYvMwDWCBLiEt,1783287052.7465112,5d4b80a299bd45935b6e564db96ba77eca170e21,CEEZEE,B,pumpswap,True,5,0.0001212,27407.75,121143.0,121143.0,141486.01,427034.68,427034.68,1303,1039,116.0,118.34577518717448,59.3,560,32.0,0.0,0,0,1.0,195,12,7
9rLL2r2NZNo5ctoYsurwDo35Bx7yKgt2HTWyVowjpump,1783287052.7465112,5d4b80a299bd45935b6e564db96ba77eca170e21,WIFBULL,B,pumpswap,True,6,8.658e-05,22551.8,86582.0,86582.0,101464.98,130813.54,130813.54,2126,1567,-15.14,72.71244185384114,56.5,790,17.0,0.0,0,0,1.0,24,18,1
EYn6tC4LAoshxvFeQmWU5g8hdNeqdssSGdN5vZCWpump,1783294827.317896,ab27262963791267a20b17ed95c1bc10f54d9344,MooNutShibSem,B,pumpswap,True,7,9.525e-05,23636.73,95259.0,95259.0,126366.35,126366.35,126366.35,1444,1105,183.0,19.72196493326823,35.1,149,28.8,0.0,0,0,1.0,176,20,2
FsBsv7svcEwMkioVck7cno14YPmiwnXuR3J91UJ5pump,1783294827.317896,ab27262963791267a20b17ed95c1bc10f54d9344,BULLRUSH,B,pumpswap,True,5,0.0002184,36379.97,218499.0,218499.0,452588.18,452588.18,452588.18,4282,2252,199.0,22.02196493326823,61.5,441,3.8,0.0,0,0,1.0,75,0,0
2UQCVGq2BRoqSTs9NF9X7e6GCm7HZzSu4jNpw7vzpump,1783318082.8488464,cc71ed5b5e450408bd3d7e8c2ea850ccd14b68fe,elonlet,B,pumpswap,True,2,0.0001674,32628.79,167429.0,167429.0,213161.68,897855.89,897855.89,7379,4314,-15.53,142.4974807739258,84.0,3221,3.2,0.0,0,0,1.0,52,0,0
wobYcxYiABaM6qByXMuBdespq3DPLNuSYqUpMmBpump,1783318082.8488464,cc71ed5b5e450408bd3d7e8c2ea850ccd14b68fe,HAAL9K,B,pumpswap,True,2,0.0006025,65477.06,602402.0,602402.0,53793.07,479282.33,918694.92,313,441,5.11,5340.997480773925,42.0,3286,26.0,0.0,0,0,1.0,96,16,0
7BEPYMVq3X9JFes4JDervkrJQ7TNDeBEd4L1nuGpump,1783336107.56336,dc2e21a61a07e2ae6e905e4b7b99bb21f1febf41,LEVITRUMP,B,pumpswap,True,3,0.0001408,29064.18,140816.0,140816.0,387974.77,387974.77,387974.77,6770,2441,95.95,33.109389331054686,85.5,1215,3.9,0.0,0,0,1.0,65,11,0
ABDR768zqomnEPkHT4y1p1W3JTsLwpJxRhbSSWKcpump,1783336107.56336,dc2e21a61a07e2ae6e905e4b7b99bb21f1febf41,Miku,B,pumpswap,True,4,0.0001069,26293.52,106911.0,106911.0,289097.09,908879.59,908879.59,4484,2347,-48.99,127.09272266438802,74.1,1105,32.3,0.0,0,0,1.0,451,24,9
6uYAQyXYMQ5sTNPRZmYSVMGTAzgkTrK5mGtHpPYCpump,1783348743.9313614,cffb39c021e12510c8f518b04c3e73377ae74561,Vaaland,B,pumpswap,True,3,0.0008482,72122.01,848238.0,848238.0,274134.7,1055542.57,1055542.57,2058,4259,156.0,150.06552268880208,61.2,1698,3.4,0.0,0,0,1.0,172,4,0
CJCrQsBL4rAwmGEcEv2dzNER5mYRFEzjwN5CWKz1fqou,1783348743.9313614,cffb39c021e12510c8f518b04c3e73377ae74561,wifout,B,pumpswap,True,5,7.234e-05,22297.47,72340.0,72340.0,41146.68,571418.99,1298946.12,499,392,12.91,457.1821893554687,70.0,1424,32.2,5.3,14,0,1.0,375,24,11
E2ueKQ3EDTTmCkUA17j3KeTb2u6VT91xiyECdKRzpump,1783348743.9313614,cffb39c021e12510c8f518b04c3e73377ae74561,tolywifhat,B,pumpswap,True,3,0.001179,86473.34,1179529.0,1179529.0,243434.66,1185467.82,1520916.79,1255,921,13.4,478.3988560221354,57.9,1831,20.5,0.0,0,0,1.0,265,28,2
N5BpqcxRy1ogo8hQixZm4E2axpdqj8WivqbWoaSpump,1783348743.9313614,cffb39c021e12510c8f518b04c3e73377ae74561,BB,A,pumpswap,True,0,0.0002442,38802.98,244294.0,244294.0,316674.46,767084.55,767084.55,2444,2772,22.39,276.13218935546877,77.9,1806,5.6,0.0,0,1,1.0,246,6,0
NpqoucNKKJ62PwikH4NBvTm3R7mgREXoTtv7nJSGLUE,1783348743.9313614,cffb39c021e12510c8f518b04c3e73377ae74561,GLUE,B,pumpswap,True,5,0.0002281,42590.24,220212.0,220212.0,1577.77,5528.38,41176.73,19,7,-3.47,16839.298856022135,36.8,2278,28.7,1.4,10,0,1.0,443,15,23
6YZm2PVLBozyfvGrMTrZbZHxYQz8aFG3sm6rCfw3pump,1783359043.548683,cdc3f957d4887e8242010d16244daf4290e60243,Bullius,B,pumpswap,True,2,0.0001804,33701.27,180442.0,180442.0,186400.81,617081.98,617081.98,4650,874,7.4,142.12581138102215,91.9,1788,4.7,0.0,0,0,1.0,251,14,0
B6f27ETGcjgGNB1fqULJbXVmw9FnL8HgBp7R83hmpump,1783359043.548683,cdc3f957d4887e8242010d16244daf4290e60243,drooling,B,pumpswap,True,5,0.003199,229060.37,3198853.0,3198853.0,122213.24,286628.52,726246.55,333,461,40.82,55296.24247804769,24.9,5798,36.9,1.9,27,0,1.0,1000,23,79
CPtvQTf8bXKPx4wQTpVkB9StqcXnVdpz8WN2UZaopump,1783359043.548683,cdc3f957d4887e8242010d16244daf4290e60243,AIF,B,pumpswap,True,2,0.0002154,36806.27,215483.0,215483.0,352838.13,703507.17,703507.17,6171,3717,21.69,97.95914471435547,83.7,2189,3.5,0.0,0,0,1.0,288,1,0
FXWG1swRjTfGR2uCqa4TfJc6FrVqB1GQtME4e6yopump,1783359043.548683,cdc3f957d4887e8242010d16244daf4290e60243,ansemlet,B,pumpswap,True,5,0.0001716,32438.68,171685.0,171685.0,446672.16,446672.16,446672.16,7485,2941,134.0,42.2924780476888,67.9,392,4.3,0.0,0,0,1.0,144,10,0
D2XvLipYuPFgJ42kB6U4ihmHENStT7h2BS2iN5NtzZKg,1783365648.8071306,394e19b1fb5d847981bc481b70d927802da2527c,HOOD,B,pumpswap,True,3,0.0002681,45764.18,267889.0,267889.0,180276.84,1211047.49,1275437.64,1655,1629,-20.82,564156.5801188436,57.8,1466,23.6,0.0,0,0,1.0,323,0,5
2Gt16sPz97kjvVXAz7aRbKG718hmY9HiyboieZKBpump,1783371998.7240024,f5a3cc78f3b867f3aa5a791acee8927eb7de96c3,DEGEN,B,pumpswap,True,5,0.0002684,41134.25,268435.0,268435.0,122710.37,715827.79,715827.79,867,550,-33.13,209.17873337402344,53.3,333,29.9,0.0,0,0,1.0,195,50,4
EYvkcWB5S4DFv7gJqR8D2W76U9n7kD3jvYcbSXdppump,1783371998.7240024,f5a3cc78f3b867f3aa5a791acee8927eb7de96c3,HAALAND,B,pumpswap,True,3,0.0001542,32901.06,154218.0,154218.0,13004.95,166865.45,1077831.37,118,170,5.24,16583.89540004069,52.2,1326,38.1,0.0,0,0,1.0,386,9,17
6MPYewsYPK3L1ak68Gpc9ajuRjRRsGpnVd4mPTzWpump,1783377227.475578,848a1fd0af896ae4fe0bfacaf2cceaa76f7bba00,Ansem,B,pumpswap,True,5,0.0001246,28494.22,124695.0,124695.0,800195.61,1008082.58,1008082.58,2544,2358,-3.83,73.72459296875,55.1,155,15.2,0.0,0,0,1.0,97,16,0
89ZvFeuJqPUJAfDkdANWmwinMj5UahaaWT6QgheTpump,1783377227.475578,848a1fd0af896ae4fe0bfacaf2cceaa76f7bba00,KOVU,B,pumpswap,True,7,1.878e-05,10526.66,18782.0,18782.0,37815.58,94161.16,94161.16,649,518,-61.6,85.42459296875,51.7,118,28.0,0.0,0,0,1.0,104,24,1
38ov9f633i3usgopDfDxUtTJU5VC6B7v7xncuevfpump,1783381317.7284455,5754a5eb7cbfe42980bc2f92b22d0bdccfffc908,SPCXAI,B,pumpswap,True,4,0.0001055,25968.81,105556.0,105556.0,697397.89,697397.89,697397.89,7299,2770,60.94,37.97880742594401,66.6,148,6.4,0.0,0,0,1.0,65,2,0
D71ZjzGKk5duRFBmdzDMNmehyFuoN3xx1bCFiPQPpump,1783387663.4119222,329028abddd6b41f7a4da48297ffe3a5398b7242,$LEVICALF,B,pumpswap,True,6,4.828e-05,17127.22,48281.0,48281.0,21352.27,91054.24,257493.44,319,280,-28.73,842.9901987019857,55.4,535,33.7,3.1,7,1,1.0,46,20,0
Q27fWYBd963U9vzpWCexCGN7Rt2jSXjVhUxJKLopump,1783387663.4119222,329028abddd6b41f7a4da48297ffe3a5398b7242,shitcoin,B,pumpswap,True,6,4.324e-05,15895.99,43247.0,43247.0,8592.68,61449.28,61449.28,102,108,-40.24,174.973532035319,38.7,69,14.7,4.4,4,0,1.0,48,38,1
2rovxjbNfyVuTdDTpH3EtsWEFJKCmYasuLud3MRHpump,1783403326.6227763,21a73ccda1e57a081db798cf179049a363865fe3,TORO,B,pumpswap,True,5,0.000121,26538.16,121073.0,121073.0,21361.39,130557.17,130557.17,185,207,-14.05,267.27704627278644,29.8,188,29.2,2.1,9,0,1.0,5,12,2
3gDAjymqTF19GVw4TcB8sAKd3yLR2dfEzJ4Wztm2pump,1783403326.6227763,21a73ccda1e57a081db798cf179049a363865fe3,TCAR,B,pumpswap,True,6,0.0002245,37920.49,224533.0,224533.0,20581.46,115801.15,833434.1,168,118,-24.32,2172.8437129394533,58.0,746,34.5,9.7,10,1,1.0,335,20,14
CvXyWJRq3ZxqifMzAuyUomDvJ8PF8NitXx8HxRLGpump,1783403326.6227763,21a73ccda1e57a081db798cf179049a363865fe3,WYNN,B,pumpswap,True,3,0.0002783,48998.11,278250.0,278250.0,779.76,30701.85,70326.16,16,31,-1.45,76257.32704627278,31.2,119167,21.0,0.0,0,0,1.0,628,12,33
4eKYoR1hBHnRaYyg2d57H36uUatRNyZr1NRP9ScNpump,1783414634.417662,1e165b2cbb74eab0e240579cea9188e1903d4c4b,DONALT,B,pumpswap,True,1,0.0006924,71335.55,692421.0,692421.0,189516.57,909984.06,1585228.63,1231,789,112.0,1775.5402943644206,70.5,4956,5.1,0.0,0,0,1.0,208,26,2
9WHXEcGp8FVRZhBinBj6pUr3FzpXhDNBkxXVhHk5pump,1783414634.417662,1e165b2cbb74eab0e240579cea9188e1903d4c4b,BULLTARDIO,B,pumpswap,True,3,0.0001162,28697.61,116220.0,116220.0,28551.7,968238.88,1839652.35,313,290,-27.28,488.0736276977539,72.9,1108,19.7,2.6,16,0,1.0,569,21,8
AyafwyhUhZW4L9bdeG2nBjTpQkt5ek1aA1A78XGopump,1783414634.417662,1e165b2cbb74eab0e240579cea9188e1903d4c4b,PUMPBULL,B,pumpswap,True,4,0.0001811,33460.26,181190.0,181190.0,429179.82,579622.26,579622.26,8689,4166,60.57,69.47362769775391,65.6,156,3.9,0.0,0,0,1.0,55,2,3
4K5wiLjC5MmZv2pNmewQdZjds4yiBNTn8zUMi5cQpump,1783426041.404913,d5a0f25150cfb492fbd7dfeccfb41cae1fd6ac61,BULLTARDIO,B,pumpswap,True,4,0.0002233,37579.24,223357.0,223357.0,45762.32,760665.69,760665.69,452,341,34.99,171.62341521402996,59.4,129,9.0,0.0,0,1,1.0,199,11,5
DkmmVCUaBAcYjecqMdX7NdNQFCfb6uh1yQq9HEP8pump,1783426041.404913,d5a0f25150cfb492fbd7dfeccfb41cae1fd6ac61,ANSEMIUS,B,pumpswap,True,3,0.001846,114745.2,1846570.0,1846570.0,272192.18,891178.3,2672423.91,1242,1250,47.07,1509.9900818806966,53.5,4330,18.7,5.1,13,0,1.0,258,16,10
VXjDEv3EeJgg5J88uNasoMwaryCtdfKw5YNkAoJBpwU,1783426041.404913,d5a0f25150cfb492fbd7dfeccfb41cae1fd6ac61,PUMPLON,B,pumpswap,True,5,0.0002079,42965.41,207895.0,207895.0,67909.43,5079275.16,5079275.16,626,556,1.94,343.4900818806966,69.9,808,17.3,5.1,13,0,1.0,1000,57,25
saTZ9ADxuPYGxCgJMqnRsanza3nT3GnkpKENicKpump,1783426041.404913,d5a0f25150cfb492fbd7dfeccfb41cae1fd6ac61,roscoe,B,pumpswap,True,6,7.739e-05,21582.28,77370.0,77370.0,54481.33,271701.13,271701.13,655,596,-3.97,111.34008188069662,46.0,83,39.9,0.0,0,0,29.0,79,12,6
22oesKQuMBmxUTWfeFDjNnYS19VujFcBmi4EL8gWpump,1783437601.688591,10349831fedd1b2ae81eda26d94719bfd85986ba,GCAT,B,pumpswap,True,4,0.0006057,71648.52,605761.0,605761.0,1201182.31,3880349.65,3880349.65,2510,2481,128.0,243.47814318440754,53.5,145,17.7,0.0,0,0,1.0,207,36,3
95bAE5K5SeqpQ4veagLGRi5qfK83rtCeK9SxjBvNpump,1783437601.688591,10349831fedd1b2ae81eda26d94719bfd85986ba,inu,B,pumpswap,True,6,9.162e-05,23642.49,90239.0,90239.0,197111.57,334690.12,334690.12,2063,2151,122.0,104.47814318440756,49.6,35,27.8,0.0,0,0,1.0,292,30,2
BrXJz1NyZbeCALn4aWS7ckZqMyQBwENDGVmaRt4ypump,1783437601.688591,10349831fedd1b2ae81eda26d94719bfd85986ba,ELON,B,pumpswap,True,8,4.383e-05,15925.46,43838.0,43838.0,37822.31,37822.31,37822.31,623,527,23.71,12.64480985107422,21.1,2,28.0,7.6,4,0,50.0,200,55,0
DeqsPTYwvsNjkf5G8zDxziUnFPp55nQZA4vrNM2apump,1783437601.688591,10349831fedd1b2ae81eda26d94719bfd85986ba,QNT,B,pumpswap,True,3,0.0001493,29550.03,148161.0,148161.0,823.48,5042.7,35654.43,23,15,-0.18,48381.07814318441,30.7,3234,33.1,9.1,4,0,1.0,57,27,2
A26MrRACGRBERBrhdA6eVEkUR96YswsKGDtxjRp6pump,1783445373.5197594,0538e91ee04a62299ef6d841ce914afe053ed43f,Levilet,B,pumpswap,True,3,0.0001142,27191.44,114240.0,114240.0,372057.09,855870.28,855870.28,6927,3358,-44.36,113.34199599202474,64.7,131,5.9,0.0,0,0,1.0,232,13,0
DMGvqNkhS3BtNDRypN6tEY6jpkatHJj4WQZtPmFzpump,1783452203.2254553,17100b502dfc9d953141469e4c9e14b566c5e481,BULLTISM,B,pumpswap,True,4,6.824e-05,20153.88,68248.0,68248.0,25138.87,228692.64,228692.64,420,295,-15.51,164.05375758870443,58.5,206,13.6,0.0,0,0,1.0,27,37,2
5RyeWfbjVw6Ktj6j8SmTiAnVXWvmV8YxGtTebNsU2dBo,1783458562.4328148,53548eb469711000a2e14517e7105442cefd7f07,Pauly,B,raydium,True,3,0.0003687,72175.33,368656.0,368656.0,20765.49,107494.19,334940.55,135,89,-9.14,1187792.573880249,36.2,2947,36.1,0.0,0,0,1.0,1000,1,19
9kFcxV4s75ctSAjX6NLfcmPx1vuJom22RVrSGSitpump,1783458562.4328148,53548eb469711000a2e14517e7105442cefd7f07,CUPSETTA,B,pumpswap,True,6,2.019e-05,10939.04,20195.0,20195.0,49278.23,216761.41,216761.41,683,453,-30.21,152.4405469156901,53.8,19,27.4,0.0,0,0,1.0,92,13,4
8N1xPzwZtuRQSdRMnbjAjdd2tK9V8nF7Wrw8gGeLpump,1783463609.1887023,f50c0aca2d5b3abd9610f43ef4cd4d5ef1d42dfe,WSB,B,pumpswap,True,4,0.00034,48358.17,340042.0,340042.0,192473.9,2042444.18,2042444.18,1091,1004,1.75,198.71981170654297,50.4,52,27.7,0.0,0,0,1.0,103,6,2
Hk8qqvyYU5gfAB5QCZCcJq3gR3TZ8LtvNmA1EM3bpump,1783463609.1887023,f50c0aca2d5b3abd9610f43ef4cd4d5ef1d42dfe,BabyCupsey,B,pumpswap,True,7,0.0001292,27951.54,129217.0,129217.0,287658.79,373395.05,373395.05,3311,2228,185.0,85.7031450398763,53.5,13,24.9,1.2,4,0,1.0,176,30,3
3nVp4yxq8NHGKfYD8q1u4sZDYP95mbGeBvq1n8CCpump,1783467142.8631387,639edfe9ecb82cab071d3de25a980ac42d157ee8,WIGGTABLE,B,pumpswap,True,7,7.184e-05,21500.27,71849.0,71849.0,701755.02,701755.02,701755.02,3528,2731,113.0,50.047718977864584,65.6,463,9.3,0.0,0,0,36.0,165,35,3
JCKJviubAbCSztaGnKGqaiKhmpsE9uDTxcENXZrLpump,1783467142.8631387,639edfe9ecb82cab071d3de25a980ac42d157ee8,StareCat,B,pumpswap,True,2,0.0001739,32672.36,173901.0,173901.0,31268.39,452601.43,482878.62,4102,211,-11.43,375.8977189778646,83.8,2225,31.9,0.0,0,0,1.0,204,13,4
5MeesVjRfJ3nnkESNFjT6y4RyzvN7NX5Qf3mihSUpump,1783472729.4989338,1ffc7d4d3aa738b0cf8937641e0dafc4bc6324cb,Cupsem,B,pumpswap,True,2,0.0002245,38608.53,224558.0,224558.0,667246.22,1270418.36,1270418.36,7270,4576,59.51,95.5749822306315,82.5,2520,5.5,0.0,0,0,1.0,161,3,0
7AJ9sdZW6Sodb8ajnEkESeWtQVVHyZ4Gg85H3c1Ypump,1783472729.4989338,1ffc7d4d3aa738b0cf8937641e0dafc4bc6324cb,Rizzler,B,pumpswap,True,6,0.0001413,29566.63,141367.0,141367.0,149045.01,754541.72,754541.72,22705,14756,-29.89,137.30831556396484,73.8,1244,27.8,9.6,14,0,1.0,480,14,6
7aD86TAvoXPBAkt7HxGsz3MG8UBdDUvcVeBLouVcpump,1783484855.774943,af6425a53f13ac8a3d481a4cdde82de593332bb9,BULLSEY,B,pumpswap,True,1,0.002438,123678.51,2438987.0,2438987.0,309500.01,2475650.68,2475650.68,5432,1196,-8.65,271.84624905192055,72.2,8632,2.0,0.0,0,0,1.0,47,2,0
7e8NVxuu2j4TyuAXN26mMj6KP1wGgVp7G7n3zy53pump,1783484855.774943,af6425a53f13ac8a3d481a4cdde82de593332bb9,AWC,B,pumpswap,True,2,0.000222,37115.0,222046.0,222046.0,299310.04,772899.69,772899.69,8359,4400,82.82,102.92958238525391,85.3,2332,2.4,0.0,0,0,1.0,107,13,0
5npesGsnVhcQbh6oVcsLtn5UKqdgYeipgDKsGaappump,1783525070.9213862,46390b9e317e18b7b28b2f9edc11feec2218932a,BULLWIF,B,pumpswap,True,5,9.953e-05,36374.22,99288.0,99288.0,2153.76,14654.37,28089.74,24,15,6.3,13800.465356437175,29.4,12754,38.8,5.9,9,0,1.0,347,9,17
7pncD23yVtmVRRa4fLFsi3pGotbUxrFvR13wTGNCpump,1783525070.9213862,46390b9e317e18b7b28b2f9edc11feec2218932a,GM🐂🀄️,B,pumpswap,True,1,0.0001763,32447.6,176384.0,176384.0,152096.54,878080.08,878080.08,2984,1921,-3.81,168.03202310384114,83.6,7312,2.0,0.0,0,0,1.0,156,5,0
ECHFvPRtUDDTg53V5k45pLk6E5zCunk5RYXrL1qopump,1783525070.9213862,46390b9e317e18b7b28b2f9edc11feec2218932a,okdog,B,pumpswap,True,1,0.0001451,29120.36,145154.0,145154.0,147345.69,624201.78,624201.78,4351,646,-36.29,160.69868977050783,92.5,2970,6.1,0.0,0,0,1.0,23,5,0
FY9yQSFokAyuKm33HBAUCYjvjmEbeXfDTpSiVZNUpump,1783525070.9213862,46390b9e317e18b7b28b2f9edc11feec2218932a,Binface ,B,pumpswap,True,4,0.0002249,35994.05,224921.0,224921.0,18146.11,71455.95,413143.38,168,120,64.51,1154.0486897705077,43.1,399,28.9,0.0,0,0,1.0,160,25,3
JCtKcjQY7hCjUA4gkFs238mVMZka1niBDYbbkMjpump,1783525070.9213862,46390b9e317e18b7b28b2f9edc11feec2218932a,ANSEMPAY,B,pumpswap,True,8,5.05e-05,16603.22,50506.0,50506.0,54620.38,54620.38,54620.38,926,666,60.46,14.582023103841145,27.9,186,22.7,0.0,0,0,1.0,93,31,1
9GqRUutMFyx8Q7kQsaoES5TLQkv7kKNUh5f15aDwpump,1783530800.9131336,38a0eab7992462fde3505fcfd08789ef7fe43e68,GME,B,pumpswap,True,8,3.14e-05,13061.4,31226.0,31226.0,27555.69,27555.69,27555.69,417,273,-1.45,7.215218892415365,20.0,83,31.0,0.0,0,0,29.0,124,28,3
CS2T1HQRPCXaYR5V3SNDb5ceERwZg1Nb5uuw6Dg5hpsn,1783530800.9131336,38a0eab7992462fde3505fcfd08789ef7fe43e68,$TWM$,B,raydium,True,5,8.607e-05,35651.5,86070.0,86070.0,3173.05,34948.05,34948.05,256,232,20.98,193.73188555908203,23.0,114,32.2,0.0,0,0,16.0,42,0,2
2RxbXoPz3bKgUhU42fyb2juxzqxxJ8r6ewqHQ1WyRz37,1783536636.8811502,632abd5c46c5455343c11a9703529c491a330ddf,小小,B,pumpswap,True,9,2.145e-05,10819.19,21453.0,21453.0,76335.1,76335.1,76335.1,1115,1029,-32.16,14.198019169108074,43.0,58,26.3,5.0,8,0,1.0,125,24,5
9aphy3k9HgPReHBCzBajqQmWSjT8yQrXrm3FzVhrpump,1783536636.8811502,632abd5c46c5455343c11a9703529c491a330ddf,beluga,B,pumpswap,True,5,5.739e-05,17965.57,57398.0,57398.0,108902.73,161495.53,161495.53,4807,571,-20.81,64.91468583577473,77.9,603,16.2,0.0,0,0,1.0,11,29,1
D5MS4fPQ3GsmLDXy5732ZaHQJrZ49hdALTyEtXh3mgGw,1783546441.725403,1c3ce96fcc99d12238c17967c9526943f71ddae0,HOOD,B,pumpswap,True,8,5.21e-05,16940.82,52105.0,52105.0,61128.16,104996.62,104996.62,856,627,204.0,85.54542338460287,43.8,232,27.2,1.3,4,0,1.0,84,9,3
ErM8VTSUfpvToPuRNf5mEJAvLc7oh7KqGLqrzj8bpump,1783546441.725403,1c3ce96fcc99d12238c17967c9526943f71ddae0,GOTCHA,B,pumpswap,True,8,0.0001455,28818.36,145544.0,145544.0,264399.09,346139.79,346139.79,807,656,-9.77,68.41209005126953,46.9,95,23.9,1.3,13,0,1.0,138,40,2
FsTkJ88ZLdWpmBLhCNK8v5znnncUBDMsZCGxmxu6pump,1783546441.725403,1c3ce96fcc99d12238c17967c9526943f71ddae0,MILTON,B,pumpswap,True,7,3.133e-05,13099.11,31334.0,31334.0,45899.77,45899.77,45899.77,695,710,-3.27,7.362090051269531,24.6,39,23.3,0.0,0,0,1.0,103,22,2
2Rh23w2hSrqjBUV7A5oyrPtBDnX8MniUmGi7FZw2pump,1783554811.0635178,06ef7ccd11816ba72ccf4f26c6ca52d2e6070f70,BULLSINO,B,pumpswap,True,4,5.464e-05,17455.48,54645.0,54645.0,22974.76,80620.38,80620.38,401,295,18.3,97.81772529703775,43.8,287,16.4,0.0,0,0,1.0,115,16,1
AAsY4U8LZPtJvCbxnXQquhsmEzjidgAw27tFNkHjpump,1783554811.0635178,06ef7ccd11816ba72ccf4f26c6ca52d2e6070f70,MEEP,B,pumpswap,True,7,2.888e-05,12654.18,28885.0,28885.0,95530.59,95530.59,95530.59,1549,1514,-6.06,30.751058630371094,52.0,59,22.0,0.0,0,0,1.0,122,47,3
DrCjaUaVCGSfFEu8i4Gje1CwogUF7nwKFV9Bov5Dpump,1783554811.0635178,06ef7ccd11816ba72ccf4f26c6ca52d2e6070f70,Bullcat,B,pumpswap,True,4,0.0001449,30229.98,144953.0,144953.0,120010.91,283093.8,717234.06,901,788,71.06,638.6010586303711,66.1,802,25.0,0.0,0,0,1.0,294,21,7
9YBcdwtDor6B4acqFLFX47PPkg6k729ZMDHRh3zEpump,1783570029.827361,2b459cb8e49e0a41955f3d38698fe815fb965f39,okwif,B,pumpswap,True,1,0.0004254,50369.93,425449.0,425449.0,172762.53,801961.37,801961.37,4447,1680,14.63,223.19712268473307,76.3,3761,4.1,0.0,0,0,1.0,18,5,0
31mMFCFe3V5tx319s5kNfnPrYCzc8SuxPofGcyfepump,1783583441.280578,1fdb3bd3d2a5f1d6e02dce21f9680911fb220278,EVERMEADOW,B,pumpswap,True,6,0.0003462,44122.03,346238.0,346238.0,156815.49,156815.49,156815.49,5202,2555,882.0,29.838009631347656,42.8,672,27.7,0.0,0,0,1.0,50,31,2
4TyZGqRLG3VcHTGMcLBoPUmqYitMVojXinAmkL8xpump,1783583441.280578,1fdb3bd3d2a5f1d6e02dce21f9680911fb220278,testicle,B,pumpswap,True,3,0.002404,338284.99,2404532.0,2404532.0,4984.08,20267.07,158130.61,14,14,2.55,287757.7213429647,7.5,20,25.9,0.0,0,0,1.0,1000,2,190
77x1fCskDLaiZmm2uZKEhARSCD2B86VaahTkK2Vfpump,1783583441.280578,1fdb3bd3d2a5f1d6e02dce21f9680911fb220278,NIGGABULL,B,pumpswap,True,3,0.0007515,71624.49,751529.0,751529.0,6771.79,50519.02,470953.76,162,135,-4.63,1654.1046762980143,40.2,2420,35.8,0.0,0,0,1.0,512,23,4
G6cHLEwYHyZJXBhKpSWMU6RUtcq9HM9UTn2cTEdKpump,1783583441.280578,1fdb3bd3d2a5f1d6e02dce21f9680911fb220278,ARROW,B,pumpswap,True,2,0.0006141,60244.57,614168.0,614168.0,152759.36,661412.59,661412.59,1284,1370,65.32,234.70467629801433,55.4,1908,14.3,0.0,0,0,1.0,42,12,6
HHmh4bSYBXsPQiSQ6mdRqWLvSowPY5s4rNCaL8mspump,1783583441.280578,1fdb3bd3d2a5f1d6e02dce21f9680911fb220278,TOLYHOOD,B,pumpswap,True,4,0.000367,47457.5,367078.0,367078.0,955009.66,955009.66,955009.66,8234,4433,567.0,46.90467629801432,76.9,885,6.1,0.0,0,0,1.0,85,6,1
NV2RYH954cTJ3ckFUpvfqaQXU4ARqqDH3562nFSpump,1783583441.280578,1fdb3bd3d2a5f1d6e02dce21f9680911fb220278,Punch,B,pumpswap,True,3,0.0008257,196083.24,825648.0,825648.0,2092.93,9536.59,67296.89,20,10,-0.26,221689.604676298,13.5,20,27.9,0.0,0,0,1.0,1000,40,301
8SJ9UmV7vH7b2h9ZUf24hZJyCJLyqK4rw8cPyS8xpump,1783593716.0227187,98dc0a8ac6c0bc361b4694e55a75b707e586926b,.sol,B,pumpswap,True,4,0.0001121,25205.9,112125.0,112125.0,178062.63,178062.63,178062.63,1851,1800,254.0,8.1170453125,35.2,0,0.0,0.0,0,1,50.0,272,32,5
ArEvdUzDBrxd6WZZZyV7zMemwij65M6JfAFF9PuPpump,1783593716.0227187,98dc0a8ac6c0bc361b4694e55a75b707e586926b,bro,B,pumpswap,True,4,6.341e-05,18727.87,63419.0,63419.0,37882.48,37882.48,37882.48,204,200,76.61,5.283711979166666,23.8,0,0.0,0.0,0,0,50.0,12,24,0
9QNz5x4wmUWgpaF2zx7UtLvzvgyDzzVznpdJ85cNayZC,1783604361.2222955,177fdf0104898750e91410c1cb3698eff528d7dd,Dab67,B,pumpswap,True,7,0.0002407,38422.28,240754.0,240754.0,744505.55,744505.55,744505.55,7032,7175,666.0,45.52037159016927,64.4,377,0.0,2.0,4,0,16.0,609,34,10
G2L8j6Vr2xziHCh9dhhV9J72SMpirtNYZXGV1s68pump,1783604361.2222955,177fdf0104898750e91410c1cb3698eff528d7dd,BIH,B,pumpswap,True,5,0.0001642,30610.66,164228.0,164228.0,289693.34,289693.34,289693.34,4829,1554,136.0,21.487038256835937,63.6,426,0.0,0.0,0,0,1.0,74,7,0
2aQKC1xiKpEyAWvzSDrULnYLVuybWyx7qrsnpP8hpump,1783613865.456095,60949774b3ad7e050e658238ee83147d0f89ae72,Udin,B,pumpswap,True,3,0.0001373,31927.14,137331.0,137331.0,13609.04,51836.9,89797.98,91,91,-16.04,13595.540934916178,33.8,1243,24.7,0.0,0,0,1.0,210,13,17
9zvFpDR7u3NFnCZUkZzxJNuFSF2gnHC4xJ1bMdZ5pump,1783613865.456095,60949774b3ad7e050e658238ee83147d0f89ae72,Bullchuriki,B,pumpswap,True,3,0.0006657,64874.44,665774.0,665774.0,946047.42,1756916.89,1756916.89,6808,4577,43.44,89.02426824951172,79.1,1230,3.3,0.0,0,0,1.0,58,0,0
AiqxyM1VCBkNqsW6MigJb8CaSUj7TjQPv9sUZWTkpump,1783613865.456095,60949774b3ad7e050e658238ee83147d0f89ae72,AuraAnsem,B,pumpswap,True,4,6.319e-05,19428.14,63195.0,63195.0,509052.8,509052.8,509052.8,11503,2971,-6.61,59.54093491617839,91.8,1159,0.0,0.0,0,0,1.0,104,7,1
DxFBL4ugvbnkb1uQZsNCZcmo3LKH1ymm7tsPDpLbBKjE,1783613865.456095,60949774b3ad7e050e658238ee83147d0f89ae72,Always,B,pumpswap,True,3,5.079e-05,23143.19,50718.0,50718.0,1480.25,11025.72,134575.76,471,363,6.92,643587.2576015828,58.6,1967,18.7,0.0,0,0,1.0,167,0,27
HcFUgXHEJWjZfDFvyFXDfVRkq5VTzJCfXNpJtcQ3pump,1783620833.37192,4ca6fb2c3faa1537269f4770ae0c6a745760ccfb,ANIF,A,pumpswap,True,0,0.0007011,66031.46,701141.0,701141.0,151649.7,1530919.17,1548500.11,4881,663,-3.63,938.0728653361002,84.7,1990,1.6,0.0,0,0,1.0,56,2,2
76djbEspuQ75GnySUZXae93xpi4x3rrE31ALdC6Lpump,1783633843.1912048,d80de9cbf7de9d6dc6c16291ab045d1895f6a1ac,ROBINHOOD,B,pumpswap,True,5,0.0001025,23880.13,102589.0,102589.0,75196.12,75196.12,75196.12,2322,1601,169.0,37.26985341389974,35.5,40,14.8,0.0,0,0,1.0,20,16,0
9Hoc6LmvUvEMUvNwp8qY8xv6uUSXz6ZupJkWQdeUpump,1783633843.1912048,d80de9cbf7de9d6dc6c16291ab045d1895f6a1ac,SPINY,B,pumpswap,True,6,0.0001189,25787.1,118989.0,118989.0,109561.99,109561.99,109561.99,881,946,266.0,50.48652008056641,31.6,16,20.3,0.0,0,0,1.0,92,41,5
Bi7X9vxqGozZoXvgyJ2y9tzdKQ1QVpt5LjYF8PoFpump,1783633843.1912048,d80de9cbf7de9d6dc6c16291ab045d1895f6a1ac,ICM,B,pumpswap,True,8,4.258e-05,15445.83,42579.0,42579.0,85044.47,85044.47,85044.47,1199,883,31.38,13.803186747233072,36.9,134,21.4,0.0,0,0,1.0,125,21,2
HCkhfdDNF2dqMxxtL51AzgWU26MBNkUkEzGAHtqkpump,1783633843.1912048,d80de9cbf7de9d6dc6c16291ab045d1895f6a1ac,BatCat,B,pumpswap,True,5,4.775e-05,16326.11,47760.0,47760.0,4750.55,84107.58,84107.58,62,63,3.5,323.8365200805664,54.2,9516,35.7,0.0,0,0,1.0,85,31,2
GmomouzGr7a1Y7yp8RxM6a29iZFE1B5RrfPQdRggpump,1783637965.0525239,e658a6a3b00312fffa75b6e5615258e71e226e33,cod,B,pumpswap,True,7,2.018e-05,10546.71,20185.0,20185.0,66550.05,66550.05,66550.05,1610,850,-35.82,12.05087539876302,49.2,42,21.3,0.0,0,0,1.0,153,23,1
HSKS5CAuEJpFZYinAVmR35H765wv4nyuhsAd48Tpump,1783637965.0525239,e658a6a3b00312fffa75b6e5615258e71e226e33,AUGUSTUS,B,pumpswap,True,6,4.509e-05,15896.22,45098.0,45098.0,5104.1,82335.04,82335.04,470,76,-25.33,280.4675420654297,54.3,163,22.4,0.0,0,0,1.0,45,22,1
BqkHUTJA5uBVUsFSQcGHgwjExHEWBekexXHt7FPtpump,1783642501.8511817,61727cae5733afa3a59d6bb45d5a5d7cfdcce007,SOLCASH,B,pumpswap,True,4,0.000171,32162.74,171071.0,171071.0,442022.97,728256.46,728256.46,9028,4675,22.14,80.13085302734375,79.3,766,3.3,0.0,0,0,1.0,54,15,1
BtUiqGdsW3H47yvtyKSLhQfzVpwov3wyYY6qssU9pump,1783657670.9316947,154aff05ee91cb0f0f33281437c8ffb0e4dd21d7,reptilecoin,B,pumpswap,True,4,0.000423,51166.62,423033.0,423033.0,354405.07,826426.46,826426.46,3401,2463,52.48,158.71552824707032,60.6,739,14.9,0.0,0,0,1.0,206,19,6
HbugFhaL4ijduGiHcY4uT6CNgX58Qac9djsAFo7Dpump,1783657670.9316947,154aff05ee91cb0f0f33281437c8ffb0e4dd21d7,PTROLL,B,pumpswap,True,4,3.602e-05,15262.54,35644.0,35644.0,5929.21,12682.45,49524.16,835,354,-0.97,73221.51552824707,46.2,41929,32.8,0.0,0,0,1.0,280,10,9
FtxMtQmupaXuMX14EA8esBp13qWF4xfgij2BG6U3pump,1783682124.841893,1e272e3bffa8c42805c7800058b71107725dcdcd,Jamey,B,pumpswap,True,5,0.0001516,30484.13,151678.0,151678.0,108900.36,561792.23,561792.23,1288,944,20.22,178.73069821777344,70.9,726,14.2,4.9,8,0,1.0,304,12,2
9y6hXFBFN1fJGfAAYgkXVVfQATG1mEJsmTrCXcT6pump,1783689692.802137,db81a62582a5d27fcbb5f8bbd27b2472106cae03,Silk,B,pumpswap,True,4,0.0001448,29505.25,144826.0,144826.0,29406.71,332154.14,362847.26,281,308,-1.18,3119.2967022827147,50.8,742,22.5,0.0,0,0,1.0,138,14,1
BmSjM7C7VRhznMMVzXidgyuE5ehvTHbRr1uGe2xFpump,1783689692.802137,db81a62582a5d27fcbb5f8bbd27b2472106cae03,mogdog,B,pumpswap,True,6,3.697e-05,14659.79,36973.0,36973.0,236065.58,236065.58,236065.58,3292,2550,15.61,36.946702282714845,55.4,86,19.1,0.0,0,0,1.0,278,17,4
Db3FyrbovdsJWXaCBvE24P31uheKQH58cfpqWsXcpump,1783689692.802137,db81a62582a5d27fcbb5f8bbd27b2472106cae03,PROPHECY,B,pumpswap,True,2,7.663e-05,21051.21,76637.0,76637.0,36995.59,202861.01,202861.01,592,428,-0.94,117.31336894938151,74.6,1571,13.6,0.0,0,0,1.0,16,34,1
USZCppow9iT4f8kPF9d9Ww2BMriiwgfKtAh1F4Kpump,1783689692.802137,db81a62582a5d27fcbb5f8bbd27b2472106cae03,1000,B,pumpswap,True,7,6.446e-05,19449.97,64468.0,64468.0,138262.95,282259.94,282259.94,1805,1396,-0.74,97.49670228271485,58.1,239,14.6,8.4,9,0,1.0,240,15,10
Ct2VDLuBanTr6jo8jHXQtZqncwxtN31aovHC1yDepump,1783698166.2871938,ab14f86e4dbd150db2a5992f8f86ef5b67103c5a,mogcat,B,pumpswap,True,4,0.0001647,30863.77,164783.0,164783.0,362182.81,362182.81,362182.81,6169,2247,137.0,29.67145323079427,60.0,137,3.4,0.0,0,0,1.0,35,11,0
DAf8sUut8ViuvqkjNoLGTiWwsLrXsYzrkmhQpN9Vpump,1783698166.2871938,ab14f86e4dbd150db2a5992f8f86ef5b67103c5a,STUCK,B,pumpswap,True,6,5.722e-05,18237.28,57230.0,57230.0,271727.39,271727.39,271727.39,8400,2075,78.33,32.588119897460935,66.6,97,14.6,0.0,0,0,1.0,189,16,0
DXBfgTuGuYxpWM69NQ1eJjDseQnRUSt6esVnc7eXpump,1783698166.2871938,ab14f86e4dbd150db2a5992f8f86ef5b67103c5a,mogcat,B,pumpswap,True,6,9.415e-05,23138.45,94156.0,94156.0,174811.74,174811.74,174811.74,3036,2282,190.0,28.13811989746094,44.6,66,18.1,0.0,0,0,1.0,170,30,0
4Y8KxA9oMURfSv9bSnYESDMsrJfUKB9H7bdCkGYWpump,1783704661.246533,ed6de3865e6923ddf6e3a34b03129c97369b72d6,ggcoin,B,pumpswap,True,5,2.583e-05,11932.73,25836.0,25836.0,7977.59,89212.62,89212.62,173,140,63.61,293.9874422159831,52.6,219,26.7,0.0,0,0,1.0,92,15,1
CLmUnekzkn37Zvut6S7VP5c76MmymLuG8cTUWpzHpump,1783710428.8860962,047b6bf21151008040db280052f760bd7e3b9ba3,solwin,B,pumpswap,True,6,7.649e-05,20530.35,76484.0,76484.0,11582.83,46202.44,46202.44,155,160,10.99,130.11476826985677,28.5,168,20.1,2.0,7,0,1.0,48,11,0
6RhD69zL61vW8cqsa1iMentAmb3bQynh9Wf5LmK5pump,1783716063.4820795,1392a801549a9af23313a9cf034c4458b7e655a3,MOGTROLL,B,pumpswap,True,5,9.652e-05,24155.35,96525.0,96525.0,697957.39,697957.39,697957.39,6999,3294,55.52,44.34136799316406,66.2,18,2.6,0.0,0,0,1.0,62,2,0
EWxEchHjnza3Q3BdQ8AfrvgrmsF1H8kn3gkXo1W9pump,1783716063.4820795,1392a801549a9af23313a9cf034c4458b7e655a3,CAT,B,pumpswap,True,5,2.455e-05,11731.24,24556.0,24556.0,2901.19,87458.13,238627.09,53,39,21.79,817.2580346598307,53.6,296,27.6,0.0,0,0,1.0,108,10,2
HVK9N6tuuRNrAP2PjuZgnphpaqNhfEdVoMm2kGEHpump,1783716063.4820795,1392a801549a9af23313a9cf034c4458b7e655a3,FKB,B,pumpswap,True,6,2.285e-05,11200.89,22851.0,22851.0,21791.97,43002.62,43002.62,374,280,-7.58,73.50803465983073,44.9,32,18.1,0.0,0,0,1.0,54,28,0
AejbCpYysBiMAvLgwN6bjPYfELPEosYv7HYjXe94pump,1783726944.7980835,f3af9755bb71ff0ba3d928c279facdcab75a9856,larry,B,pumpswap,True,6,2.703e-05,12582.23,27036.0,27036.0,298657.74,298657.74,298657.74,4228,3665,-14.35,40.22996805826823,54.6,37,18.2,0.0,0,0,1.0,205,23,4
BgkqjKuiNvS7UrqxzffCVYAuiFm8PfBRC2rmLv9Epump,1783744329.6745577,1df983836dd818e9472b3cb0af3c0c440467616e,lolbitcoin,B,pumpswap,True,6,2.149e-05,10858.31,21491.0,21491.0,8649.8,69841.41,69841.41,216,134,-1.25,278.8112426269531,53.9,101,28.6,0.0,0,0,1.0,78,13,1
6hKk9ymYMejWURC1GhKj66Rwcn6VNnHHe1E3JgE4pump,1783751954.31054,5b0ab6cbb71fce686e278abf0f5618b723adcd8e,GHOSTI,B,pumpswap,True,3,0.0001916,35456.85,191692.0,191692.0,1766475.27,2058435.95,2058435.95,13301,8990,20.48,97.08850900065104,78.1,1656,15.4,0.0,0,0,1.0,1000,38,12
CzKMUSKADdHuyjmWsedeUQLCcTRFBbEVg4qvxwd9pump,1783751954.31054,5b0ab6cbb71fce686e278abf0f5618b723adcd8e,ANSEMINU,B,pumpswap,True,5,6.012e-05,18339.92,60122.0,60122.0,77079.02,77079.02,77079.02,1578,730,83.44,11.021842333984376,49.8,783,14.6,0.0,0,0,1.0,110,13,0
EQ6qQsweDhsdYqbYMv4J2dTZwEMvnETQH9rQHr9fpump,1783751954.31054,5b0ab6cbb71fce686e278abf0f5618b723adcd8e,CASHCOIN,B,pumpswap,True,3,0.0001776,32146.55,177603.0,177603.0,422202.83,422202.83,422202.83,7431,3021,155.0,39.53850900065104,81.2,2664,2.8,0.0,0,0,1.0,41,9,0
7RJiGtMVxih75Z4EKY9NdyhRmDPBChzuEfQatZ4Spump,1783764232.1338782,73e195f69b17c773be1a83a2846cb0836d80a57a,blackfebu,B,pumpswap,True,9,0.0002568,38553.72,256886.0,256886.0,385556.19,385556.19,385556.19,4070,3183,691.0,49.0188979695638,58.3,990,23.6,3.1,6,0,1.0,166,24,5
FkJrB7LPuvDbwoWxfcqXEXyvtjXYFims4CNiQecmpump,1783764232.1338782,73e195f69b17c773be1a83a2846cb0836d80a57a,debt,B,pumpswap,True,9,4.525e-05,16425.07,45257.0,45257.0,333339.94,436081.69,436081.69,6223,3871,-7.33,71.0688979695638,71.9,806,21.0,4.7,11,0,1.0,267,27,7
AFNjXHtaZ9DYRWWAnvJQYx6NexJyD7uyw3YgqWAspump,1783771708.5728903,ac1bce27b774f840ebf1fb2030caf8a20e307e4f,$PHF,B,pumpswap,True,5,3.237e-05,13446.86,32375.0,32375.0,4204.31,10721.19,82774.15,93,42,24.27,1408.476214839681,56.2,605,35.8,5.4,5,1,1.0,42,14,0
DUYw2p3NC6zDdsSrazV4JdDFKtRk2K4mw764EWs2pump,1783778270.7610312,903c13080cacdb695a4915297537428caab8b1e9,Hoppy,B,pumpswap,True,6,0.0001034,24101.12,103448.0,103448.0,112251.57,112251.57,112251.57,1713,1185,218.0,59.129350520833334,39.3,389,26.4,0.0,0,0,1.0,46,14,2
HyrcSV3oQkS763vWNdqP5vhDcfvnesCFqqe37nXpump,1783778270.7610312,903c13080cacdb695a4915297537428caab8b1e9,CASHDOG,B,pumpswap,True,3,0.0001252,27085.33,125290.0,125290.0,434822.8,434822.8,434822.8,7925,3078,79.77,41.6960171875,87.5,2504,3.6,0.0,0,0,1.0,35,14,0
7NTs9FPw7tP2Bfjcn8eAJZUr4ApG8n9ZbXkT7Adwpump,1783786379.2608607,70a5e43abb9e5af74a91beac593a32c140e34fe5,LIZARD,B,pumpswap,True,4,8.673e-05,23872.96,86734.0,86734.0,40101.98,1051810.5,1195145.9,578,485,23.22,411.1543476765951,75.3,1178,16.7,9.6,14,0,1.0,268,17,14
5JjFreTGbXDgTEC2DJzr12PLJDYpczJXKvFZEfbdpump,1783790750.182517,d41bb0e6aed9ced41086fd80af4240ec71068dc9,BONT,B,pumpswap,True,6,0.000139,29435.51,139088.0,139088.0,689380.51,689380.51,689380.51,3497,2925,333.0,48.669708618164066,63.9,508,14.9,0.0,0,0,1.0,227,23,3
5xaiHuB35juMsQzWaWaPLTc6eQsLRcDzg3gFzPJKpump,1783790750.182517,d41bb0e6aed9ced41086fd80af4240ec71068dc9,Brisket,B,pumpswap,True,5,0.0001287,27662.1,128731.0,128731.0,473866.72,473866.72,473866.72,9616,2876,294.0,42.76970861816406,83.4,923,14.6,0.0,0,0,1.0,265,14,1
AcBFpes1zvKPmsPTSMXaZWiEFpWZ5KZ7SmnbZbgepump,1783790750.182517,d41bb0e6aed9ced41086fd80af4240ec71068dc9,67febu,B,pumpswap,True,4,0.0002637,41700.93,263709.0,263709.0,809058.35,1295895.52,1295895.52,4548,2978,103.0,89.71970861816406,78.7,1034,14.6,0.0,0,0,1.0,317,36,2
Bu3hbyUd9qgDWv4vrrKDk3mWR8LDcs7tiZrmjRrzpump,1783790750.182517,d41bb0e6aed9ced41086fd80af4240ec71068dc9,bebu,B,pumpswap,True,3,0.0002906,41387.47,290672.0,290672.0,537206.55,537206.55,537206.55,9912,4104,317.0,55.2030419514974,75.3,2123,4.0,0.0,0,0,1.0,96,14,0
CizcDa22HJjXybKLriibqP167GcJjqiDHDPtuiMmpump,1783794605.4611638,71cce50c4ee2b488a3ed8853faa1a03fa66dc29e,ok,B,pumpswap,True,4,0.0004133,65913.22,413305.0,413305.0,38636.24,115760.02,677303.91,476,318,-13.78,12589.50768606364,48.0,4331,23.7,5.1,5,0,1.0,1000,15,53
5VMbcRosto1RT6GZHRucUZEM26XEoTYcmoSbNhq3pump,1783799207.4638817,d568cca50326cfab72cf76b3d2ae88ac951bb4ca,FrogCat,B,pumpswap,True,5,7.586e-05,20697.19,75864.0,75864.0,137683.12,137683.12,137683.12,610,555,121.0,30.241064697265625,42.4,212,18.5,0.0,0,0,1.0,25,26,1
CLGkHAUpMFBDZjzcLPnrA5BwtXF2sCUkxpCzB7Ze42n9,1783799207.4638817,d568cca50326cfab72cf76b3d2ae88ac951bb4ca,CRAT,B,pumpswap,True,4,0.0001255,28409.89,125117.0,125117.0,97120.14,203786.35,203786.35,1874,1005,19.09,193.82439803059896,63.5,2189,23.5,0.0,0,0,1.0,201,10,6
HyJMDmVe681UwdAzKXVkRookSWkkQZqvC8jR3hu5pump,1783799207.4638817,d568cca50326cfab72cf76b3d2ae88ac951bb4ca,GITAGENT,B,pumpswap,True,7,5.038e-05,16996.49,50387.0,50387.0,192616.75,192616.75,192616.75,2072,2826,56.62,40.90773136393229,56.2,336,19.1,0.0,0,0,1.0,142,32,1
87eGzAd8HBwRwVZnk8meqo5kDEMB5B9SQ54v5VMupump,1783805255.6886463,986966797355ff1d66578544db420060ffe14801,STABLECAT,B,pumpswap,True,3,0.00016,29846.33,160017.0,160017.0,76958.11,76958.11,76958.11,4266,695,317.0,35.61147743733724,62.0,2152,19.1,0.0,0,0,1.0,12,22,0
EmJamPBbvAH931LffK1rAA2HkC45ndZJMAbdKFospump,1783805255.6886463,986966797355ff1d66578544db420060ffe14801,NC,B,pumpswap,True,8,3.781e-05,14462.29,37817.0,37817.0,104335.59,104335.59,104335.59,2337,1550,17.51,27.76147743733724,56.5,309,20.9,0.0,0,0,1.0,211,32,2
CJQVRnKixM3y28ahW8x1CutWPbU6FZWFqyrJEg8Bpump,1783818558.8293233,e8f9076bc2cdedc014af3f5edb703b8fd75b2bc9,HALLWAY,B,pumpswap,True,7,3.78e-05,14264.56,37726.0,37726.0,24474.96,24474.96,24474.96,429,336,22.56,4.047155387369791,19.7,259,20.6,0.0,0,0,1.0,187,27,2
GW8MTtecmzZbE56YRLF1nNcAwhd83aoksUmnEe2Qpump,1783818558.8293233,e8f9076bc2cdedc014af3f5edb703b8fd75b2bc9,McGwegor,B,pumpswap,True,6,0.0001195,25843.18,118221.0,118221.0,220531.88,267377.77,267377.77,3672,2561,685.0,74.0971553873698,62.8,707,16.2,0.0,0,0,1.0,232,30,6
gsoZaYPVioFi9GRaehCnvNqUSNWYNZNVKT9oyoJpump,1783818558.8293233,e8f9076bc2cdedc014af3f5edb703b8fd75b2bc9,HOME,B,pumpswap,True,9,6.731e-05,19267.83,67314.0,67314.0,135066.61,135066.61,135066.61,1873,1712,121.0,15.197155387369792,49.9,454,19.8,2.5,18,0,29.0,280,16,4
DpqGBmkc6SrY2vA1Yb5KuH571WW1oQJjJdD3d2kupump,1783853304.62889,37f0ff8e734dd1abab3f09d7db00ba3b1705dbb0,PumpfunLife,B,pumpswap,True,7,0.0001565,29666.6,156435.0,156435.0,204648.47,275289.23,275289.23,2612,1929,358.0,115.56048150227865,61.5,963,21.9,0.3,5,0,1.0,252,20,5
CTdVAK1wZ5wgJiMqm41CGF323QTr1ZwAtnJ3MwKDpump,1783856823.0068853,8cfe686e3f26861f5e342535ee4ca48e7695fbbc,memecat,B,pumpswap,True,2,3.054e-05,14148.89,30544.0,30544.0,21644.39,456703.74,1133306.04,395,427,-40.3,436.3834480875651,73.0,1311,18.0,0.0,0,0,1.0,443,47,11
DpCJrRb69shT2srV3YnFScKe1C8EUXfhP9nU6L9Xpump,1783860124.9634027,23438cd652a5fca84485dcb0ec1a7ed68d92d5c1,SOLLIFE,B,pumpswap,True,4,0.0001081,24816.27,108180.0,108180.0,316955.32,316955.32,316955.32,5777,1873,57.26,25.66605671386719,88.1,1400,3.9,0.0,0,0,1.0,53,5,0
nQ9QrugSTsiFPn61qo8bGqwrweYjnkuwq8dNH7ipump,1783870137.280825,301a0858d844757f5b6b2bbd39b0ac0d7ec8b240,PUMPTHING,B,pumpswap,True,4,0.0001176,25967.59,117644.0,117644.0,326010.25,326010.25,326010.25,6014,2058,69.89,29.488013749186198,78.9,712,3.8,0.0,0,0,1.0,41,8,0
6wtZueu89AGwQkGUki3HcerjCDFxLA9PyVUBWQbMpump,1783886163.9205482,c6bb27115313e002e9405d4eb541b4dace803dab,CASHPIGGY,B,pumpswap,True,6,3.737e-05,14445.24,37374.0,37374.0,88020.86,88020.86,88020.86,4627,3330,17.34,9.348675801595052,40.5,35,15.9,0.0,0,0,1.0,222,31,7
7j6X8M1NGydeQAVwtH2VpJ75iAYw7PTmZFhnBLDPpump,1783886163.9205482,c6bb27115313e002e9405d4eb541b4dace803dab,CATSEM,B,pumpswap,True,3,0.0001862,33214.09,186270.0,186270.0,559578.36,608193.24,608193.24,10025,4823,30.09,63.682009134928386,85.9,1564,2.9,0.0,0,0,1.0,38,2,0
GwZvGvVzjWTL1mvpw55KQWztTQvWo3B6ew16N2aspump,1783901092.3895533,ac50defe43efb2238876b2e7ee1a4257588e7158,Bison,B,pumpswap,True,2,0.0004347,54064.4,434781.0,434781.0,347733.85,1449756.52,1449756.52,2758,2151,237.0,240.40649255371093,75.9,1425,17.4,0.0,0,0,1.0,596,10,17
3DHuqH3yb7HAxBTebcMfjT1fMHbfNUAGB7TGYBQkpump,1783927920.9829576,97f135bfc83a43056c7efb27a6abe2f049792236,MEGABISON,B,pumpswap,True,2,0.0001563,29782.14,156389.0,156389.0,366425.74,366425.74,366425.74,6421,2578,130.0,32.11638262532552,81.0,3014,2.7,0.0,0,0,1.0,26,2,0
5whR534GcEEmrVPedDPZgWLXKQX3shhHMcdZ1FXCAMzi,1783927920.9829576,97f135bfc83a43056c7efb27a6abe2f049792236,bcat,B,pumpswap,True,4,0.0004805,65034.38,478558.0,478558.0,36710.02,1259246.34,1287742.3,323,315,-16.01,8629.599715958659,55.3,2178,22.3,4.4,4,0,1.0,738,14,38
2bNi6wZ8uAPdNoGkJZ1cn1FGuvGABBXdtyLjvp2Mpump,1783939231.4222093,18fae3bebf442aacb3cc8f9a3bf75257fc986a73,Shikoku ,B,pumpswap,True,6,9.861e-05,23226.82,98618.0,98618.0,32344.17,76347.8,110246.33,462,337,55.71,753.9570368204753,51.9,931,24.9,0.3,6,0,1.0,79,22,1
7WeP1TmMJqhod7NLYWrNQHfUzMzhxegxuF2j7qdapump,1783939231.4222093,18fae3bebf442aacb3cc8f9a3bf75257fc986a73,BULLUNC,B,pumpswap,True,4,7.68e-05,20718.14,76804.0,76804.0,29457.94,182923.01,182923.01,617,450,10.59,115.5403701538086,71.7,4472,14.0,0.1,6,0,1.0,11,16,5
9Gv4i5YikU2rV6L9zA3XEXsmjiYqwpnUsLsvADWJpump,1783939231.4222093,18fae3bebf442aacb3cc8f9a3bf75257fc986a73,Diarrhea,B,pumpswap,True,4,0.0002532,38817.45,253117.0,253117.0,42998.72,577570.47,577667.51,286,281,49.22,17574.707036820477,45.6,752,20.6,0.0,0,0,1.0,286,8,15
E6u1oEuWWhuexdeVztV7GkQwhDb4yCLKuaUstA88pump,1783939231.4222093,18fae3bebf442aacb3cc8f9a3bf75257fc986a73,ACAT,B,pumpswap,True,5,7.755e-05,29577.69,77555.0,77555.0,410.75,18755.43,44459.96,5,7,-2.36,39736.19037015381,22.0,604,27.4,2.9,4,0,1.0,120,6,13
2vvw3cSwibzGD6SgW9QzRaBdmjkYrvs218DUy6VWpump,1783948141.0077858,21d0f89c266fa4d21b29e1441432b88d157c9b18,SUNUSI,B,pumpswap,True,4,6.279e-05,21772.28,62776.0,62776.0,267282.7,587386.31,682340.75,5195,4230,-83.29,9905.416796431478,42.4,20,16.4,0.0,0,0,1.0,392,17,8
9TH4WrNrmcE4UVfRuyY4ntN7n7eXHBshss9Wm5Cepump,1783948141.0077858,21d0f89c266fa4d21b29e1441432b88d157c9b18,ANUKONG,B,pumpswap,True,4,0.0002445,37245.93,244510.0,244510.0,433965.48,433965.48,433965.48,7882,3249,260.0,42.63346309814453,55.1,20,2.6,0.0,0,0,1.0,42,18,0
A7eGqQDmjouCrgD68BYV9zS9kd2KfSSdZbYRF8D5pump,1783948141.0077858,21d0f89c266fa4d21b29e1441432b88d157c9b18,BELIEVE,B,pumpswap,True,8,6.349e-05,18512.28,62622.0,62622.0,55162.51,55162.51,55162.51,878,645,114.0,22.616796431477866,35.1,404,31.7,0.0,0,0,1.0,184,20,3
BKT3hEUizCg2FKwZ9NrEEUKtEQGyQfyxYcUkkfkepump,1783948141.0077858,21d0f89c266fa4d21b29e1441432b88d157c9b18,SOLRAT,B,pumpswap,True,4,9.302e-05,22718.17,93025.0,93025.0,237470.79,237470.79,237470.79,4151,921,45.24,25.08346309814453,87.1,1152,3.2,0.0,0,0,1.0,34,19,0
3htc6kXDoWX96ARLfArJbHmwX8ynYCaWGB3PdE9bpump,1783958476.4940856,45cc9719bd3019300148e4f64be7c712faf442a5,Bulltard,B,pumpswap,True,5,0.000172,32485.79,172011.0,172011.0,740510.86,783767.85,783767.85,4409,3362,296.0,62.59156809082031,62.4,406,14.6,0.0,0,0,1.0,199,35,8
4CXB7fET9wYsRRhxBYPFjNDA3jijBHVoL7EizanYpump,1783958476.4940856,45cc9719bd3019300148e4f64be7c712faf442a5,BULLARC,B,pumpswap,True,5,0.000122,26184.22,122078.0,122078.0,259000.39,259000.39,259000.39,1254,856,251.0,21.724901424153646,51.0,112,10.8,0.0,0,0,1.0,62,19,1
Gsv34W1qcLHMXJRCPDHZYxKUizMozV7An84HuH7Hpump,1783958476.4940856,45cc9719bd3019300148e4f64be7c712faf442a5,P250,B,pumpswap,True,6,9.674e-05,22998.86,96744.0,96744.0,124250.99,124250.99,124250.99,823,692,205.0,58.391568090820314,38.1,233,19.5,0.0,0,0,1.0,29,41,0
J6Zh9N6AKkFySTpQD3wMbpoetPpwohvuq5YgVWKvpump,1783958476.4940856,45cc9719bd3019300148e4f64be7c712faf442a5,sigmew,B,pumpswap,True,6,1.469e-05,12328.74,14649.0,14649.0,3273.66,25517.08,26111.4,55,44,10.58,566268.0915680908,27.9,20,23.0,0.0,0,1,1.0,420,6,7
TumVMtYHHMydVdJV5qFoy5bwXU3QFMuLUzF89KPpump,1783958476.4940856,45cc9719bd3019300148e4f64be7c712faf442a5,nostalgia,A,pumpswap,True,0,0.0004401,53303.69,440108.0,440108.0,366869.56,913878.05,1459713.29,2467,2303,71.97,787.2249014241537,76.6,2554,7.0,0.0,0,0,1.0,135,15,0
8bJ2VHrshzcSsFrdQy1JRWMmyzRXSqv6JBNTo872pump,1783965781.838128,24670961a4099b11042b0326ab5003319cabe714,febukong,B,pumpswap,True,5,0.0001904,32435.86,190494.0,190494.0,330921.42,330921.42,330921.42,5954,2254,183.0,30.7806354695638,69.9,795,3.6,0.0,0,0,1.0,87,14,0
9oDndFiC7RW42vZcmSzacTKMWE9kgeqnzwXDGLSkpump,1783985885.598573,1d28dcd219e13a0be71c3c8dd44a876827762118,brain,B,pumpswap,True,6,0.0003705,45636.07,370520.0,370520.0,554451.97,554451.97,554451.97,4828,4555,1093.0,16.859976216634113,56.4,934,19.9,0.0,0,0,1.0,766,25,18
8X1N2HmiP11UXidmyRNHLoBGjAhXU4rk5GnrVYGYpump,1783991137.9319491,cb9c8c13a68a5e6f1174aeee73dce20dc964f78b,BlackBear,B,pumpswap,True,4,0.0001577,29517.5,157712.0,157712.0,20381.02,243485.3,243485.3,143,162,90.62,289.2321991536458,35.9,387,38.0,0.0,0,0,1.0,96,27,8
CLrsRz21tZtHe7hkt34d8zC9t6gwLziw9SdMM6o1pump,1784002432.5481284,6058b13c4ae786c1a58102fe9f0330930735cf20,Cardtopia,B,pumpswap,True,4,0.0002048,33863.68,204826.0,204826.0,460187.39,460187.39,460187.39,9448,6194,506.0,55.07580214029948,72.1,2246,11.9,0.0,0,0,1.0,387,37,9
3UXSLKVxF5L6AaugmUhkRBoKETtThQwj6bD6qYkbpump,1784010577.6468673,22ad305238dccae6b166c4bf9553a24cc7be3ca4,NYX,B,pumpswap,True,1,0.0004191,49838.81,419154.0,419154.0,132194.99,1220710.88,1220710.88,1163,758,-7.99,205.16078111979166,82.6,3454,2.0,0.0,0,0,1.0,43,6,1
F4GpAFr6vrxU3Y887F3XWkXRgybCVjZNk63m72f6pump,1784010577.6468673,22ad305238dccae6b166c4bf9553a24cc7be3ca4,TrumpCoin,B,pumpswap,True,4,0.001102,115445.45,1102277.0,1102277.0,3979917.22,4066832.96,4066832.96,26308,19945,2775.0,62.87744778645833,78.3,2438,12.0,0.0,0,0,1.0,1000,15,18
GQpHYdhc7dV5LH64LPEgKuDLHQf4sohMfTpnyN76pump,1784010577.6468673,22ad305238dccae6b166c4bf9553a24cc7be3ca4,Chonke,B,pumpswap,True,5,4.457e-05,15550.71,44579.0,44579.0,27926.76,121574.55,121574.55,449,368,36.69,94.06078111979167,51.2,331,30.1,0.0,0,0,1.0,68,25,1
iru6kpmqRhSCqbzRNzCAap334py2BCSMXx1QD9Zpump,1784010577.6468673,22ad305238dccae6b166c4bf9553a24cc7be3ca4,Girlet,B,pumpswap,True,5,0.0001202,25409.53,120230.0,120230.0,99761.34,99761.34,99761.34,5415,3320,265.0,50.944114453125,53.6,1314,25.4,0.0,0,0,1.0,47,29,9
2akXpuyFXAVN5YofZpZMfBp2Vxognpmv9NooBMuHpump,1784018389.3432217,8544f26695722252c82a7a9177b77250eebfdfa6,ELON,B,pumpswap,True,2,0.0003404,99803.95,340328.0,340328.0,29555.11,41962.96,46690.18,183,108,-2.86,238174.72238702798,33.1,26174,26.5,0.0,0,0,1.0,1000,25,204
5JYoWf9rqFmtCtx597s1rRipNRHyWjo5wbtbo1QCpump,1784018389.3432217,8544f26695722252c82a7a9177b77250eebfdfa6,MelaniaCoin,B,pumpswap,True,9,5.267e-05,23380.66,52673.0,52673.0,294224.36,294224.36,294224.36,4039,2935,-9.25,46.08905369466146,65.7,604,20.1,4.6,4,0,1.0,218,13,2
4SLVH8rturi925CyqaRTJUajPBix7JNJaGL5EGoZpump,1784030371.2520242,f0199101b63451c4a4e02ee7be9028f84f22f980,bullbrain,B,pumpswap,True,3,0.0001653,30604.95,165315.0,165315.0,447649.31,447649.31,447649.31,11219,2960,167.0,58.9208670694987,87.5,3508,3.3,0.0,0,0,1.0,70,7,1
AcPqEaR9LmNj6grvx28QKCfUmsg48GpT4ZZpfjh7o9Du,1784030371.2520242,f0199101b63451c4a4e02ee7be9028f84f22f980,sif,B,pumpswap,True,7,7.959e-05,20892.57,79599.0,79599.0,136991.84,220525.06,220525.06,2240,1535,236.0,81.83753373616537,58.0,475,27.6,0.0,0,0,1.0,280,29,8
h3c8Kyoj4pnpeZCGqtWqyK6z8WbzroYRD1Wi68Jpump,1784038027.822069,2ccfda9bb98f57ab5614ba18e8f4edf2d596c200,OTOMAT,B,pumpswap,True,6,2.472e-05,12387.08,24703.0,24703.0,10087.91,37903.39,45102.4,150,134,-40.96,3253.3970344807944,46.8,900,27.2,0.1,4,0,1.0,250,20,5
6fkhFEPL1KjipJkAuJg6gCQmHsnvwfhJXUyjV2Tspump,1784048131.8931777,3156e8dbce63716e26ffc6855fb219273560a3c1,Robbinghood,B,pumpswap,True,9,8.584e-05,22146.95,85840.0,85840.0,319926.84,319926.84,319926.84,4681,3473,174.0,25.29821962890625,64.3,510,17.0,3.5,7,0,1.0,414,43,15
CVhWiQ2SBhpTJ3xAR3ekf3uf8Ns2tNzj3mEtzKSpump,1784052792.4218676,7a639908f867e127c4e6fa59cced0434f8ad0ac0,WINGIT,B,pumpswap,True,2,0.0004363,50061.69,436312.0,436312.0,64711.73,426543.27,426543.27,613,556,102.0,125.0070311279297,59.2,1371,4.0,0.0,0,0,1.0,83,21,0
FzjSYeMaKvJtruzMyoeZzhb6uhA8ZXY9ibeTBM2Upump,1784052792.4218676,7a639908f867e127c4e6fa59cced0434f8ad0ac0,MSGA,B,pumpswap,True,4,0.0001023,23694.38,102392.0,102392.0,53368.84,53368.84,53368.84,7201,960,220.0,57.59036446126302,64.6,3707,15.7,0.0,0,0,1.0,25,25,0
G9j8WWDeJXZdvwQgP82ooDuHmpc3Gy8NCSins71Lpump,1784052792.4218676,7a639908f867e127c4e6fa59cced0434f8ad0ac0,BULLCAT,B,pumpswap,True,7,0.0003142,42352.42,314294.0,314294.0,370611.1,370611.1,370611.1,3048,4558,891.0,44.04036446126302,39.3,400,20.1,0.0,0,0,1.0,279,49,12
3pY7axDMKpZ8rQM5XSRGsKLLJBjLVQgVDRVNJpXPpump,1784058469.974277,acbbb2541e37be5ffe86b56e1ccddcddc85f78b0,COBBLER,B,pumpswap,True,6,2.697e-05,12133.89,26973.0,26973.0,24994.14,24994.14,24994.14,398,479,-16.03,29.49957128499349,35.0,145,11.3,0.0,0,0,1.0,66,23,0
CHFSFUY7uNy37MWAVyeLn6ztrCpvK1uRiDCsjkSGpump,1784058469.974277,acbbb2541e37be5ffe86b56e1ccddcddc85f78b0,Kairos,B,pumpswap,True,8,4.446e-05,15663.63,44462.0,44462.0,74294.75,74294.75,74294.75,1049,859,38.28,32.14957128499349,43.3,269,19.0,0.9,4,0,1.0,149,31,3
5GgY77Uti2d6VSAT2WW27d7UA2yBC7PMm2iepjmtJuwv,1784061973.764392,964994f35734952f475f712f045be53c60b6e688,HUMBIT,B,pumpswap,True,7,2.063e-05,10597.84,20639.0,20639.0,46810.96,46810.96,46810.96,631,483,-34.97,57.81273986409505,46.0,159,24.9,0.0,0,0,1.0,55,10,1
BB8bW8LJzagGkkjtSeVqVZEy6a3pcaciaauFTuJjpump,1784061973.764392,964994f35734952f475f712f045be53c60b6e688,Passengers,B,pumpswap,True,5,2.086e-05,10648.03,20864.0,20864.0,5245.56,39961.97,39961.97,101,76,-15.51,231.21273986409506,45.5,294,23.5,0.0,0,0,1.0,99,15,1
5j9XjKKhDoGH7o7gPHZU5s3kCvEgyrJ1i54QV2Cbpump,1784065268.1300707,9555670fc67ebaccc68d6372978c4e6cc7f1e3b8,MELANIACOI,B,pumpswap,True,6,0.0002579,38880.56,257962.0,257962.0,509365.13,509365.13,509365.13,11984,3170,696.0,52.53550118001302,65.6,590,14.7,0.0,0,0,26.0,267,34,0
Aq5dLtgrWDeHdJgRi4ka4wV2L8v1ioTtqFy8L9LQpump,1784065268.1300707,9555670fc67ebaccc68d6372978c4e6cc7f1e3b8,CAT,B,pumpswap,True,5,8.621e-05,22010.99,86215.0,86215.0,166553.55,166553.55,166553.55,4506,1043,143.0,29.318834513346353,56.8,86,13.3,0.0,0,0,1.0,51,37,1
gCETSgf89gXTMZGSDWamDvmjoxypsJL55rjf2o4pump,1784065268.1300707,9555670fc67ebaccc68d6372978c4e6cc7f1e3b8,GEORGE,B,pumpswap,True,3,9.645e-05,25202.01,96456.0,96456.0,2442.57,15699.35,42471.31,44,25,-10.19,8918.202167846679,37.2,1211,24.5,0.0,0,0,1.0,311,9,18
BgVMUdzzKUAgjrKmLTT9aKXJUoew9YAqHrJUfs7xpump,1784068930.0469458,76f51df2a13da52b41448c295ec61a4a9ab9b8b3,Peigengoo,B,pumpswap,True,5,9.52e-05,23686.24,95190.0,95190.0,105228.46,400469.34,400469.34,928,815,8.81,276.450782430013,64.4,569,16.4,0.0,0,0,1.0,256,23,9
GjJsyLWFEHA4TCJBGpobM2tceM4wiQaD3ZPKDhDppump,1784068930.0469458,76f51df2a13da52b41448c295ec61a4a9ab9b8b3,Cyclospora,B,pumpswap,True,6,7.938e-05,21363.72,79382.0,79382.0,131762.35,227543.28,227543.28,1948,1481,57.22,76.36744909667969,60.5,460,19.7,0.0,0,0,1.0,187,20,7
GjPcGzjqAtEjaFHPYGq36cDRibhbtwAqvMd8Avvpump,1784068930.0469458,76f51df2a13da52b41448c295ec61a4a9ab9b8b3,PUMPANGEL,B,pumpswap,True,7,5.007e-05,16647.49,50078.0,50078.0,44122.82,44122.82,44122.82,578,749,55.41,16.050782430013022,35.1,247,13.0,0.0,0,0,1.0,98,18,0
BGfwT1DqdZetx3AaWFggdgpTXvTatvUxAua8wFdvJ72d,1784077068.6222556,e1cbd13d6baf654718c28ac33f5350a1db6033cb,$shart,B,pumpswap,True,8,3.593e-05,14032.46,35925.0,35925.0,27963.99,27963.99,27963.99,469,207,11.49,15.010370926920572,36.5,199,24.0,0.0,0,0,1.0,91,11,2
rriwiGHspFi2kavAeb4Gii6rr7Mj5pfaGH6ABRkpump,1784088786.7034807,805e54d94432ce9f8c918df1cc4c1c1844650d71,MEMEDb,B,pumpswap,True,7,0.0003228,44000.25,322885.0,322885.0,751402.18,751402.18,751402.18,7281,6135,901.0,48.92839134521484,66.8,1251,21.8,3.6,5,0,1.0,444,21,9
GCsMGDGF9DGANC1W3AEovCe9C24984JUs4SFVvwFpump,1784097097.4736307,5d728a91a59a842c6495c33aa8ee8e29188b0402,DAFUAN,B,pumpswap,True,5,9.46e-05,24144.82,94608.0,94608.0,417835.68,634131.6,634131.6,5624,4240,-11.1,91.8745605102539,75.3,1323,20.1,0.0,0,0,1.0,454,21,15
HDdGMtMMY5NPeDLVeWE4DuKwMMuzNksh1xLMUmGapump,1784097097.4736307,5d728a91a59a842c6495c33aa8ee8e29188b0402,TRUMP,B,pumpswap,True,4,6.162e-05,18674.23,61622.0,61622.0,75967.68,129253.07,129253.07,2032,2234,69.71,125.97456051025391,50.7,412,14.8,0.0,0,0,1.0,10,23,1
32jdxuFmaJufSsGtgUQN6n4emvzLsD8QRBSjfqVgpump,1784105819.129351,eca9d26abd8e7c26c6389cd387e430cdc49440f4,RAFFLE,B,pumpswap,True,4,8.388e-05,22516.68,83887.0,83887.0,671502.75,671502.75,671502.75,7697,3461,32.29,32.485489180501304,86.9,1647,1.9,0.0,0,0,29.0,31,17,0
85pXzSdTSA4wu8t3qY8JkgHeMHWzMaE1j94duRTppump,1784105819.129351,eca9d26abd8e7c26c6389cd387e430cdc49440f4,PUMPDb,B,pumpswap,True,3,0.0002612,38956.94,261259.0,261259.0,454536.81,454536.81,454536.81,7220,2922,278.0,35.05215584716797,74.4,1500,3.9,0.0,0,0,1.0,26,6,0
HPS59hGvWCf5AdSWqFPJ3yPTJcgTEpo9Raxt32G5rBsd,1784105819.129351,eca9d26abd8e7c26c6389cd387e430cdc49440f4,Bird,B,pumpswap,True,8,2.702e-05,12170.55,27023.0,27023.0,36210.14,36210.14,36210.14,585,359,-15.13,13.402155847167968,30.7,125,24.6,0.0,0,0,1.0,101,13,2
HJ1Ry6iJyAqN7jozMTErJHuNA66kpkDkowi7fhCRpump,1784113215.2784393,778459d3a672d3b9a82af457bb1e242e17036c70,ansembrain,B,pumpswap,True,4,4.486e-05,16638.14,44868.0,44868.0,1137770.47,1578154.73,1578154.73,10752,5535,-82.51,71.27130732014975,84.8,3950,4.4,0.0,0,0,1.0,66,5,0
8kvptZPajh1LJ9fPZrqJnJYnhNw6rnaKfphQp1snpump,1784125028.3079994,68b5e609c3e4181bce5c3ac417b2ae4e77fce4a9,CLAYNOSAUR,B,pumpswap,True,6,6.281e-05,20271.5,62767.0,62767.0,120015.13,205511.49,381830.73,1234,1088,13.21,646469.5884666544,43.9,455,27.4,0.0,0,0,1.0,60,2,7
4bUuiPrAmrmYnDsh3XxsXHaQcDZCi42nJnCyH6HBpump,1784130903.4055033,f3e57a5ae390fc049559a312887c7e320bd24510,BULLet,B,pumpswap,True,7,5.043e-05,16847.08,50439.0,50439.0,96780.61,96780.61,96780.61,1039,1464,56.13,15.390091719563802,39.7,15,25.4,0.0,0,0,1.0,83,32,0
Hkpi2SkNWm5LogyY1Bz4zYTq5REVvco2aYWd1tYppump,1784130903.4055033,f3e57a5ae390fc049559a312887c7e320bd24510,FCM,B,pumpswap,True,4,0.0006263,74782.92,619410.0,619410.0,72553.15,817345.36,843357.21,892,733,1.75,71931.55675838623,46.1,17785,15.9,2.1,16,1,1.0,760,27,41
9FRByUiuZHFLuQhLd51Z9LRWNfLcpQEs1u7uSs5mpump,1784136818.4995625,5919f249a4aa5358aae45c3593d9e0713ef4f44a,SOLGUY,B,pumpswap,True,4,0.0002081,34920.08,208143.0,208143.0,500218.52,500218.52,500218.52,8628,3718,202.0,49.50832604166666,77.9,887,3.4,0.0,0,0,1.0,100,7,0
CMhzhzjXZwujkv9Ure9LvkkkPT28kf2BDHTp8eV7pump,1784136818.4995625,5919f249a4aa5358aae45c3593d9e0713ef4f44a,MOONCAT,B,pumpswap,True,3,9.948e-05,23554.65,99481.0,99481.0,65517.82,111268.22,111268.22,5642,1396,25.41,99.87499270833334,66.0,3678,19.3,0.0,0,0,1.0,15,29,2
4W9nkDkmhVokuv84yeNkSMHQxh1Ta35GMkYMsACbpump,1784145363.3488066,17bd63b0e59900e4464b6c50d349c074d97ad6dd,PEPONK,B,pumpswap,True,2,0.0004428,50097.55,376435.0,442865.0,4529.5,18708.19,30908.19,1660,183,-0.41,28426.339146777344,44.5,5564,23.5,0.0,0,0,1.0,19,22,3
7apj78jEgPGup8UqAcHd9vuDDpWwSapGBdCvF6Uapump,1784145363.3488066,17bd63b0e59900e4464b6c50d349c074d97ad6dd,ORO,B,pumpswap,True,5,0.0001409,28559.07,140997.0,140997.0,322065.05,322065.05,322065.05,2349,1880,335.0,57.40581344401042,49.0,90,16.1,0.0,0,0,1.0,108,34,8
AuQj7YQSe5ypzxU3f8DDDjNK5qk9PSVCNBcnwAMapump,1784145363.3488066,17bd63b0e59900e4464b6c50d349c074d97ad6dd,WIFSEM,B,pumpswap,True,6,7.589e-05,20881.11,75891.0,75891.0,298377.78,298377.78,298377.78,419,504,15.54,17.822480110677084,55.4,7,12.3,0.0,0,0,1.0,37,5,0
2ABbnf3EzGfiMa3PE2bseAWwRD4jAE4KgE8YjSTxpump,1784157354.0544517,ca0e54324ba659117aefa2def661b3ad32138cc5,RELIC,B,pumpswap,True,4,0.0002075,34986.28,207511.0,207511.0,28290.29,141671.06,168344.46,219,182,-18.91,22432.60090752767,33.8,849,23.7,0.0,0,0,1.0,258,18,7
JBRyw453Uwi5hitesWGt17TYsJTaWTbFQjV9UNh8pump,1784157354.0544517,ca0e54324ba659117aefa2def661b3ad32138cc5,EYE,B,pumpswap,True,6,0.000171,30868.69,171044.0,171044.0,122415.76,122415.76,122415.76,874,750,429.0,28.00090752766927,39.1,380,10.8,0.0,0,0,1.0,49,23,8
66KL8iu7Unzq84JMQEHtateVXFLaZNcDd8JLRyq7pump,1784160792.3654718,9a538dd45446e76a247132b9e6e8539bda6bcc40,SHIBU,B,pumpswap,True,7,2.753e-05,12340.08,27537.0,27537.0,56725.01,87980.87,87980.87,835,558,-3.94,68.3894245320638,53.0,199,29.2,0.0,0,0,1.0,102,13,5
8Gw5ERAe6hxMKyYWVXVhok6jhcvQkAfKH1bFBeQepump,1784160792.3654718,9a538dd45446e76a247132b9e6e8539bda6bcc40,BUYSEXUAL,B,pumpswap,True,5,0.0004157,50310.3,415784.0,415784.0,159402.4,1097658.17,1097658.17,585,521,36.21,216.65609119873048,52.0,320,22.8,0.0,0,0,1.0,76,32,0
GqQc4tjs6RkZt1EdsehKLZvNDTpZc9n3UHGxnbfNpump,1784160792.3654718,9a538dd45446e76a247132b9e6e8539bda6bcc40,BARRON,B,pumpswap,True,3,0.0002512,40456.54,251296.0,251296.0,365504.86,1114055.06,1114055.06,4129,3114,274.0,166.12275786539715,76.5,1165,16.7,4.0,4,0,1.0,702,55,20
7dgJnmmfwCEn1XVmkvUJqq2TrbrscUTBSq4Bhwuapump,1784173379.35586,6a7650eca8a215a006b9ef9fbc8d0279fb6b52e6,WorldPup,B,pumpswap,True,4,4.245e-05,15635.14,37637.0,37637.0,134457.1,314278.55,314278.55,6685,1963,16.57,100.1892643351237,82.4,5156,22.7,0.0,0,0,1.0,242,23,10
AgCpt2wgiLaV29fmaFTZMuM4Hn59gwCArkiMj24zHTVb,1784173379.35586,6a7650eca8a215a006b9ef9fbc8d0279fb6b52e6,Dinar,B,raydium,True,1,0.1722,47408.72,3617724.0,3617724.0,37494.27,78574.66,148449.88,527,349,0.15,12061.75593100179,40.4,17323,1.5,0.0,0,0,1.0,10,0,0
BGoC16Rj2B6oxm3CYWoL1eu1BFc6jPvmpsoqVQudpump,1784173379.35586,6a7650eca8a215a006b9ef9fbc8d0279fb6b52e6,BULLSOL,B,pumpswap,True,1,0.0002322,36837.65,232207.0,232207.0,164959.73,616251.01,616251.01,3560,699,4.81,119.23926433512369,88.5,4184,3.8,0.0,0,0,1.0,44,11,0
E7vTVLLaxV3y68cpnDx2Q7ExeznhWgJKwPziKDsrpump,1784181987.1401234,6e08a9e7e3f334049001b9c3d55d0a8716d89316,HOMIE,B,pumpswap,True,4,0.0002217,35338.49,221718.0,221718.0,256443.04,256443.04,256443.04,5014,2001,544.0,46.11900205485026,62.7,2199,19.8,0.0,0,0,1.0,73,40,6
G9VVud86SLgb7SnTqRKXJVUkzwLzCf4R89vknWVKbonk,1784181987.1401234,6e08a9e7e3f334049001b9c3d55d0a8716d89316,Trump Coin,B,raydium,True,4,0.0005116,85237.09,511634.0,511634.0,75095.74,996551.74,1671363.47,463,359,-35.71,2934.86900205485,66.5,4207,19.3,1.0,8,0,1.0,1000,23,29
HVRtNeFPrDcAA9Yu3WrTEdCsTLGJiYDiQbqjg3efpump,1784181987.1401234,6e08a9e7e3f334049001b9c3d55d0a8716d89316,CUBEMAN,B,pumpswap,True,5,0.0002303,35739.24,230361.0,230361.0,134245.61,134245.61,134245.61,8834,6107,607.0,58.502335388183596,50.6,2234,23.7,0.0,0,0,1.0,114,24,7
2WG2adv7FdJLRSBjnq2WKiuM82sJMiwwrcJH7h2bpump,1784190638.3416283,2f75091960feb3400ba5f7568112434db3665bd2,ELONCOIN,B,pumpswap,True,7,9.39e-05,22854.97,93901.0,93901.0,166722.01,166722.01,166722.01,2376,1470,200.0,16.372360473632813,50.9,358,14.7,0.0,0,0,1.0,102,36,0
AWJkSP77HTYnWyWiBfRoK5nurwP4ApVw1YeEugmepump,1784190638.3416283,2f75091960feb3400ba5f7568112434db3665bd2,CASHGOAT,B,pumpswap,True,1,0.0001913,33757.59,191399.0,191399.0,105993.39,732875.67,732875.67,1135,1309,44.61,298.2890271402995,77.7,977,4.6,0.0,0,0,1.0,68,39,8
HFmbKBN7fYCY2PPGYgwkvb7mAuo1v6cmWv1CPK6Xpump,1784190638.3416283,2f75091960feb3400ba5f7568112434db3665bd2,BULLGOD,B,pumpswap,True,2,0.000611,63159.54,611061.0,611061.0,517842.68,1845655.58,1845655.58,7504,4784,49.64,151.15569380696616,84.1,4032,0.9,0.0,0,0,30.0,168,6,0
DiaXHsNJwvGXEjx1HN7phGL7YfHPtBuvzHoCk28Apump,1784211430.9753966,3b2fabe1cf44b1053ac887f2b1b9bb9a50554cc1,DBULL,B,pumpswap,True,7,7.311e-05,20142.46,73111.0,73111.0,104913.35,129001.15,129001.15,1293,1113,63.63,66.19958994547527,47.3,491,24.2,0.0,0,0,1.0,119,14,1
5NqE4JTopfa1tfgWqfPHavwvRY2deNnnPPryGSpGVGao,1784217009.0077693,40436fd3f69a458cd091791fafaf676ae06710bf,GAOF,B,meteora,True,2,0.002061,87507.78,2061100.0,2061100.0,8.33,248.4,45695.18,1,1,0.01,1469.3001294881185,19.5,116,18.4,0.0,0,0,1.0,0,0,0
J2PiC6EVeSRJLqozVKj3oYwUkpLJZUaWZav9SAGmrbuF,1784225680.5790966,ac6b898a06e024d8b966a9d3a06bd0f596352750,huh,B,pumpswap,True,4,8.557e-05,23043.33,85577.0,85577.0,3602.27,10293.81,27044.08,37,45,3.6,5053.442984940592,22.9,628,19.8,0.0,0,0,1.0,245,16,8
G1K4L2nWmwz9s4k31adUKvMaRRYyf9jrkvsrtc7spump,1784230594.3570747,7df418684de86c50012cc7af70913be14be07b9d,BeastBull,B,pumpswap,True,1,0.0002011,34036.17,201146.0,201146.0,221183.91,590859.0,590859.0,4465,845,7.4,110.68928457845053,91.4,3683,4.4,0.0,0,0,1.0,80,3,0
2agcQWJftYzYWJNDW4BPok1RKL1xVqpDJtT4SSVVpump,1784237963.3874085,83b662c2970c8afe3e0bae0e24aa66d6ca7add84,CS,B,pumpswap,True,5,0.0002039,33563.9,203993.0,203993.0,229287.52,229287.52,229287.52,1569,1404,387.0,55.78979014078776,58.0,995,11.3,0.0,0,0,1.0,96,10,2
5tH4uCqtLQZ48pjSQ55MyR59KaqCE73az2A1nR4pump,1784241745.9598837,38a180ade6140a491707b3ac4bab150f94753f7e,OH,B,pumpswap,True,7,6.163e-05,18372.51,61632.0,61632.0,168155.77,168155.77,168155.77,2834,1927,100.0,50.21599806315104,63.2,569,18.9,0.0,0,0,1.0,205,20,11
Hq2Rk3pYN17Jz1P6ejZbMAAuLKhw9sZEJ5uacqfnpump,1784241745.9598837,38a180ade6140a491707b3ac4bab150f94753f7e,bullieve,B,pumpswap,True,7,4.024e-05,14691.89,40245.0,40245.0,29220.56,29220.56,29220.56,482,455,28.12,12.015998063151041,24.4,233,14.0,0.0,0,0,1.0,117,10,0
BhU7rjLSvxKw2gCLzx1LV7J6Y4eXwsjrS24ebPBJpump,1784245366.2713666,ec7dae7f6362a490ec1e878a7eece30a942e6fdc,HORNY,B,pumpswap,True,7,3.081e-05,12827.56,30819.0,30819.0,2488.19,57910.71,57910.71,63,70,1.34,162.45452277832032,40.7,155,21.5,1.1,11,0,1.0,68,35,0
E5tTXt6QLLhKJxHuKoCXA6vkAQfScRacL1UK2H1Cpump,1784245366.2713666,ec7dae7f6362a490ec1e878a7eece30a942e6fdc,MOON,B,pumpswap,True,6,2.926e-05,12494.96,29262.0,29262.0,57913.11,57913.11,57913.11,710,609,-6.58,27.52118944498698,44.6,157,17.9,0.0,0,0,1.0,84,39,4
GTJpiZaCqapCcu5shdZq8D71dQJcyXad8BZadXeTpump,1784245366.2713666,ec7dae7f6362a490ec1e878a7eece30a942e6fdc,SOLJAK,B,pumpswap,True,5,4.018e-05,15719.83,40187.0,40187.0,724997.19,724997.19,724997.19,8154,5089,-26.61,58.02118944498698,82.8,1258,5.0,0.0,0,0,1.0,352,2,0
HdghDDxvnebzWBXDgqYh9Vw5hfKRRUYGj5uJR2ogpump,1784245366.2713666,ec7dae7f6362a490ec1e878a7eece30a942e6fdc,Incum,B,pumpswap,True,8,2.143e-05,10677.16,21437.0,21437.0,64553.57,64553.57,64553.57,1281,911,-30.49,18.821189444986977,57.2,340,25.7,0.0,0,0,1.0,167,18,3
Hsrc16T5cFWgwH2PSEqcYACkHpLHrEHdm5Z1sU2pump,1784250923.6223779,1c37a1cef0db38a798853a9c1a202b09dfee3e0d,WorldCat,B,pumpswap,True,7,2.788e-05,12192.76,21934.0,21934.0,33391.34,33391.34,33391.34,940,716,-7.86,24.57703963216146,46.7,398,16.5,0.0,0,0,1.0,139,11,1
9Pfync3ejPC9eHqVzq3nYQJAhyhjqpnB9UsaSfLxpump,1784262575.8227763,e40b036ebcb6323d299a491d1a7c13fdeb313b9a,KET,B,pumpswap,True,6,0.001011,75644.35,1011243.0,1011243.0,15968.84,104178.89,165088.46,104,82,-9.97,14660.313712939453,18.7,628,33.3,0.7,11,0,1.0,153,3,3
EVbXayw9HEmhuRcaQVoTCiHiCeEtM39Bw9TfeVmrpump,1784271574.0957136,98bac891af2066966d06c74c078394ca2c1f1e3d,KYLE,B,pumpswap,True,4,4.55e-05,16561.25,45503.0,45503.0,436672.26,798902.4,798902.4,6419,4277,-59.02,90.43492856038411,83.1,1784,2.3,0.0,0,0,1.0,319,5,0
5yJgw6a8bb1nRsmEBr6vzX5pt6sQekzqG9nfmxqMpump,1784279846.458418,7293cf06055a1da085318ae571810db2034a0db5,PROPHECY,B,pumpswap,True,5,7.625e-05,21969.42,76250.0,76250.0,23898.09,60409.0,665504.63,264,248,57.87,1483.6076402994793,68.7,1041,21.5,2.4,4,0,1.0,316,25,16
3XhARh1nQiwGZLwAD8YyKhfZKVHaG8t3VzsRSejZpump,1784285963.88234,e0f965611aa6c085bb82eec036c942fed8b97dcf,TABLEPEDE,B,pumpswap,True,6,0.0003188,42258.97,318879.0,318879.0,340252.3,390944.35,390944.35,2438,1704,712.0,70.44803899739583,50.7,569,11.5,0.0,0,0,1.0,120,27,5
BjSuJWSxpHaH8wJgvsa5ZvuLwFJaHt3bpVBGJ8Fpump,1784285963.88234,e0f965611aa6c085bb82eec036c942fed8b97dcf,Buyuang,B,pumpswap,True,8,3.483e-05,13633.3,34831.0,34831.0,99335.48,99335.48,99335.48,1947,1456,13.37,31.481372330729165,57.1,366,22.6,0.0,0,0,1.0,177,30,7
FzNgpR11RYACasA8ptFniXQKcLw26CmBWdyNEAU1pump,1784285963.88234,e0f965611aa6c085bb82eec036c942fed8b97dcf,TOLY,B,pumpswap,True,3,0.0002522,37760.42,252250.0,252250.0,570047.63,570047.63,570047.63,10695,3562,300.0,53.6147056640625,81.6,4691,2.7,0.0,0,0,1.0,19,5,0
rkbX3fimkB2fPBKopYkSx82xSuWdUbNBuNuw7efpump,1784285963.88234,e0f965611aa6c085bb82eec036c942fed8b97dcf,GOATBATH,B,pumpswap,True,1,0.0004921,55677.15,492130.0,492130.0,81772.42,471054.16,1299834.84,939,1171,15.82,1327.2813723307293,70.3,2389,7.4,0.0,0,0,1.0,295,6,2
6dMydAmqtLsMtn9WZQW7stGqs4VkZ79pFPP1vbnApump,1784290681.9581602,5b58a75ec1706b4a465e0c8daa1324ca44b6cfa9,soltoly,B,pumpswap,True,3,0.0001494,29148.06,149451.0,149451.0,531438.62,531438.62,531438.62,9856,4326,124.0,56.5159693359375,86.8,2916,2.5,0.0,0,0,1.0,50,5,0
8TQAPEgP8jcWPeLTiQhFCFtPYwKhpjRvTngoPAmjpump,1784290681.9581602,5b58a75ec1706b4a465e0c8daa1324ca44b6cfa9,BULLARMY,B,pumpswap,True,4,0.0001438,27781.0,143833.0,143833.0,112262.26,127507.96,127507.96,6827,2509,53.98,63.33263600260417,60.4,6016,20.5,0.0,0,0,1.0,11,13,0
BdmmbhuqmMcswTCpP5Dy9H6E87ZqDMULVAWdzu4ZhqTS,1784290681.9581602,5b58a75ec1706b4a465e0c8daa1324ca44b6cfa9,Quasi,B,pumpswap,True,8,6.426e-05,18628.74,64258.0,64258.0,101670.43,135866.83,135866.83,1551,992,118.0,76.58263600260416,54.8,466,19.7,2.3,7,0,1.0,83,11,1
CmoCuZ9J2YT1QHv28p3QRphhZot6Sdbu6P6Aw4Vmpump,1784290681.9581602,5b58a75ec1706b4a465e0c8daa1324ca44b6cfa9,SOLians,B,pumpswap,True,3,0.0001908,32866.51,190852.0,190852.0,547825.37,547825.37,547825.37,8567,4698,171.0,51.382636002604166,84.0,2626,1.5,0.0,0,0,29.0,119,1,0
3xrF2p1fUhmy1hoeyN8vY1WnBPeBy9WAK8em8mLUpump,1784297266.874496,303c218d25c23482ab04121279bbc4144e95ccac,flipcat,B,pumpswap,True,8,2.404e-05,11266.79,23592.0,23592.0,46655.91,46655.91,46655.91,995,651,-20.84,35.9312416015625,50.1,365,21.3,0.0,0,1,1.0,150,14,1
CsGkrnQJQp1eCNwxQ6yKvbiEJA8MwoL8CmXYySy5J7HM,1784297266.874496,303c218d25c23482ab04121279bbc4144e95ccac,PEARL,B,meteora,True,6,0.0002993,17470.82,299330.0,299330.0,27393.74,27393.74,27393.74,392,134,196.0,41.34790826822917,37.4,150,8.8,0.0,0,0,7.0,46,0,2
4gEW7hD7ToAbRaw6YKoo969oLJtVZw6pcjDCr2R8pump,1784303246.6853828,b73b4aae5b625f3685f0a39defc65610fbe21aef,Goated,B,pumpswap,True,4,0.000291,40121.54,291018.0,291018.0,417013.95,417013.95,417013.95,7367,1484,462.0,34.74475638020834,75.2,1181,6.3,0.0,0,0,1.0,374,6,0
AZ1fowC7PCS4rKJCY7UFuDqwvGNRRxzJj9BQxiHfpump,1784303246.6853828,b73b4aae5b625f3685f0a39defc65610fbe21aef,HOUSEM,B,pumpswap,True,2,0.000384,48480.75,384013.0,384013.0,732318.46,1312162.4,1312162.4,2473,2414,33.48,105.42808971354167,75.3,1726,13.2,0.0,0,0,1.0,114,42,38
yNP1DEES1G2FHo9bhWGTD2HyB21pUJCx23cfSkzpump,1784303246.6853828,b73b4aae5b625f3685f0a39defc65610fbe21aef,HELIFAN,B,pumpswap,True,1,0.0002124,34676.82,212494.0,212494.0,223518.21,674879.72,674879.72,1932,2120,-20.48,101.37808971354167,77.3,3270,7.1,0.0,0,0,1.0,58,15,4
967Yg66zkKtgdQVEuw1EaFKtXGS8k5XKxjYCvjqipump,1784307172.6365755,9fa9a91cdc171183e96dad702c2cf4204ac6e59e,PUMPFOMO,B,pumpswap,True,3,0.0001507,29272.15,150750.0,150750.0,507255.19,507255.19,507255.19,9907,4250,126.0,54.19394292399088,86.9,3200,3.0,0.0,0,0,1.0,40,14,0
7YCTXLpRn1zSgfU7o99RsyCnu7B8vUJAs9HxXKvMpump,1784323543.3415284,b4532fcc22cebbb36d4655dadd3d0ff7dc258c78,Wifout,B,pumpswap,True,3,7.018e-05,20866.37,70182.0,70182.0,30289.46,194359.74,870329.9,401,384,30.75,708.9723588053386,71.5,2578,20.7,0.0,0,0,1.0,235,13,6
H66JtYQdhdFayyTNYer6KNhhLVdqfopYqqQi57d4pump,1784323543.3415284,b4532fcc22cebbb36d4655dadd3d0ff7dc258c78,Faith,B,pumpswap,True,8,4.288e-05,15113.0,42881.0,42881.0,37205.46,37205.46,37205.46,10851,7359,37.01,30.372358805338543,44.7,605,21.2,0.0,0,0,1.0,87,13,0
6PkDr62LVXDLajbqi2P4PUkxHy5CQsENx3fNXLN4pump,1784330988.255826,8d37f00826e2a00eb5c8916646292aeadbc17155,Ricky,B,pumpswap,True,4,7.868e-05,21296.58,78685.0,78685.0,432534.62,535274.39,535274.39,4973,3369,52.32,90.20426376546224,77.0,2370,18.2,0.0,0,0,1.0,328,12,14
c5Zye8yFd1AGrSJ2mViYgXWa1kgCdCj5RWhen6tpump,1784330988.255826,8d37f00826e2a00eb5c8916646292aeadbc17155,土豆,B,pumpswap,True,3,0.0001343,27605.5,134360.0,134360.0,413418.55,413418.55,413418.55,4896,2607,125.0,34.387597098795574,85.0,1581,2.8,0.0,0,0,1.0,118,5,0
2yWRyjnkXNvUxU73ASu1Exbm2aKEyNhShcT7NXv9pump,1784347733.7676651,fd7d6c40965f510e20f747ee3c4bd5994d69f884,DOGGO,B,pumpswap,True,5,4.436e-05,15598.35,44173.0,44173.0,40233.47,156464.37,156464.37,488,425,21.81,172.09612775065105,65.8,736,24.0,0.0,0,0,1.0,65,16,4
GEg3E1dPotfUSxEm6ft1NF8dT211YCibHJRcDtGwpump,1784347733.7676651,fd7d6c40965f510e20f747ee3c4bd5994d69f884,YMIR,B,pumpswap,True,4,0.0006071,59671.45,607162.0,607162.0,44412.93,787101.86,787101.86,418,227,113.0,287.4294610839844,66.2,1495,7.1,0.4,7,0,1.0,136,6,9
2q4nUEEXQQsKARjJffeF3o7GrevHq3mvWXo6g3fypump,1784355820.155117,186c004947a37659e1fac615ac920a9dd5e05d5d,JIMOTROLL,B,pumpswap,True,3,0.0001532,29294.6,153271.0,153271.0,414932.85,414932.85,414932.85,7442,3250,129.0,38.60258528238932,83.8,2858,2.9,0.0,0,0,1.0,28,7,0
3wwU3njdLCT3ebRUrTFeHwKG6zamiiCKwmpShSK2pump,1784355820.155117,186c004947a37659e1fac615ac920a9dd5e05d5d,Mouse,B,pumpswap,True,7,3.728e-05,14055.49,37288.0,37288.0,42460.72,42460.72,42460.72,858,547,30.6,5.169251949055989,40.9,772,18.3,2.2,4,0,1.0,199,21,5
AXkXDHko4JHe1PHrgRmDG9TxUxNRFfQnY4d562RYpump,1784355820.155117,186c004947a37659e1fac615ac920a9dd5e05d5d,Jimothy,B,pumpswap,True,2,0.0001068,25159.81,106861.0,106861.0,38050.44,405560.86,639165.49,840,426,-23.17,598.3859186157226,77.2,2052,22.8,0.0,0,0,1.0,135,10,6
D6ytjMdBBPoV8nsRHJhvrkpwF7sgVBYd7PufkRHNpump,1784355820.155117,186c004947a37659e1fac615ac920a9dd5e05d5d,CASHCOW,B,pumpswap,True,4,0.0004427,74659.49,442716.0,442716.0,36248.67,80943.47,956509.44,288,280,9.82,2932.502585282389,56.0,5038,18.9,1.6,10,1,1.0,398,16,10
CKkuaqSiezUfHesGPTgiAdSGtYuxcEEjBxbCmiNgpump,1784363081.822366,7916f8dd7d5b407f8cb61596873116136ffad473,Granular,B,pumpswap,True,3,2.502e-05,11998.42,25029.0,25029.0,100418.89,438183.7,438183.7,2135,1427,-68.63,92.88037276611328,76.7,2337,19.3,0.0,0,0,1.0,387,36,10
6Cn9XH2SCi79Nam7mhH5L1kfwFwPhfresmg6Q4Eipump,1784368937.8729506,f3ba1014cab02d46765afdaaeb6d1ed6e0bffe87,baby,B,pumpswap,True,4,0.0001058,27172.75,105820.0,105820.0,3210.69,17595.21,145589.54,62,27,-10.38,7239.297882507324,49.8,3522,22.2,0.2,5,0,1.0,194,17,14
DLz4bLgo72D8QCpVLwJ1QVL7MvFxX2wq3diiW5ESpump,1784368937.8729506,f3ba1014cab02d46765afdaaeb6d1ed6e0bffe87,LILBUB,B,pumpswap,True,7,2.388e-05,11220.38,23888.0,23888.0,22460.59,22460.59,22460.59,410,420,-23.17,9.447882507324218,30.4,580,21.8,0.0,0,0,1.0,116,14,0
FeWGwBbPuezQo4wRWnx6q6rKpWrpEjAaAaLY7NNMpump,1784368937.8729506,f3ba1014cab02d46765afdaaeb6d1ed6e0bffe87,Protector,B,pumpswap,True,5,4.297e-05,15368.42,42976.0,42976.0,180504.9,180504.9,180504.9,3637,2449,42.7,25.464549173990886,77.4,1399,17.3,0.0,0,0,1.0,227,25,7
BCyMw2vvmzh9fB6GQ4LaQ6poqrP4qTrPkYDops2hpump,1784373233.0295973,456702c6a63c833e298a3605967e8ba213729bd0,Index,B,pumpswap,True,6,5.714e-05,17628.84,57141.0,57141.0,141396.22,141396.22,141396.22,1815,1394,84.1,44.683826619466146,69.6,1197,20.6,0.0,0,0,1.0,220,20,1
DEWqTMzCTpgWB25geNJpMsnwuahTWKQVKUc75qKKpump,1784373233.0295973,456702c6a63c833e298a3605967e8ba213729bd0,RUDY,B,pumpswap,True,6,6.705e-05,19341.33,67054.0,67054.0,256034.2,256034.2,256034.2,3676,2523,127.0,52.53382661946615,76.3,1541,19.7,3.1,4,0,1.0,267,24,2
EDNvjVDjKVfRsqxf3C8nN2sunxctfoboE2S8aUHGpump,1784373233.0295973,456702c6a63c833e298a3605967e8ba213729bd0,JIMOJAK,B,pumpswap,True,4,0.0001021,24017.58,102118.0,102118.0,377261.48,377261.48,377261.48,4242,2447,52.83,32.38382661946615,84.3,1344,2.9,0.0,0,0,1.0,99,12,0
C916Q1f9yP3UDswk73tpokA1ts5r88DVQ8RKb2jhpump,1784376478.1796863,2714360b2428c2195c00faec1af47ba4a4e112bd,wif,B,pumpswap,True,7,1.985e-05,10256.64,19852.0,19852.0,22429.19,22429.19,22429.19,511,327,-36.28,32.869661437988285,46.0,540,21.8,0.0,0,0,1.0,64,10,0
81RGmig32prYbxf96YnhrhRpm9G1YP1igfxttjzUpump,1784382805.5678825,bb6f1cd0c7bd9593c92bb7088a78de34ea61223e,Tobi,B,pumpswap,True,7,2.427e-05,11436.39,24275.0,24275.0,117377.88,117377.88,117377.88,2808,1379,-22.15,57.30946470947266,76.1,995,28.2,0.0,0,0,1.0,131,9,6
AA3v9TutAPj1ZQ9XLioYUsUwcb2zdLbTNX8CCTeqpump,1784382805.5678825,bb6f1cd0c7bd9593c92bb7088a78de34ea61223e,QUASI,B,pumpswap,True,4,0.0001256,26611.63,125627.0,125627.0,505562.94,505562.94,505562.94,5973,3353,111.0,38.34279804280599,84.7,1805,2.5,0.0,0,0,1.0,391,1,0
D6mSkFmPskEWMEqEpdMMfUEsJdEcQdTSzbG7J2GWpump,1784382805.5678825,bb6f1cd0c7bd9593c92bb7088a78de34ea61223e,NYANJIM,B,pumpswap,True,3,0.0001731,30955.04,173162.0,173162.0,373771.43,373771.43,373771.43,6602,2855,157.0,35.959464709472655,78.2,2827,3.4,0.0,0,0,1.0,88,5,0
BCDgN5Jgnkbjs8oRHivko5dcf18sPsSmPVKAsDnMpump,1784387191.4210322,23e084d6578c8ad0f56504fda3cd292824aa5e83,Nenem,B,pumpswap,True,5,4.95e-05,16733.27,49502.0,49502.0,343664.83,343664.83,343664.83,3734,2947,58.9,52.60701720377604,75.0,1894,19.5,0.0,0,0,1.0,236,14,9
H23di4NXN6j2pwLwbYjtag1Q3v7ANyXR72kzfWYKpump,1784387191.4210322,23e084d6578c8ad0f56504fda3cd292824aa5e83,Fridge,B,pumpswap,True,6,0.0001382,28145.08,138203.0,138203.0,402470.64,468955.6,468955.6,4752,3465,136.0,77.07368387044271,75.0,2279,21.8,3.1,4,0,1.0,337,15,10
U6sy4qMtXE5QAJBLsrDHaKkXVm7btEwWbvgecqepump,1784387191.4210322,23e084d6578c8ad0f56504fda3cd292824aa5e83,Neném,B,pumpswap,True,8,4.32e-05,15147.27,43198.0,43198.0,35323.83,35323.83,35323.83,467,390,40.2,5.723683870442708,32.1,710,22.7,0.3,4,1,1.0,129,15,7
FUY6RbdfrDfa82y1AS5ZQRtaoSr1ZVTGD2EkN11bpump,1784390860.4171813,b2cb9b4d80fbf64276116b61813cf34d216cee04,KIWI,B,pumpswap,True,6,0.0001431,28121.26,143164.0,143164.0,270025.37,270025.37,270025.37,3932,2925,360.0,37.22361968587239,63.7,1929,21.5,0.0,0,0,1.0,234,24,5
Hu7vozhSAwooDynUUYcdHp1W3zpB5zDTbQ8Yn6acpump,1784390860.4171813,b2cb9b4d80fbf64276116b61813cf34d216cee04,ECO,B,pumpswap,True,6,4.572e-05,15809.94,45722.0,45722.0,179067.8,179067.8,179067.8,2385,1830,50.73,51.240286352539066,70.9,1008,31.2,0.0,0,0,1.0,115,20,8
6hJ8NyjpgRv2Dvur1jwsQfkNqynnghTsLpEP5cjEAmXd,1784395526.0009546,e15d3d4d7098c8471b6efaf491f6dd381ead31f0,IVY,B,pumpswap,True,4,9.324e-05,23214.44,93245.0,93245.0,22223.32,135428.41,493796.55,223,155,-3.3,1738.1000159098307,71.6,1600,19.4,8.1,7,0,1.0,158,15,13
CoAPF1K56P4hV276Ej9zkv8nPRyUmRKE53tcoqSqqhwi,1784395526.0009546,e15d3d4d7098c8471b6efaf491f6dd381ead31f0,COAP,B,meteora,True,2,0.003402,112409.13,3402608.0,3402608.0,152.59,657.79,99457.41,8,4,0.02,1486.4666825764973,28.3,234,15.1,0.0,0,0,1.0,9,0,1
3C65gdJAknCK9anyp3thqPt8p1xnTbnynhGk8wM3pump,1784399505.140585,f474076aab5b9d984a749593bb9a59f0884e6995,ASMR,B,pumpswap,True,8,3.902e-05,14473.03,38561.0,38561.0,56386.95,56386.95,56386.95,976,609,30.44,21.935676416015625,57.6,914,25.4,2.0,4,0,1.0,150,10,3
9jVRLpzqYQBBhVejgtvCrBnivng62fjWrHxePh79pump,1784399505.140585,f474076aab5b9d984a749593bb9a59f0884e6995,KLEF,B,pumpswap,True,5,0.0001676,31046.43,167697.0,167697.0,19911.41,88430.39,355020.37,117,139,63.6,1517.1856764160157,58.0,1510,24.5,4.4,18,0,1.0,226,8,8
GYVHmvi8Xs7CmPQwbS4pE5EXyd9P8ZTx2S4Pn5uspump,1784399505.140585,f474076aab5b9d984a749593bb9a59f0884e6995,GINGER,B,pumpswap,True,4,0.0001241,25871.05,124105.0,124105.0,87483.45,87483.45,87483.45,1037,744,296.0,47.63567641601563,48.5,759,15.4,0.0,0,0,1.0,41,15,0
2mGS6WWuDy1xNQuCo7irzH3iT4SsSeSaA3oJ5NLqpump,1784403967.4097662,0107a8ab7ec6f4ea2718e81f1a26eef979bd2d59,Benny,B,pumpswap,True,4,0.0001718,31807.48,171891.0,171891.0,653589.93,653589.93,653589.93,7471,6570,455.0,27.290162768554687,76.7,2811,12.1,0.0,0,0,1.0,738,29,20
7UTubJ3W6JWwLUj82B9LgHFDmc8wFWtSNLis6u8epump,1784403967.4097662,0107a8ab7ec6f4ea2718e81f1a26eef979bd2d59,Lckd,B,pumpswap,True,5,3.199e-05,13160.24,31994.0,31994.0,4861.44,38474.41,138008.34,74,55,29.74,1135.3068294352213,69.7,937,24.2,0.0,0,0,1.0,135,22,1
8iuNL36yGtMWoCKinRjG4jkyJhF9MbmiAZDHYC3Rpump,1784403967.4097662,0107a8ab7ec6f4ea2718e81f1a26eef979bd2d59,SOLjimothy,B,pumpswap,True,2,0.0001468,28983.88,146875.0,146875.0,483680.45,617686.35,617686.35,10017,2887,-23.93,71.52349610188801,89.8,5460,3.3,0.0,0,0,1.0,31,6,0
EB1Yye3HJKt8h8A6esUmFWKdoRvBqtXiX4JNxqcdpump,1784403967.4097662,0107a8ab7ec6f4ea2718e81f1a26eef979bd2d59,Nietzmothy,B,pumpswap,True,3,0.0002841,40088.72,284131.0,284131.0,480617.65,480617.65,480617.65,8563,3985,319.0,50.35682943522136,73.1,2741,2.9,0.0,0,0,1.0,54,8,0
DiV3ikZtwdQCMY7j6ovNrDTJJJVHfW6amz7F6Emapump,1784406745.4812624,2b05ba929c1f4da2e886019166afd29658c017f0,Hope4Pops,B,pumpswap,True,6,1.942e-05,10160.18,19421.0,19421.0,53183.74,53183.74,53183.74,1062,766,-38.1,11.941354374186197,58.5,736,17.4,0.0,0,0,1.0,141,28,6
Ds28wMScEFn1ztgwKYM1m2d2Qse6p6jXJhW6KpZppump,1784410148.1111774,4054eeef5bdff047244418d281365cec2ee6ec10,ALBATROSS,B,pumpswap,True,3,6.517e-05,19315.61,65139.0,65139.0,8943.47,38407.71,83742.66,92,50,-15.57,4288.335186291504,48.2,1153,19.3,0.0,0,0,1.0,142,24,9
APhHKkSD3CucwoN4TFLmFoBDg87G7yprio8ZK6N1pump,1784413654.9528499,ae89c5493b98cadfd9605ed187b8fd1c54032fbf,PORK,B,pumpswap,True,7,5.658e-05,17389.52,56589.0,56589.0,28740.17,28740.17,28740.17,461,354,80.76,42.66588083089193,30.4,397,32.5,0.0,0,0,1.0,28,8,0
HHAaKxGSYomiwHeH4aPf5Lr9aqRLaYLNqhmrfBDUpump,1784413654.9528499,ae89c5493b98cadfd9605ed187b8fd1c54032fbf,HOME,B,pumpswap,True,6,0.0004457,52824.68,445729.0,445729.0,1670744.96,1670744.96,1670744.96,12631,11159,1362.0,52.31588083089193,74.6,4308,17.6,0.7,9,0,29.0,1000,26,25
Xw9hBXxn7TrGCjmnUyLYrbTxdeTNngxgXzowPNMpump,1784413654.9528499,ae89c5493b98cadfd9605ed187b8fd1c54032fbf,RACSTEIN,B,pumpswap,True,2,0.0003081,43799.66,308113.0,308113.0,630748.74,1308950.52,1308950.52,1949,1956,6.02,135.61588083089194,75.7,1737,11.4,0.0,0,0,1.0,90,24,16
8YyFWfzAk8HrGscVoPLGmZBiA9BuaakuUTiQn8yJpump,1784423163.242251,f87c037320062dd7863d8bbeadd453d8acff24fb,fuggler,B,pumpswap,True,6,3.324e-05,13376.45,33249.0,33249.0,51462.91,71029.85,71029.85,748,557,78.63,85.17070418294271,54.3,588,25.7,0.0,0,0,1.0,42,21,2
HV1qExf1wqK2NLPuHpucPbCgcZsQWKBPtVqeg84vpump,1784423163.242251,f87c037320062dd7863d8bbeadd453d8acff24fb,Jimothius,B,pumpswap,True,3,0.000203,34304.23,203033.0,203033.0,587140.03,587140.03,587140.03,6400,3864,238.0,43.22070418294271,83.2,1555,1.8,0.0,0,0,1.0,127,12,0
3e7hQA9QPv2rgQcGTHPigFBPXC5WoPXDLBxfTezEpump,1784435509.3834405,6dbae30d60637afc1d77f60c41d1fe5f9f6a2efa,JUAN,B,pumpswap,True,7,7.321e-05,19963.85,73220.0,73220.0,81281.9,105597.48,105597.48,897,914,77.2,68.68972400716146,48.7,738,24.6,0.0,0,0,1.0,116,48,6
YYhQEwcAeScuY3PNxcBzRMDCvZf1Nw1TFK7dVoypump,1784435509.3834405,6dbae30d60637afc1d77f60c41d1fe5f9f6a2efa,PONED,B,pumpswap,True,2,0.0003972,47782.98,397242.0,397242.0,62311.94,662647.1,662647.1,318,351,37.49,205.68972400716146,64.8,3533,4.9,0.0,0,0,1.0,36,4,5
43mjozsTLTViop3seWnmgkcf1DRj6qMf1JWw7X8ypump,1784444954.0772235,a1af5165477323d3121397bd8c3ac258c501d79c,MrSue,B,pumpswap,True,4,0.0001378,29154.39,137861.0,137861.0,180615.45,803858.82,803858.82,2679,1990,14.29,134.40128706054688,78.1,3486,13.0,3.0,10,0,1.0,529,39,14
62VuF8HACLg2ga4xnG9tRff5fmnfmoHJAUiCsBRFpump,1784444954.0772235,a1af5165477323d3121397bd8c3ac258c501d79c,JimSOLdiers,B,pumpswap,True,3,0.0001397,28213.68,139702.0,139702.0,439528.34,439528.34,439528.34,8094,3488,106.0,42.18462039388021,86.6,2816,3.5,0.0,0,0,1.0,58,14,0
2cAtqsRafKS7baN3mvJARhyZiMRdW4fZYNUUWUrCpump,1784452889.124023,7fcee7d96e56f6ce5f789625187628ac936d62fd,Agamemnon,B,pumpswap,True,5,0.0002895,41584.44,289503.0,289503.0,771943.28,903876.8,903876.8,7563,6138,256.0,70.80206704915365,76.1,2929,16.1,1.4,4,0,1.0,476,16,14
32vUHPxVShN552WwJ36vWnxCoy34eTDHRiQwL6ZA3ntP,1784452889.124023,7fcee7d96e56f6ce5f789625187628ac936d62fd,tilly,B,pumpswap,True,7,7.488e-05,20231.88,74884.0,74884.0,66119.02,108543.48,108543.48,787,541,92.85,87.56873371582031,58.0,981,26.0,0.0,0,0,1.0,142,16,6
HR6paqSuqjEcG89SDDMySEGqwkRhNLSi2FsqhasMpump,1784452889.124023,7fcee7d96e56f6ce5f789625187628ac936d62fd,AGA,B,pumpswap,True,7,5.235e-05,16790.25,52359.0,52359.0,62931.4,62931.4,62931.4,842,592,70.19,21.868733715820312,52.1,772,20.6,0.0,0,0,1.0,123,8,9
9MfmAQ1HGRGVZfrdwBsQnYzcuuYW2zEtu4uniaJKpump,1784458112.3001544,1a12437e9454af2dfa689e7be8ebf84bff1fcec7,Odysseus,B,pumpswap,True,7,2.003e-05,10394.9,20037.0,20037.0,49517.96,49517.96,49517.96,965,759,-35.82,33.055002575683595,67.9,1016,24.6,1.9,4,0,1.0,147,11,2
BwJTyKf4Du8sK3FPuUvK5rJCvrUM89cXfFcP2jwUpump,1784458112.3001544,1a12437e9454af2dfa689e7be8ebf84bff1fcec7,Stickbug,B,pumpswap,True,4,4.681e-05,16113.34,46815.0,46815.0,23795.82,216082.54,216082.54,330,273,77.7,319.1883359090169,73.1,1421,23.3,0.1,5,0,1.0,217,16,7
DCjuEdUAaCWD7ZNHqMNjaN2dE2EsAQtpP5Pswjappump,1784458112.3001544,1a12437e9454af2dfa689e7be8ebf84bff1fcec7,ELONCOIN,B,pumpswap,True,4,0.0001903,32685.57,190352.0,190352.0,259705.65,259705.65,259705.65,2911,1810,496.0,33.83833590901693,62.8,1823,14.6,0.0,0,0,1.0,168,36,0
HAshQYgknYo1HJ6maFpWAoGf67RPhr4oEbEhaPgQpump,1784458112.3001544,1a12437e9454af2dfa689e7be8ebf84bff1fcec7,ARGOS,B,pumpswap,True,5,2.257e-05,11247.64,22576.0,22576.0,69360.21,216074.41,216074.41,1311,1150,-61.25,85.43833590901693,72.0,1546,24.7,0.0,0,0,1.0,174,25,7
7ngrUqUvvnt1SpMRFo4rt7CG5CVscXb9C9ngHPr4pump,1784461521.191625,ad770ad47538b71087c76470a2eee189ea42fdc2,Nenem,B,pumpswap,True,4,0.0004804,53188.83,480460.0,480460.0,926082.98,926082.98,926082.98,7658,4406,692.0,41.919860416666666,74.0,1900,1.7,0.0,0,0,29.0,375,3,0
HbGVzMdUnxQu1dYcWFQYU3LboHF32rwY9Cem1WZ6pump,1784461521.191625,ad770ad47538b71087c76470a2eee189ea42fdc2,HNUT,B,pumpswap,True,5,0.0001794,32016.63,179483.0,179483.0,374310.5,374310.5,374310.5,4963,3793,473.0,52.60319375,66.1,2261,19.8,0.0,0,0,1.0,278,13,8
k9ZJ9DL9LQHfVudsK9ZswPwmhkQx1QML2pQoeNrpump,1784461521.191625,ad770ad47538b71087c76470a2eee189ea42fdc2,POD,B,pumpswap,True,7,3.297e-05,13322.61,32972.0,32972.0,32648.32,32648.32,32648.32,673,502,4.08,10.536527083333333,41.5,901,24.4,0.0,0,0,1.0,166,7,2
4gRYGyDP9Jkdt2bi9LN8ZKwwd22UfPYAA8bRA3Zppump,1784470542.123143,91c7ac3455ee64df79e70d51bf6f836d892fc473,Nimis,B,pumpswap,True,4,0.0004062,49196.05,406292.0,406292.0,1027241.81,1027241.81,1027241.81,7862,4740,615.0,44.61871905110677,79.5,1737,2.0,0.0,0,0,1.0,473,6,0
Dx2MJutrQwVxJ3PsdiXBzJdVkvVrPYCVc39MbJQUpump,1784470542.123143,91c7ac3455ee64df79e70d51bf6f836d892fc473,TROJAN,B,pumpswap,True,5,4.507e-05,15738.34,45078.0,45078.0,118635.36,118635.36,118635.36,1904,1363,42.82,29.785385717773437,73.7,1094,15.9,3.8,4,0,1.0,139,14,1
rG2Q4Re1fSNLbbnqN63N2whNSTJ9yQaa3zsUKg6pump,1784470542.123143,91c7ac3455ee64df79e70d51bf6f836d892fc473,hoh,B,pumpswap,True,5,4.765e-05,16509.4,47651.0,47651.0,67998.89,289666.92,289666.92,1316,1020,57.25,96.83538571777343,74.7,1739,20.8,0.1,4,0,1.0,222,13,4
AV9if3eY6XCSqbG5PwPemweHMXm1o95tcfV9asULpump,1784474780.9108715,57d16e9006cb359f7f368ee138e19dc29e3785bb,Komugi,B,pumpswap,True,3,0.0002231,36175.19,223108.0,223108.0,407714.55,638328.83,638328.83,8149,4419,62.18,76.09851452636718,83.1,2831,3.9,0.0,0,0,1.0,58,15,0
3896JtCMnJp8UREX13EGXH82mEzrUnt8ZKNLThYRpump,1784478604.7406225,29a67fda7e52c8d314c2b33b5c407f8102085462,猴子币,B,pumpswap,True,6,0.0001288,27034.89,128840.0,128840.0,287236.96,287236.96,287236.96,4132,2602,311.0,47.37901037597656,68.5,1499,22.3,0.0,0,0,1.0,231,11,13
BoRwd4FuvPUTi8Mu4ViCBG6oe7i9PesjDMePEX4Tpump,1784478604.7406225,29a67fda7e52c8d314c2b33b5c407f8102085462,ODYSSEUS,B,pumpswap,True,3,0.0001518,29766.29,142371.0,142371.0,214924.29,485558.01,485558.01,3151,3145,77.08,122.92901037597656,72.5,3006,20.1,0.0,0,0,1.0,189,38,6
FS5CEYY6MBvoLbjQEXfBbDRqZhLjqUfy9iVL91oZpump,1784478604.7406225,29a67fda7e52c8d314c2b33b5c407f8102085462,5GUYS,B,pumpswap,True,4,5.527e-05,18182.22,55276.0,55276.0,153628.27,771329.34,771329.34,466,418,-65.04,72.52901037597657,64.6,508,11.2,0.0,0,0,1.0,12,9,0
3qbphpUrEEYyhkDFyXzWLLU9Nk75ng7frc3Rvt7Dpump,1784486046.6416783,614ae0f39ac28236599c2e56018514ac3eb7d701,MAGAMEMNON,B,pumpswap,True,3,0.0002505,38120.16,250597.0,250597.0,407991.63,662578.79,662578.79,8751,4834,104.0,78.81069463704426,81.0,3243,3.3,0.0,0,0,1.0,37,11,0
5UNFUzBFu34Zv8Cewfn33FxbNtbFuihmXA4Rgee1pump,1784486046.6416783,614ae0f39ac28236599c2e56018514ac3eb7d701,ANSEMCOIN,B,pumpswap,True,1,0.001134,103467.95,1134438.0,1134438.0,1860850.9,8077417.49,9909805.25,4045,3210,32.02,545.7440279703776,76.3,4314,14.3,0.0,0,0,1.0,359,29,18
DoW1wXcxEWqgDyhRBUruCKKuMtYqioVW6Fb76F88CcAb,1784486046.6416783,614ae0f39ac28236599c2e56018514ac3eb7d701,DOW,B,meteora,True,2,0.001995,87320.24,1995669.0,1995669.0,547.61,43411.54,43411.54,28,10,4452.0,98.1440279703776,35.5,126,11.1,0.0,0,0,32.0,0,0,0
HmqNryXmwU2H7tYZwTyd3nqUnEiELGjxivgDocEPpump,1784486046.6416783,614ae0f39ac28236599c2e56018514ac3eb7d701,Lamiau,B,pumpswap,True,6,7.659e-05,20720.55,76593.0,76593.0,283925.49,283925.49,283925.49,4342,3311,146.0,27.127361303710938,75.0,1971,20.6,0.0,0,0,1.0,352,28,6
8ipdADvjbmmANFKLvmWJWbNa3bWmTrAKS1TwWXCKpump,1784490486.6314902,ad9e9bca09d112e4c414935c959ebf6eda1fd2f8,Lionel,B,pumpswap,True,4,0.0001404,28538.31,140451.0,140451.0,556344.47,556344.47,556344.47,6980,6230,363.0,34.07719150390625,75.4,2866,15.3,0.0,0,0,1.0,620,20,9
3zbaboajDtmsu6EKBiT5d3BmbTMLyFXbgwkKSoZMpump,1784496529.1355813,6635befcfcb2df626c54690e094ade66a88b707a,Argos,B,pumpswap,True,5,0.0001107,24922.38,110781.0,110781.0,96097.61,237088.56,237088.56,1700,789,74.8,108.4022596883138,69.3,1194,25.1,0.0,0,0,1.0,125,11,3
6ZEb1x9vLREP1WDfnsv1k99foGmjNhPxy12wBr5xpump,1784496529.1355813,6635befcfcb2df626c54690e094ade66a88b707a,YamaBull,B,pumpswap,True,7,3.015e-05,12776.46,30155.0,30155.0,55647.21,55647.21,55647.21,1319,1243,-4.77,37.185593021647136,59.1,778,11.7,0.0,0,0,1.0,125,13,0
6LLNiWXRZp8hn5oTFTHEo8ERbJS3QJfHSKhnTCqipump,1784500183.442293,90a5797f1f43ba1515c6341d2289e81368330dd1,MEMIPEDE,B,pumpswap,True,7,8.043e-05,20848.62,80432.0,80432.0,41134.48,41134.48,41134.48,588,393,155.0,21.8407048828125,42.6,767,28.4,0.0,0,0,1.0,130,8,4
EQZfBpWpQc5BEUsP3q79xk1k3mKAAeL8bVZ5m1LJpump,1784509738.1294131,aad641066fb491d8370721e3f0adc8178f7206f9,ESPCAT,B,pumpswap,True,4,0.0003062,42333.96,306251.0,306251.0,679625.64,679625.64,679625.64,5423,3068,387.0,30.835490218098958,77.1,1551,1.8,0.0,0,0,1.0,434,7,0
fQDN3YED9Rkz5oaPPt9V6xTgmgHtkybgizwvNMzpump,1784509738.1294131,aad641066fb491d8370721e3f0adc8178f7206f9,CONVICTION,B,pumpswap,True,5,7.027e-05,19772.67,70270.0,70270.0,63675.55,148504.86,148504.86,4128,476,9.99,68.60215688476562,71.9,608,14.2,0.0,0,0,1.0,28,39,0
4kdX3qeL1t8CoVLVM6XDygTBWz8XfWLRSuLJmojJpump,1784523363.6648958,92248083efc48480dfb79a25bfa32eb31f69918c,KING,B,pumpswap,True,5,8.451e-05,21511.89,84519.0,84519.0,17097.32,67916.16,67916.16,594,266,123.0,181.99441492919922,57.8,1186,21.0,8.7,9,0,1.0,77,44,2
5UoWzex7rVky9ZSHGQXQgAPsm8jDZQMFBGqch8L7pump,1784535272.0709136,4ac2eee98af903e19e8a58aa782c774347936601,JACOBIAN,B,pumpswap,True,5,0.0007476,69940.18,747620.0,747620.0,1121864.11,2081620.87,2081620.87,12445,9435,92.44,142.584515226237,75.4,4449,13.9,7.9,15,0,1.0,1000,30,8
6Z6qeAuA45G8RrxG7hjZVdPHn1rNHtedJy9WAXg9pump,1784535272.0709136,4ac2eee98af903e19e8a58aa782c774347936601,Tilly,B,pumpswap,True,4,0.000155,36344.81,154977.0,154977.0,12734.99,137530.04,590946.98,101,86,-29.66,4349.951181892904,61.6,7337,17.5,3.4,12,0,1.0,675,19,39
93tRm6L1bNr15FTjnYUazRh4J3Ths2bL84myCBNtpump,1784535272.0709136,4ac2eee98af903e19e8a58aa782c774347936601,FABLE,B,pumpswap,True,6,0.0001004,23641.97,100441.0,100441.0,193944.09,193944.09,193944.09,3401,2199,218.0,29.06784855957031,67.6,1386,16.0,0.0,0,0,1.0,204,30,11
J2YBGX7RTW59KagTzeSpubYRL8BypqQwHCZ3bn6opump,1784535272.0709136,4ac2eee98af903e19e8a58aa782c774347936601,POH,B,pumpswap,True,2,0.0001069,25381.58,106906.0,106906.0,384068.29,958954.31,958954.31,8678,3701,-41.18,119.50118189290365,87.0,3754,2.8,0.0,0,0,1.0,68,6,0
DZHUbHzcedNzpfgqjTgrKu31fLr6hBT7h7hVxgpZpump,1784546213.5056517,fa1d0336a37d2c07452db08d621ae63745360f99,GBULL,B,pumpswap,True,7,9.275e-05,22801.59,92751.0,92751.0,6324.37,81461.89,225505.19,128,90,15.29,889.8084275268554,64.6,959,27.6,4.1,8,0,1.0,87,12,3
FDM8DKzNNUZNoveMPJ9qQ9y7GpXp1wKq7Y4ujtMMpump,1784553596.7175272,3dca4530a849c4d6544090d917197057e5e826b8,Jerboa,B,pumpswap,True,7,0.0001254,26823.86,125407.0,125407.0,362430.98,438550.95,438550.95,4122,3307,707.0,82.8119587849935,74.0,2326,21.8,2.8,13,0,1.0,439,20,12
4rABHLfm7BDkkjrkyPYtRadg2BZTEZVoEy3MzrFQpump,1784561041.4928071,bdd05cfe08ba7a3097f0940dafc0f9b3bbf6b762,WHALE,B,pumpswap,True,5,3.925e-05,14691.2,39251.0,39251.0,76083.1,77915.55,77915.55,1476,1114,18.17,60.29154678548177,65.8,1063,18.2,0.0,0,0,1.0,139,18,3
5gwe1GmHQcWAGeqcJ7H7ESLAkXq2xJ6cY7JiVgCnpump,1784567038.943801,9463c43fbdb64094cbd1c3b31c0e168418bef534,MOONY,B,pumpswap,True,6,6.625e-05,19273.44,66254.0,66254.0,121446.4,121446.4,121446.4,4839,612,105.0,53.63239668375651,66.5,517,14.1,0.0,0,0,1.0,29,31,4
7VuK3QBoGyJeWio9RhNDWr7VhWrMAGrC5Tk1XJ3pump,1784567038.943801,9463c43fbdb64094cbd1c3b31c0e168418bef534,AnsemGirls,B,pumpswap,True,2,0.0001571,30021.65,157113.0,157113.0,346402.8,346402.8,346402.8,6608,1290,133.0,25.63239668375651,84.3,3816,3.2,0.0,0,0,1.0,94,11,0
5v4Apahd9MZVUWt5qn5MV4ZsbsuRWavbvfmmwVkNpump,1784574217.3029847,13c2583a9177692746c9ab5f1c236a5ea86cac73,MOGCHILL,B,pumpswap,True,2,0.0008257,78004.39,825739.0,825739.0,1724154.75,4168608.31,4168608.31,3895,3196,-20.23,229.42171641031902,76.2,2689,15.5,0.0,0,0,1.0,237,35,11
6wCpTaxLmCeBdsazRebYNHtFNC1mPJDWKscHHVwkpump,1784579857.1566837,b52a561501b7a513d09846afd827fcf6b9508c9f,Jimhood,B,pumpswap,True,5,0.0001716,30935.12,171654.0,171654.0,93865.73,93865.73,93865.73,829,598,426.0,31.902611393229165,44.4,627,13.2,0.0,0,0,1.0,69,24,7
H55qUAeK313XyTrhxeMVQgBrogdGG9biyAVfmDQipump,1784579857.1566837,b52a561501b7a513d09846afd827fcf6b9508c9f,JTC,B,pumpswap,True,3,0.0001811,32391.8,181195.0,181195.0,412347.45,412347.45,412347.45,6906,2997,159.0,40.26927805989583,79.8,2948,2.2,0.0,0,0,1.0,72,3,0
34BTWsb3eHmNpXSnKhn3RuA3TugV5DL6kateQL3Fpump,1784584342.9339533,0d9c407e37546d21739fdf002a6e1140edbc88c9,SCG,B,pumpswap,True,5,8.733e-05,22348.38,87331.0,87331.0,275482.14,275482.14,275482.14,3707,2880,173.0,34.99889922281901,75.1,1622,19.9,0.0,0,0,1.0,256,17,18
BAGWtYQm6kei9M9hoVcY3pqXxeiGZ1poGoq51io5mJS6,1784589024.9412014,f261439b164b487e2fe761acfe6b6a1ae7abda63,POB,B,pumpswap,True,5,0.0006605,71331.77,660524.0,660524.0,47008.38,365851.7,1887624.77,452,364,-3.25,2900.4990200236,63.8,7347,22.2,1.5,9,0,1.0,961,19,27
4tnZ57E3oWjaZKSQY1iwgqiD8ivAGk5TambivhTYpump,1784592877.3460135,1b9c127d4dee10efc8d77ad0694e53e286604683,GMEBULL,B,pumpswap,True,1,0.000574,59833.7,574055.0,574055.0,336713.74,1254928.57,1254928.57,1793,1184,42.67,90.98910022379557,72.1,1976,10.4,0.0,0,0,1.0,117,14,4
9DKbFZy5UQA97ohNYwHg72BNX3iQCngKatqVidrrpump,1784605880.0897858,aaa53dcdd24034d90cd8a7c105187c9ca5b9a688,Cooper,B,pumpswap,True,1,0.00028,41139.99,280064.0,280064.0,150910.41,772847.68,772847.68,4757,1624,14.78,221.45149643147786,85.9,7451,4.0,0.0,0,0,33.0,37,9,0
FCR5PjritfaxoYwwDzrYybCKoN3pJDjQ6gNcsymkpump,1784605880.0897858,aaa53dcdd24034d90cd8a7c105187c9ca5b9a688,Rigby,B,pumpswap,True,4,0.000326,47421.47,326067.0,326067.0,154651.72,2260738.84,2260738.84,1597,1198,19.32,225.5348297648112,77.0,5161,15.7,3.5,9,0,1.0,1000,28,24
FhaCSvtpcpKJbih7p8b9kkEXhagz1yDLXvBKaQJ4pump,1784605880.0897858,aaa53dcdd24034d90cd8a7c105187c9ca5b9a688,OTTO,B,pumpswap,True,5,3.286e-05,14344.1,32864.0,32864.0,181125.75,854695.21,854695.21,1924,1525,-74.4,165.70149643147786,75.3,2679,18.6,8.7,20,0,1.0,392,24,14
HEZTzupnyVebcpJ2PZem4DkStCdpdZCAENy7aUexpump,1784605880.0897858,aaa53dcdd24034d90cd8a7c105187c9ca5b9a688,FRED,B,pumpswap,True,4,0.0003525,46061.04,352589.0,352589.0,187781.19,662977.38,662977.38,1755,1177,116.0,187.7348297648112,63.7,2363,24.1,0.0,0,0,1.0,168,18,6
gF2fSfar4x1BiZ9n2MLMAVYVWQYzxpsrXC6hGV7pump,1784605880.0897858,aaa53dcdd24034d90cd8a7c105187c9ca5b9a688,CAGE,B,pumpswap,True,2,0.0003185,43391.8,318527.0,318527.0,112393.67,533671.97,533671.97,917,996,46.76,132.35149643147787,65.0,3030,4.8,0.0,0,0,1.0,24,20,3
FKZXLV32fC1PgaifEhi1bWLhd2uRobBy4BtoHUqipump,1784624759.385106,e5009672e58d30a315e104d28caf62260aaa45e0,klitoris,B,pumpswap,True,3,1.766e-05,10238.68,17666.0,17666.0,176248.88,402449.67,402449.67,3162,2183,-72.59,96.28975177001954,76.3,2138,19.5,0.0,0,0,1.0,262,16,9
57ZbsHaZWsKx8fFALhGAnQmRkhr3LZtLMSvXPtC5pump,1784632615.985577,a07ca7e6edd2365255e1c592da723c311adab4f2,Ivy,B,pumpswap,True,4,0.0004519,51910.96,451988.0,451988.0,748233.23,748233.23,748233.23,7720,4415,409.0,54.44975961914062,71.0,1726,2.6,0.0,0,0,1.0,196,16,2
9sWbnwdcR4vjmdKz9q56QmfAd3332kQ6qFxZka6Hpump,1784632615.985577,a07ca7e6edd2365255e1c592da723c311adab4f2,she ,B,pumpswap,True,4,0.0003301,44521.99,330184.0,330184.0,377687.6,686866.7,686866.7,3601,2490,333.0,155.36642628580728,67.3,2684,19.1,3.1,4,0,1.0,377,53,12
DG7Ls6z3AmpsmfCk5igT8GhGEC1e1mYc4zMruXXfpump,1784632615.985577,a07ca7e6edd2365255e1c592da723c311adab4f2,BULLCOON,B,pumpswap,True,2,0.0001546,29937.07,154632.0,154632.0,357908.4,357908.4,357908.4,7001,1143,128.0,29.299759619140627,86.0,3631,4.2,0.0,0,0,1.0,15,2,1
3Y3ta7U2zF2CHD8np4ybesxN6k6cHMC7bYqeSofdpump,1784638027.4620385,ee1ee9796c12d05c122454ec8878200d1480f7c5,BULLISH,B,pumpswap,True,6,2.285e-05,11271.79,22852.0,22852.0,51301.6,51301.6,51301.6,996,847,-29.97,35.641033976236976,65.6,947,19.1,0.0,0,0,1.0,72,22,0
9Mn2t7yX2TmSSMEsQqDnFvcmNAGVCPhjevXpKfqgpump,1784638027.4620385,ee1ee9796c12d05c122454ec8878200d1480f7c5,JimWhale,B,pumpswap,True,3,0.0001435,28890.37,143530.0,143530.0,382361.92,382361.92,382361.92,5950,2446,105.0,32.40770064290365,83.8,2721,3.2,0.0,0,0,1.0,17,16,0
FMjb2qX1WbHtEebLZN5xtYPLN3y8z3seFW5uYLNCpump,1784638027.4620385,ee1ee9796c12d05c122454ec8878200d1480f7c5,CASHOTHY,B,pumpswap,True,7,9.587e-05,23102.42,95873.0,95873.0,57689.94,57689.94,57689.94,6915,1080,151.0,40.09103397623698,52.0,564,20.5,0.0,0,0,1.0,21,26,1
GM9iDcsma9q3P5LKhoyVwFscjxCaWsW87gzbSxPU1Goa,1784645425.8006566,831a8431844131aa607c4d053115ef07ff3bf87e,GOAP,B,meteora,True,3,0.00211,95415.42,2110541.0,2110541.0,198.5,902.2,47616.76,1,1,0.23,814.1466776082357,21.1,135,20.1,0.0,0,0,1.0,0,0,0
5M9bFfdqwGxXNMEMBgPsr8dyr7n9KzJxgMHQ91eGpump,1784656108.4810183,c88282487706d849e6cdef8171d9f52f764b3ea5,SANCHEZ,B,pumpswap,True,6,4.652e-05,14658.95,44968.0,44968.0,11428.6,33487.85,33487.85,1449,951,-6.34,76.64135030517578,41.3,383,13.0,0.0,0,0,1.0,41,10,0
9EjVeWQ19xcxZiE9Xir7C5pQigRXGYDc4cba4LU9pump,1784656108.4810183,c88282487706d849e6cdef8171d9f52f764b3ea5,WOOD,B,pumpswap,True,7,8.928e-05,20819.41,89290.0,89290.0,35445.64,61513.71,61513.71,534,309,100.0,68.90801697184244,44.9,459,10.0,6.5,6,0,1.0,23,16,4
CH7HjcS67VPXVcwRKrro6icR4QzDD8W75NjNzD1pump,1784660297.579564,b5886158a68928170d99aca3e37a475f9c6912cb,Crystal,B,pumpswap,True,7,3.876e-05,13217.75,38762.0,38762.0,26603.61,26603.61,26603.61,880,384,21.59,51.60965940348307,43.4,564,27.7,0.0,0,0,1.0,55,20,1
cdxxwBUAxxtwQjpjCAh7PSUDKdNuRYYWk2gKhUipump,1784665380.4694493,bf9e820e21a1453ba124355ed60d174dea8c4413,ANSEMOTHY,B,pumpswap,True,5,6.844e-05,18269.57,68440.0,68440.0,134894.82,134894.82,134894.82,4821,821,111.0,43.74115748697917,70.8,666,12.7,0.0,0,0,1.0,26,18,0
CAfMe9iv3C82XHAq14XeJuQ6yo3FswfxNDeMP5Nfpump,1784670168.9495583,dd623926d6b19391a156ec13decc1661c4dc63be,ALIVE,B,pumpswap,True,3,9.986e-05,25088.88,99856.0,99856.0,24146.53,285957.98,842100.04,299,294,-0.23,671.7658259724935,71.0,2803,21.6,7.7,4,0,1.0,393,21,15
GEPfztBZqdh8nZHaPsRxd4UzzwAc8wJRQvC9Rkuxpump,1784670168.9495583,dd623926d6b19391a156ec13decc1661c4dc63be,BABYJIMOTHY,B,pumpswap,True,3,6.615e-05,20276.5,65024.0,65024.0,26973.91,249628.51,706383.55,1975,420,-71.73,521.7324926391601,86.2,3544,16.7,5.7,4,0,1.0,445,32,11
2bFc6R3Wr8e9frH5BDNHoD3vcLQk1DBQzUkrSdADpump,1784673576.1281075,5653d060d73f0ca4889c310722472b0c79367cb8,GokuSem,B,pumpswap,True,2,0.0001568,29154.83,156894.0,156894.0,606129.09,621792.55,621792.55,8271,1987,-0.18,60.78546846110026,90.8,3767,3.9,0.0,0,0,1.0,19,7,1
2HBTVUsaorJ1axpMxkqBv1c85nyXp34GFMnrSA2ipump,1784677416.3649523,3b655820fb3a4b1a2e29890be06e3569e898727e,Cuda,B,pumpswap,True,1,0.0003135,41535.61,310958.0,310958.0,150439.78,596585.27,596585.27,4781,1092,33.4,115.78941587320963,79.9,4831,5.0,0.0,0,0,33.0,34,12,0
3zUqCv6rsqxvPJSLf1SetgYqjXBLqbuWyJqchnZfpump,1784682636.2943857,bcbe0bfe6b39612f46b0f5a5db3480ad114a3aa3,JIMOJAK,B,pumpswap,True,4,6.775e-05,18838.59,67751.0,67751.0,583555.47,583555.47,583555.47,11029,3692,-2.09,55.57157309570312,88.8,3419,3.0,0.0,0,0,1.0,50,13,0
7LxAGkCSxftYVZnqai7bPfY2diVKep2sF3NaXc1Ppump,1784682636.2943857,bcbe0bfe6b39612f46b0f5a5db3480ad114a3aa3,JIMOTHIUS,B,pumpswap,True,7,3.281e-05,12083.59,32799.0,32799.0,26614.53,26614.53,26614.53,571,361,0.46,59.18823976236979,52.0,861,19.1,1.1,5,0,1.0,96,1,4
GWVESyRBo7mMWJQhD69rK8bNHtwqeKWBQgt3ppdYpump,1784695075.8533614,0eb2f37057ff79236ffbf6b075120593e9e32fff,JIMOTHIUS,B,pumpswap,True,3,0.0004057,48017.3,401787.0,401787.0,432057.41,720846.44,720846.44,9265,4562,223.0,80.84755602213542,74.0,3665,2.1,0.0,0,0,1.0,45,9,0
D5qVb7AfwFqHi5Ud6mDpP1QTEgbXd7HRPH2jJ9smpump,1784705165.6878576,800673b35bd2d7852fb98329020e9d7dffb5527c,Danko,B,pumpswap,True,5,0.0001158,24835.0,114944.0,114944.0,300636.98,743706.41,743706.41,5055,3575,-56.22,80.84479762776692,81.5,1078,5.1,0.0,0,0,1.0,168,5,1
6otTXQjeRdHDtWiw6d7YKS3KK6tkcLigVoa64CYBpump,1784714606.3754215,0159592a9aff1a58e6ed85f522fc4b6e49a45e5f,Gatoelho,B,pumpswap,True,3,0.0001861,31301.74,186150.0,186150.0,400101.17,400101.17,400101.17,3299,1546,113.0,20.839590360514322,76.4,1001,6.1,0.0,0,0,1.0,86,4,0
DYvoYmQhom92FNb5vF6PEoKSbP2DYaxYM5HTErTDpump,1784714606.3754215,0159592a9aff1a58e6ed85f522fc4b6e49a45e5f,Chungus,B,pumpswap,True,8,0.000101,22453.56,101068.0,101068.0,149794.88,149794.88,149794.88,2006,1704,213.0,36.10625702718099,58.6,1429,20.9,4.8,19,0,1.0,220,15,11
3rj59CcavzZ3i1AKf5yW3b4s9UCobvQdfgSrtgxapump,1784721551.1301606,dba6b4ca49ba3779b7d5c205cd36098a93f03fda,HF,B,pumpswap,True,4,4.25e-05,13880.44,42502.0,42502.0,49761.37,49761.37,49761.37,334,201,31.85,46.902169344075524,40.7,216,16.9,0.0,0,0,1.0,8,14,1
2Dgvn5ktX6DnEY4wEBrevCutgUxuZUtbzVHKXp78pump,1784729865.2143664,cedaff8dfd59a52d625f6337fc0d6237afae9b4a,Cowl,B,pumpswap,True,3,0.0002701,38662.94,267935.0,267935.0,464645.94,620690.55,620690.55,8963,4125,77.48,72.3535727742513,79.4,3371,3.1,0.0,0,0,1.0,70,13,0
6q2cfpsyeo9gA8wyybq8egKhNZsvGcfc5L2wC2K4mWtQ,1784729865.2143664,cedaff8dfd59a52d625f6337fc0d6237afae9b4a,SWOGE,B,pumpswap,True,7,2.844e-05,11251.41,28449.0,28449.0,120587.53,120587.53,120587.53,1502,1120,-11.56,41.2035727742513,73.3,964,23.3,6.4,4,0,1.0,92,10,5
6rgZ1MEFwik2F1tDGfq7e9xmMf2vZE72uWTDNpospump,1784729865.2143664,cedaff8dfd59a52d625f6337fc0d6237afae9b4a,deerabbit,B,pumpswap,True,7,4.196e-05,13919.57,41969.0,41969.0,75525.95,75525.95,75525.95,1031,884,31.22,12.57023944091797,44.3,690,23.3,0.0,0,0,1.0,102,16,8
Cnm8PaGvGFPT1dDqvRLYRZLwqdTN8dUTtQZT1BTKpump,1784729865.2143664,cedaff8dfd59a52d625f6337fc0d6237afae9b4a,SWOLEDOGE,B,pumpswap,True,6,0.0003645,46804.76,359323.0,359323.0,941182.81,1340037.01,1340037.01,8858,6096,154.0,84.98690610758463,76.4,4505,19.4,6.9,9,0,1.0,711,10,11
beXjn8EghNXnKCucBh1oiRa23rmnrhrpUvPBLPupump,1784729865.2143664,cedaff8dfd59a52d625f6337fc0d6237afae9b4a,SAMECAT,B,pumpswap,True,3,0.0001929,32396.71,191081.0,191081.0,393984.69,699883.8,699883.8,1972,1511,-12.4,78.77023944091796,79.5,1770,8.5,0.0,0,0,1.0,116,16,7
BQ6Hi7ag6SPydUazvU5hkbz9frC78dm9AX55pFqJpump,1784735639.5929372,e7b8de9da3e7a79e60dc2c5c54dd2beeefffb9b5,HAGGIS,B,pumpswap,True,8,2.724e-05,11022.05,27247.0,27247.0,126022.87,126022.87,126022.87,1475,1426,-15.14,43.52654895426432,67.7,824,22.0,0.0,0,0,1.0,121,9,7
EZ8Sp3zx8RPswHNYnykFG7V3uLqpua5d89qpVD3edoge,1784735639.5929372,e7b8de9da3e7a79e60dc2c5c54dd2beeefffb9b5,SWOGE,B,meteora,True,7,6.201e-05,19077.52,62019.0,62019.0,67599.2,67599.2,67599.2,819,440,52.8,31.859882287597657,39.6,478,38.2,0.0,0,0,7.0,106,9,7
AFnCQjbWGkVvP1ZrQjbx2LqSJF5fwLTntDiauXXspump,1784741746.5697923,4e1f492700a9f337a7086a9677cb21a6f91f4c29,JOP,B,pumpswap,True,2,0.0001248,25454.2,124823.0,124823.0,317376.32,317376.32,317376.32,5344,1315,77.94,23.19282987060547,86.8,3455,1.9,0.0,0,0,1.0,37,5,0
Bb3q2gyesz1YrRzj6ZtFFHKCiHzSA3RLUiQDZKwZpump,1784741746.5697923,4e1f492700a9f337a7086a9677cb21a6f91f4c29,RACC,B,pumpswap,True,3,0.000142,26872.24,139529.0,139529.0,90382.73,110842.84,110842.84,8653,2425,63.71,98.24282987060546,56.6,656,10.6,0.0,0,0,1.0,23,23,2
J33WbCWN2m1EpoNUP9Ch6cWoV5j6BFJervDfgPk3pump,1784745907.1178763,a57fea2f7931f20c5036c1435cb4a1726484c8b6,Cricket,B,pumpswap,True,3,0.0001714,31118.64,164839.0,164839.0,31550.88,414061.44,736428.94,283,332,21.91,1449.768631270345,68.1,2774,21.8,0.0,0,0,1.0,407,11,12
BmdXs3WvW88MctjKibL86FTUdTyr9GBn8XNUuok7pump,1784750483.0927978,b16be8246c3741fa36e1097cea9e41c5b3d302e9,ALTO,B,pumpswap,True,7,2.58e-05,10615.41,24986.0,24986.0,13722.81,118071.32,118071.32,209,178,-12.98,155.30154663085938,64.8,717,25.8,4.1,8,0,1.0,85,11,4
ENADVTvNXevV7hcdqsVtPHS5UnX8y4uwsjrDFvMGpump,1784750483.0927978,b16be8246c3741fa36e1097cea9e41c5b3d302e9,JACK,B,pumpswap,True,4,0.0001102,23504.8,108487.0,108487.0,10825.0,139126.65,139126.65,65,58,63.02,74.26821329752605,39.3,196,12.5,0.0,0,0,1.0,12,16,0
FghHacaCotX6EmLbJRf2C99WjWdZAsVuAz6M67f6pump,1784750483.0927978,b16be8246c3741fa36e1097cea9e41c5b3d302e9,r/DOG,B,pumpswap,True,2,0.0001298,26139.29,129883.0,129883.0,443813.16,443813.16,443813.16,8706,1432,92.91,47.43487996419271,93.1,5188,3.4,0.0,0,0,1.0,25,11,2
4VzF6EKX7M3PQDnJxET9xftPaaL8K5yucLqUD1Vvpump,1784755373.0893402,043aebc9bc345d68d10661606c083dd8ffe4dce5,GOATSEM,B,pumpswap,True,4,0.0001035,23127.67,102116.0,102116.0,11404.27,312334.22,312334.22,177,225,-14.98,84.80148900553385,59.7,367,11.9,0.0,0,0,1.0,20,5,0
CAqfq9VneEGmNrUXxu9ofyFfAyGppjrXpKqg7fnssarB,1784755373.0893402,043aebc9bc345d68d10661606c083dd8ffe4dce5,SOBOT,B,pumpswap,True,6,2.838e-05,11138.26,28388.0,28388.0,57617.87,57617.87,57617.87,712,385,-34.22,46.70148900553385,53.2,248,11.4,0.0,0,1,1.0,35,13,2
55TLkaCjVD3if5pnMdcUN3cvUh2CaSYnXSqEinqgpump,1784759300.499911,c6c8b34437694343dbfba619d47fb4b772d8cd1e,GOONMA,B,pumpswap,True,7,7.214e-05,18775.38,72148.0,72148.0,143131.61,143131.61,143131.61,2447,1866,131.0,19.241665185546875,65.9,1394,17.6,4.2,5,0,1.0,253,35,8
BQYc6c5hivsPrEEmTxBVjGT16setk2gmPvbv7YBxpump,1784759300.499911,c6c8b34437694343dbfba619d47fb4b772d8cd1e,EVE,B,pumpswap,True,6,0.003218,135423.45,3218175.0,3218175.0,702767.98,784961.7,784961.7,1257,802,1032.0,60.39166518554688,38.5,487,14.8,0.0,0,0,1.0,105,12,3
EP8QJoR6LnMidjv818MWGs7Mm4hQR6vv1gNdT7NK4Lgy,1784780931.2652154,852ad2b35bbdeb19dcfcf68f1f0d26e43382d8ab,bitcat,B,pumpswap,True,4,0.0002303,37065.56,222702.0,222702.0,189005.6,1000037.19,1000037.19,2700,2879,21.98,201.5877535888672,72.8,3748,19.2,6.6,10,0,1.0,614,14,21
7kbA4Wnyg8u8QrtUCao3oArLg9sdhcDa6z6WhWWJpump,1784790701.0908911,568d5e52d64b765e5358c9f7dac26b036de2a6cf,BULLMAN,B,pumpswap,True,8,4.223e-05,13921.69,42233.0,42233.0,81365.49,81365.49,81365.49,4632,3022,30.71,57.50151485188802,52.8,492,21.4,0.0,0,0,1.0,37,13,1
BahBSeX57kiZY47knRDLSa5unDHiucWygyS1A1C6pump,1784790701.0908911,568d5e52d64b765e5358c9f7dac26b036de2a6cf,GME,B,pumpswap,True,5,6.533e-05,17710.93,61936.0,61936.0,76446.26,160354.03,160354.03,1398,670,229.0,84.91818151855469,73.3,898,18.9,0.0,0,0,29.0,144,36,11
Bg5WDueyGm9ewSQKURx6RdrFQCEmkuz1WQecg8njpump,1784790701.0908911,568d5e52d64b765e5358c9f7dac26b036de2a6cf,Khamphong,B,pumpswap,True,7,3.017e-05,11481.04,30177.0,30177.0,22339.47,22339.47,22339.47,353,215,-6.75,10.784848185221355,33.4,540,20.8,0.0,0,0,1.0,83,6,1
GD8cdLqU3HU8FfsQDAKU1vDrewciZC2WgRfs2yAspump,1784799674.4772997,6c6f1c5597ce60ec6c58d09b7e2852c58cfc2622,Syrax,B,pumpswap,True,5,0.0004911,53434.71,469307.0,469307.0,362587.52,993125.68,993125.68,3095,2314,43.73,146.34128833007813,65.5,3134,22.7,0.1,5,0,1.0,233,22,5
qnPzgfxz41em1i8jK2g8pgs1ejuntoSxLf1mDUgpump,1784806966.358551,080cf87e67caafe23dd1eb1f16da8b068e4dfb94,Kyle,B,pumpswap,True,3,0.0005327,55811.63,526769.0,526769.0,595760.67,1123781.46,1123781.46,7759,4612,63.9,97.22264251708984,75.8,2716,1.7,0.0,0,0,1.0,300,16,0
4nA3PW6DPmVzNDeKKa3SmfpKeY7LS1yXsRFJm9oEpump,1784812445.4761424,81dcb88ae7eaec229584a186b1eccb896e244174,ANMOND,B,pumpswap,True,1,0.0003932,57861.63,379997.0,379997.0,1009671.06,7523811.08,9707303.71,3173,2965,-35.08,549.9912690388998,74.5,4957,14.7,0.0,0,0,1.0,261,15,33
5pVQnFwVxrpS81bXCPxFfh1LHHbv3AcymbpazZnhpump,1784812445.4761424,81dcb88ae7eaec229584a186b1eccb896e244174,MATH,B,pumpswap,True,5,5.321e-05,16296.76,51802.0,51802.0,47113.86,411679.27,411679.27,2916,461,113.0,200.99126903889973,88.6,1792,15.7,2.3,11,0,1.0,166,19,5
6ctwkKWsuB2VQmvAQXsRAJHQrhunQCDSatAVigWWpump,1784812445.4761424,81dcb88ae7eaec229584a186b1eccb896e244174,ROP,B,pumpswap,True,7,2.442e-05,10188.2,23528.0,23528.0,31107.17,46300.61,46300.61,488,407,-37.35,72.14126903889974,51.4,600,26.9,0.0,0,0,1.0,65,26,1
B2xetuWUZWdhqEvZ25ATSPmyG4hKhEoJgqtq8j4Bpump,1784812445.4761424,81dcb88ae7eaec229584a186b1eccb896e244174,Lih,B,pumpswap,True,5,5.346e-05,15841.4,53465.0,53465.0,108820.11,108820.11,108820.11,1854,1463,71.82,18.64126903889974,66.0,1456,17.9,0.0,0,0,1.0,329,24,9
7SdsWCRwdB196x75AfotUFGNNCUyEFGHnDC2qTuypump,1784820482.0758317,81a7ed98770d0bc31d27393b74c94a17dabbc8fa,TEXE,B,pumpswap,True,6,0.0001874,31064.55,187465.0,187465.0,264891.64,264891.64,264891.64,1945,1338,486.0,47.56793052571614,60.0,903,14.4,0.0,0,0,1.0,100,24,10
HQz4DSDrvgiSeEALGJv1gzSxJx4xfAdigG89pZqMpump,1784820482.0758317,81a7ed98770d0bc31d27393b74c94a17dabbc8fa,TRASHCOIN,B,pumpswap,True,3,8.323e-05,20127.68,81681.0,81681.0,22121.51,160134.09,160134.09,473,294,1.83,116.25126385904947,63.5,779,14.0,0.0,0,0,1.0,30,13,0
6T3JLxXTT9hhFGQxbXDp4jK7n4iyhBjj43P2rrfNpump,1784826150.253608,2be873bf8c86a40b8bc431fd1262a1eaf5c6c088,ROCCO,B,pumpswap,True,5,0.0001294,25154.19,129430.0,129430.0,80082.99,80082.99,80082.99,8571,1571,253.0,41.487560131835934,56.6,741,18.5,0.0,0,0,1.0,14,13,2
6xVq3NbyRf56ndE41tEc5RZ3tqBtFQa9EgbgFBiEpump,1784826150.253608,2be873bf8c86a40b8bc431fd1262a1eaf5c6c088,GIGACHUD,B,pumpswap,True,5,0.0001792,30341.22,179229.0,179229.0,359652.05,359652.05,359652.05,615,437,346.0,24.854226798502605,54.6,382,9.1,0.0,0,0,1.0,81,30,5
qXjNksWUsHjK7QUsKb7RkEnEddtS44nUriV4ny9pump,1784826150.253608,2be873bf8c86a40b8bc431fd1262a1eaf5c6c088,UNCLEAR,B,pumpswap,True,5,0.0003802,44875.42,380288.0,380288.0,494462.78,494462.78,494462.78,4394,2647,554.0,54.52089346516927,63.4,1683,12.1,0.0,0,0,1.0,282,13,4
Gcen2s6nhqdYHDu99fJYq4Aumge8JwM56wDZksrmpump,1784830801.334271,05d6df45cbf801e2c07c33701bca95e2207fffcc,DBG,B,pumpswap,True,8,4.909e-05,14896.74,49095.0,49095.0,33178.85,33178.85,33178.85,390,268,57.37,37.522237849934896,30.1,343,37.3,2.6,4,0,29.0,61,6,0
5B6dsHpN35z98RAre6dSCgTQjKoX4xjo1uv5r7KVpump,1784836285.9251654,2ef8811bdfd71f48f210c4d8690d454c2cf19cc8,GRAC,B,pumpswap,True,7,3.281e-05,12008.95,32817.0,32817.0,103771.53,103771.53,103771.53,1912,3473,6.94,50.01541942545573,69.0,826,17.7,0.0,0,0,1.0,167,27,0
DpVQGZQPgAemvddsLDQXrevizXdYFPYnPPUYCDPrpump,1784836285.9251654,2ef8811bdfd71f48f210c4d8690d454c2cf19cc8,finn,B,pumpswap,True,7,0.0001858,31150.11,185825.0,185825.0,351733.25,383494.16,383494.16,3748,3147,210.0,65.0820860921224,65.4,2161,18.5,5.8,8,0,1.0,244,7,6
13Uhk4Fk3WUeVjx96cWPLqQ4RLAFVkiW5cKqc5TAAiNw,1784839636.0144005,f16ebfb52edd22463d1bbfe32a1d731c1cd561d1,fefer,B,pumpswap,True,4,5.102e-05,16075.94,49106.0,49106.0,5416.42,134957.92,594307.57,70,107,-5.99,906.8169066731771,67.4,2323,28.7,0.0,0,0,1.0,314,17,17
3pz7Xrpsj18m8LJE9vBVxEPDLnSvkDxE2hUxk4SPpump,1784839636.0144005,f16ebfb52edd22463d1bbfe32a1d731c1cd561d1,INFINITY,B,pumpswap,True,4,0.000117,24447.67,117072.0,117072.0,166673.65,319590.57,319590.57,7207,7974,35.27,66.18357333984375,70.4,1390,18.4,0.0,0,0,1.0,85,29,5
AUk4rL7aCKxFit8LVivMLnYo5Basr8N5wqNokKmBpump,1784839636.0144005,f16ebfb52edd22463d1bbfe32a1d731c1cd561d1,TUCKER,B,pumpswap,True,3,8.478e-05,20338.37,84789.0,84789.0,210961.09,210961.09,210961.09,2641,526,28.3,20.78357333984375,87.0,1604,3.3,0.0,0,0,1.0,15,3,2
AkrALZfCDAgfVeCTMb1Xh9rWNn4XTPXzD3FEGFEtpump,1784839636.0144005,f16ebfb52edd22463d1bbfe32a1d731c1cd561d1,longy,B,pumpswap,True,5,5.938e-05,16686.59,59382.0,59382.0,101316.69,101316.69,101316.69,409,394,87.51,16.98357333984375,45.6,336,13.9,0.0,0,0,1.0,9,20,2
AsHhg6ZXnuQ2VDfSzMp2L9cJV7hH8TiFVDrCPKrYpump,1784839636.0144005,f16ebfb52edd22463d1bbfe32a1d731c1cd561d1,SEC,B,pumpswap,True,5,0.0001043,22722.29,104327.0,104327.0,168689.22,168689.22,168689.22,2451,2001,231.0,42.41690667317708,61.5,1549,17.9,0.0,0,0,1.0,187,12,3
FNS1uTEXGCCZXYzGgzemxsFxjDowGbLpmAJ1Ehdupump,1784839636.0144005,f16ebfb52edd22463d1bbfe32a1d731c1cd561d1,FROST,B,pumpswap,True,1,0.0002163,33921.98,214214.0,214214.0,136760.92,503502.46,503502.46,4332,485,30.7,118.96690667317708,87.9,4400,4.2,0.0,0,0,1.0,25,16,0
BfPxiUJwhvQVxJvgeJg3DmJhJ54MYN8twnWG7owPpump,1784846468.222209,c4692df81ee946254ffff24b917bca0f56394e06,ROP,B,pumpswap,True,6,5.592e-05,16084.74,55920.0,55920.0,50667.13,50667.13,50667.13,796,916,76.87,15.08703681640625,46.1,657,11.6,0.0,0,0,1.0,156,16,0
EBZruSYTRGqr4EwLcpT59vkLpLUutxagAYb49mo3pump,1784877686.4651244,77a8384d2bcf72bbc0a6a849e6f1e76ad0259312,CAFFI,B,pumpswap,True,2,0.0001579,28976.36,150419.0,150419.0,221214.01,644620.08,644620.08,1530,1318,-51.39,164.84108540445965,71.5,2644,26.7,0.0,0,0,1.0,72,29,8
d1bLTAXaYxRsdQ9SX7MX7N3pJE3uFLLh8qkmMEcpump,1784886027.2050028,f8a3a49fef96257cbf51a67c6ea9805b48faf84a,SHILOH,B,pumpswap,True,5,5.266e-05,17137.9,52660.0,52660.0,51260.5,92325.75,92325.75,789,527,107.0,645641.7367500447,40.3,698,27.0,0.0,0,0,1.0,136,3,6
7Cj9EczteUsSu1vgPXoLdVcxLqpCWwyYWn8kgwDwpump,1784892429.130677,20f046bfdb147d9fcf86a44b57330c27920d9af4,Jimocraft,B,pumpswap,True,5,0.0001164,24553.94,116455.0,116455.0,573051.19,573051.19,573051.19,4642,2799,64.04,38.65217795003255,83.7,1484,3.4,0.0,0,0,1.0,143,11,0
BseYv6zjFcfTcSqtSb84BYjZpWBfGdgg4YanhKgCpump,1784892429.130677,20f046bfdb147d9fcf86a44b57330c27920d9af4,BIO,B,pumpswap,True,3,8.443e-05,20794.87,78649.0,78649.0,310332.62,572485.44,572485.44,3536,2423,-36.71,103.86884461669922,76.8,2228,18.4,0.0,0,0,29.0,259,27,17
Af72QENbvReeKywXQvi3GRgfWbKF8LdncwCjoQ9npump,1784898276.7200835,df35a9def12ac89885ae0e4dacfa910f53d258cd,TRUMPKET,B,pumpswap,True,4,0.0001835,31272.77,183508.0,183508.0,810226.85,810226.85,810226.85,8261,5291,135.0,57.72866805826823,83.5,1709,2.2,0.0,0,0,1.0,377,15,1
XSTuo1fV7HHMhs4BYiwtrWSLsMCJNrooH2AssWTYZqP,1784898276.7200835,df35a9def12ac89885ae0e4dacfa910f53d258cd,XST,B,meteora,True,2,0.006082,188693.05,6082563.0,6082563.0,1231.9,7704.54,593194.09,1,8,-2.53,899.7286680582682,45.5,1701,9.7,0.0,0,0,1.0,455,0,1
G6ugqRMLLeBr4UmkmyyQ4sHSisC1z2DaUReHanifpump,1784905432.8399353,894501c01a0b417565817db584346b1e01000312,URC,B,pumpswap,True,7,0.0001236,24623.82,123602.0,123602.0,233542.99,233542.99,233542.99,1382,892,303.0,42.797332255045575,60.1,701,15.1,0.0,0,0,1.0,61,27,10
HJQC4xW9k3gxstQ65UjAwq7D9EQ38NaJiQNayjPopump,1784905432.8399353,894501c01a0b417565817db584346b1e01000312,Looong,B,pumpswap,True,3,0.000207,32683.94,207082.0,207082.0,499892.59,499892.59,499892.59,10728,3402,213.0,59.3806655883789,83.5,3674,2.7,0.0,0,0,1.0,44,17,0
Fyj27HvNPeYXktGa9ifAvwmFnhxNkUr3yUCciZ6jpump,1784911998.4166594,dffc8aff97944889f1d69f89c42aedafe040cbcb,Benny,B,pumpswap,True,1,0.0002626,36976.98,256660.0,256660.0,156619.88,428381.07,428381.07,4725,607,84.33,132.4902776570638,80.8,4323,3.6,0.0,0,0,1.0,15,15,0
5sd8bKraewJNHFg72scxxYXNeLCASVct1gxqi3Xipump,1784918378.280678,03623cfe67e7bc478b263966b2a01b37396e5c65,RAKO,B,pumpswap,True,4,0.0001111,23795.52,108690.0,108690.0,204049.36,457225.34,457225.34,3248,3473,-10.73,83.83801129964192,75.2,2572,12.7,0.0,0,0,1.0,216,33,6
DpHz68ok7iF9i4KniJzy7FaqvQkLBuN962giMtAJpump,1784918378.280678,03623cfe67e7bc478b263966b2a01b37396e5c65,FREG,B,pumpswap,True,7,4.271e-05,13645.08,42712.0,42712.0,20903.56,20903.56,20903.56,437,278,38.44,45.054677966308596,35.3,397,24.0,0.0,0,0,1.0,73,13,0
FJ6XzNmeFtcKfbLMfQDkeyAVwEnyyhLW87DGdi4Qpump,1784918378.280678,03623cfe67e7bc478b263966b2a01b37396e5c65,Maru,B,pumpswap,True,2,0.0001479,27274.49,147947.0,147947.0,371108.82,371108.82,371108.82,7633,1422,144.0,48.50467796630859,87.6,4312,3.3,0.0,0,0,1.0,28,12,1
8bEbF5WZcPKhSUJ3nF4YLdPtsWG7HvU1f1DstXj78BSp,1784923505.5132582,85b95aba22d794d155b14f5080322460ff21553f,Cow,B,pumpswap,True,6,8.18e-05,19623.63,81803.0,81803.0,125862.73,125862.73,125862.73,1542,1150,166.0,34.40855430501302,58.7,1001,25.7,0.0,0,0,1.0,136,11,4
Fr6e5W5d3YpZ3V1pAM6TTeW7iKkYvgQwgw2y4tNopump,1784923505.5132582,85b95aba22d794d155b14f5080322460ff21553f,Looongcat,B,pumpswap,True,5,0.0001493,27144.83,149333.0,149333.0,183050.2,188026.87,188026.87,3838,3069,301.0,60.891887638346354,58.7,1237,16.4,0.0,0,0,1.0,135,17,1
5J556RgqipxLMNAjt2heqLx4ftoynXVbNHcgYWHJpump,1784927854.132868,f7cbf9dd0cdb1e022c13a68a67ed7ab0c75d7d19,Anijak,B,pumpswap,True,3,8.776e-05,21193.47,84961.0,84961.0,38949.97,493880.23,493880.23,439,355,75.7,266.28554780273436,73.0,1826,24.4,0.0,0,0,1.0,269,23,18
CUppbAGRtbWt9N7bPiEqPhKCHMfaFca4zQmbmfY9pump,1784927854.132868,f7cbf9dd0cdb1e022c13a68a67ed7ab0c75d7d19,opensource,B,pumpswap,True,9,5.527e-05,15728.18,55278.0,55278.0,55588.6,55588.6,55588.6,1083,928,80.7,7.052214469401042,33.5,735,26.7,3.7,8,0,1.0,109,14,3
Gtxz1uCBCRn9edK1eXpnqbqv3PRcdjkS9JLuXn99pump,1784927854.132868,f7cbf9dd0cdb1e022c13a68a67ed7ab0c75d7d19,Mr. White,B,pumpswap,True,3,0.0001104,23522.2,110469.0,110469.0,476733.11,476733.11,476733.11,9537,1768,76.98,57.652214469401045,92.7,5490,2.8,0.0,0,0,1.0,25,1,1
9LRi6EXPUebHqE2LHfmvioQKAKAUHEnhCRgpKDjepump,1784941615.2907119,ebf17830e90191cbf1e41c121895a9d0cacf8323,dogi,B,pumpswap,True,6,8.272e-05,19810.99,82721.0,82721.0,141390.91,156553.31,156553.31,3590,639,16.78,60.85484519856771,65.3,512,14.4,0.0,0,0,1.0,16,20,1
BW58wHRGGkifcBBJuL3AJnWw6FgvjJWLq6cjG2C6pump,1784941615.2907119,ebf17830e90191cbf1e41c121895a9d0cacf8323,ROTATOOOOR,B,pumpswap,True,4,0.0001052,24433.0,105220.0,105220.0,54814.53,305381.14,361696.33,408,324,-16.65,9360.238178531901,60.2,1684,22.8,0.0,0,0,1.0,119,12,10
CVdByCD7SLsj2Kv7UAqGyNJgSVc4Nvd8qdL2U1shpump,1784941615.2907119,ebf17830e90191cbf1e41c121895a9d0cacf8323,DAMDAM,B,pumpswap,True,6,7.727e-05,20447.19,74895.0,74895.0,15408.79,86948.26,850453.39,157,153,-21.14,1280.9215118652344,69.5,2697,20.3,8.3,14,0,1.0,274,17,8
EbzAM6hw7MQP8VNiwixoc5mgW18NkR348HFxVMHypump,1784941615.2907119,ebf17830e90191cbf1e41c121895a9d0cacf8323,Waddles,B,pumpswap,True,4,0.0001861,31146.29,186152.0,186152.0,504759.75,504759.75,504759.75,5705,4656,509.0,32.75484519856771,72.3,2694,18.2,0.0,0,0,1.0,569,42,10
5wQFpZ2Xstd6khM8WwtVdhegiNEjM48DYErMVVknpump,1784953442.1164734,eb82dad981bc520bd7999102e7b08631f1d16154,TRUMP 2028,B,pumpswap,True,3,2.449e-05,16419.27,24460.0,24460.0,5616.02,90885.7,90885.7,39,48,-15.23,657335.6519412232,57.9,7548,22.9,0.0,0,0,1.0,88,4,12
7iLe8gak6XAcRA6xx4YSnPK4XHjiHyEbq5rqUJ95pump,1784953442.1164734,eb82dad981bc520bd7999102e7b08631f1d16154,MAGA2028,B,pumpswap,True,3,0.0001557,28040.75,155705.0,155705.0,386495.63,386495.63,386495.63,7819,2430,135.0,38.45194122314453,84.6,3271,2.0,0.0,0,0,1.0,51,8,0
A95ZxECYCw7JKwRo6KCC7KxUDPycBaLb6rdFtqT3pump,1784953442.1164734,eb82dad981bc520bd7999102e7b08631f1d16154,Trumpothy ,B,pumpswap,True,6,6.039e-05,16846.7,60393.0,60393.0,247336.93,247336.93,247336.93,4014,3101,95.83,44.13527455647787,72.0,1499,28.1,0.0,0,0,1.0,238,28,10
P3KW9c2SLG2k26jW9pZ2rB9omho726aUxjNe68npump,1784953442.1164734,eb82dad981bc520bd7999102e7b08631f1d16154,FORMER,B,pumpswap,True,2,0.0002394,35176.66,237996.0,237996.0,289880.4,555898.88,555898.88,3128,1949,22.91,95.80194122314452,76.7,2983,3.4,0.0,0,0,1.0,800,16,0
7hpGEPpdDHaeXPW5gFWunPqoEU4C7NxCYT1ZnQF5pump,1784962696.440329,45029be26c5371f08edb955dfdcbecf869615bbe,SAM,B,pumpswap,True,1,0.0002036,32437.08,200980.0,200980.0,195844.49,453928.72,453928.72,4230,2062,99.72,103.37400548502605,78.5,2474,2.7,0.0,0,0,1.0,18,17,0
8boLzTXUwmRhQzzDRTCc7BhcHrFzDgSVrxK1LKespump,1784962696.440329,45029be26c5371f08edb955dfdcbecf869615bbe,PEP,B,pumpswap,True,6,3.822e-05,12889.66,38221.0,38221.0,55581.73,55581.73,55581.73,1008,795,24.39,6.240672151692708,45.4,905,19.2,0.0,0,0,1.0,222,23,3
2FCerziZbakcdDbuQNgEWPxGRPYGmBzMxEJKkqJEpump,1784970465.7304938,d26fb070e81064fcc92d6212d244881a8c0c7b82,RUSS,B,pumpswap,True,4,0.0001821,30805.92,182174.0,182174.0,478923.52,478923.52,478923.52,6503,4647,510.0,51.66217489827474,73.4,2524,16.6,0.0,0,0,1.0,458,11,4
B5RMggYagf8A77GnX82HfvE57fVQqCmGPZWvcbw8pump,1784970465.7304938,d26fb070e81064fcc92d6212d244881a8c0c7b82,LOOONGTRUMP,B,pumpswap,True,4,0.0001227,24685.52,122742.0,122742.0,326321.76,326321.76,326321.76,7510,1427,115.0,48.795508231608075,88.8,2532,3.6,0.0,0,0,1.0,10,1,0
8gEtFeKeRt1QREkU51dRih9pQ39PyYpRRZTyLg2v5qFn,1784980370.4448645,066019c9fd035388fc02e457ed823776e96d4e97,sharkdog,B,pumpswap,True,6,0.0001273,25537.09,127324.0,127324.0,546370.14,546370.14,546370.14,6187,5159,314.0,39.47408107503255,74.8,2639,18.8,2.6,8,0,1.0,456,8,12
8Mb3yGbjf9sC5CeYGtjgkgraG3CLErSJuSp1R98DfvfA,1784987756.394548,8fa9b0f8aeeeba65caf9c5c23a66ba2d57a1e48b,TRUMP2028,B,pumpswap,True,7,3.251e-05,11785.62,32513.0,32513.0,73144.7,73144.7,73144.7,1124,693,8.46,50.056575797526044,62.8,795,24.9,0.0,0,0,1.0,151,26,4
AGXZZNAuqabbKU5VL5sxViaBXTrovSWkZ89LMKHBpump,1784987756.394548,8fa9b0f8aeeeba65caf9c5c23a66ba2d57a1e48b,Koala,B,pumpswap,True,9,4.027e-05,13242.44,40275.0,40275.0,94317.05,94317.05,94317.05,1319,1127,32.42,18.839909130859375,62.6,839,22.4,8.1,8,0,1.0,151,16,6
Bh819rWjgJvWKeu5G38AcdZm7aKq8RdSfF7stGREpump,1784987756.394548,8fa9b0f8aeeeba65caf9c5c23a66ba2d57a1e48b,VENUS,B,pumpswap,True,2,0.0002383,34795.65,238367.0,238367.0,339203.79,339203.79,339203.79,5932,1910,261.0,28.85657579752604,73.7,2662,2.1,0.0,0,0,1.0,49,2,0
GPJZWSVZpYsRxuzhv1DKDGTmawPgSxUSd6fpja7Tpump,1784987756.394548,8fa9b0f8aeeeba65caf9c5c23a66ba2d57a1e48b,Neném,B,pumpswap,True,3,0.0004713,51827.76,465974.0,465974.0,605396.04,1045295.1,1045295.1,6281,4331,393.0,99.28990913085937,75.1,1861,2.6,0.0,0,0,1.0,229,14,0
5R1xMXCLuRxLN7AkQeUxh5jvk68YWZoQeYzguLpgpump,1784992434.8619654,49cd89f4c7191aa5a004dd245f95e008382d551a,BAGEL,B,pumpswap,True,3,0.0001236,24667.48,123688.0,123688.0,249735.46,249735.46,249735.46,3834,835,124.0,41.29769942220052,81.8,3086,3.2,0.0,0,0,1.0,6,6,0
9Lua93QysHFz6Qni12T8gW7Z4XmWx9oy7qW1wg4ipump,1784992434.8619654,49cd89f4c7191aa5a004dd245f95e008382d551a,Bullsey,B,pumpswap,True,3,0.000144,26817.66,144089.0,144089.0,331596.62,331596.62,331596.62,4560,995,179.0,58.21436608886719,84.4,1309,3.9,0.0,0,0,1.0,11,14,0
F3u272BxZKzUtwvJ6qETC2x7WDWfDjJTESSapK7jpump,1784992434.8619654,49cd89f4c7191aa5a004dd245f95e008382d551a,BABYCUPSEY,B,pumpswap,True,6,0.002,382431.91,1861668.0,1861668.0,98099.22,268037.23,268037.23,8917,2841,2299.0,153.38103275553385,54.9,1753,18.3,3.3,10,0,1.0,168,15,1
DVee9B1Ja8pRWRLLruUAaN4Q7zHMh1x5CzdFat98iYv,1784996047.324746,e6e00c43f7b5e44ab05aac19860d05a3272065a4,WIF,B,pumpswap,True,5,0.000156,29604.86,155112.0,155112.0,304638.68,304638.68,304638.68,4022,2669,199.0,47.27207909749349,66.4,2129,19.5,0.0,0,0,1.0,308,9,11
EXhpr5uQJF3HUAVKQb5Kfth1TpjQeoBL8BgK6DeNpump,1784996047.324746,e6e00c43f7b5e44ab05aac19860d05a3272065a4,SUKI,B,pumpswap,True,3,9.303e-05,21107.13,93037.0,93037.0,214646.7,214646.7,214646.7,2649,489,52.77,19.005412430826823,85.2,1531,4.5,0.0,0,0,1.0,10,8,0
28R7K8iUSmkxSsuZTLq6uqzh1cwNhEkapqkNA6m4pump,1785000359.638457,72709c81a3700b641668ba617ed58dc46ea84a92,MECHASTALIN,B,pumpswap,True,3,0.0001048,22654.29,104893.0,104893.0,242580.96,242580.96,242580.96,4824,932,102.0,56.410640950520836,85.3,3092,3.6,0.0,0,0,1.0,15,11,0
7LRpiiDzNVRdxfatA5T1iGvQmPUP46pMkpfGnqYWpump,1785000359.638457,72709c81a3700b641668ba617ed58dc46ea84a92,Cupsey2028,B,pumpswap,True,2,0.0008852,70182.62,880180.0,880180.0,452707.76,1011916.44,1011916.44,5064,1918,126.0,113.36064095052083,69.5,2965,2.6,0.0,0,0,1.0,41,1,0
FnjLE4joyVihNMmp6bvYZSyMhy7jT5YHCTwQBBadpump,1785000359.638457,72709c81a3700b641668ba617ed58dc46ea84a92,SNIPYCAT,B,pumpswap,True,3,8.888e-05,20936.16,88884.0,88884.0,400131.27,400131.27,400131.27,7596,2210,33.9,35.94397428385417,89.9,3420,2.9,0.0,0,0,1.0,36,6,0
2U75GgW2W53MZMuH2jSDxcekjFF6Vw4Q7KxYBw5Ypump,1785008919.671059,305ab02490f8417c3e49190929ad44013ebe7094,丸太郎,B,pumpswap,True,3,0.0005065,52436.26,502030.0,502030.0,452579.09,671446.03,671446.03,9575,4223,277.0,74.87785098063151,70.5,4079,1.8,0.0,0,0,1.0,35,11,0
FpSH9YniQQFbJ9vwjxqsNHA7DNfecJEWiREFseb6pump,1785018696.7871368,8f36becfa2e1f2c11344e4ebd616bbf9566013cf,ASPCA,B,pumpswap,True,7,3.456e-05,12190.91,34561.0,34561.0,32092.25,36133.67,36133.67,14369,13348,-0.73,62.47978561197917,35.4,406,29.2,0.0,0,0,1.0,24,16,0
GKUwfyQoJ9apCaoWyYaQ9RT8inZed469v41M1Ljb1ock,1785018696.7871368,8f36becfa2e1f2c11344e4ebd616bbf9566013cf,BLOCK,B,pumpswap,True,4,0.0001907,31294.46,190725.0,190725.0,373896.64,373896.64,373896.64,754,513,201.0,11.5631189453125,49.6,579,10.8,0.0,0,0,1.0,33,3,2
4R8nPamDM3Vk8V6ivpnq2gmvho7ueVpMGU9noXRqpump,1785028284.5945134,ba0035cf5593620b35f020dc9dc0bf122904079e,BROKER,B,pumpswap,True,4,3.175e-05,11784.16,30799.0,30799.0,1802.98,23851.85,48105.12,21,30,-20.86,1808.1765752237957,49.7,2671,29.3,0.0,0,0,1.0,183,16,5
C8ZbVCfxxpJVaYi4An9pS8ckU1WTxNKF2o2PDNvfpump,1785028284.5945134,ba0035cf5593620b35f020dc9dc0bf122904079e,LJimothy,B,pumpswap,True,1,0.0004191,49106.69,403886.0,403886.0,540565.13,1194042.86,1194042.86,2256,1706,111.0,143.5099085571289,77.8,1366,12.0,0.0,0,0,1.0,86,16,11
7kJehzAt1WNmXqLwuZzvaN7gnheLLZQsKu7ZMEXkpump,1785050796.853871,b3738b98fbd43565d33565bf5b1a1c83a2eff833,JIMOSUMMER,B,pumpswap,True,4,0.0001904,31874.67,188002.0,188002.0,508250.09,693415.13,693415.13,5878,4891,103.0,70.39756451822916,80.4,1021,3.7,0.0,0,0,1.0,107,2,0
7kfJNK972x3a5W8kmjYkfGK9oZGjkRCEtZkzPkuapump,1785050796.853871,b3738b98fbd43565d33565bf5b1a1c83a2eff833,DOUG,B,pumpswap,True,2,0.0001277,25227.47,127746.0,127746.0,263969.87,263969.87,263969.87,4380,986,114.0,40.49756451822917,81.8,3646,4.0,0.0,0,0,1.0,10,4,0
D95b8fts8djzEbHSqGcS8tUBLXDefbCk91VMmpCCpump,1785050796.853871,b3738b98fbd43565d33565bf5b1a1c83a2eff833,DINO,B,pumpswap,True,7,2.638e-05,10573.64,26380.0,26380.0,137773.01,137773.01,137773.01,2298,1801,-12.04,19.7308978515625,76.9,1110,14.8,6.4,8,0,1.0,202,50,8
DBpvALhKXrptf25jfB7ym2QzVuj4CEmF6gV49b9Vpump,1785050796.853871,b3738b98fbd43565d33565bf5b1a1c83a2eff833,fuck,B,pumpswap,True,3,3.734e-05,13334.61,35465.0,35465.0,23546.02,431112.85,431112.85,440,442,-36.12,256.2475645182292,72.8,2204,19.1,0.0,0,0,1.0,276,39,12
YKHT6bCBxZMo22YZSghe6tsp5aFX3mzyMUbbf3Apump,1785050796.853871,b3738b98fbd43565d33565bf5b1a1c83a2eff833,Nong,B,pumpswap,True,7,3.595e-05,12458.45,35956.0,35956.0,23694.53,23694.53,23694.53,2409,1914,15.34,5.464231184895834,34.4,796,19.1,0.0,0,0,1.0,122,22,1
4FaSuBUp15t9Qiar9MdpaspkZJU5RK6A3QLnybNCpump,1785058618.1447637,3893b26dc82175fc9a0ab56faf3a1bff5bc1b004,BUB,B,pumpswap,True,4,0.0001392,27267.17,139202.0,139202.0,598314.33,633445.92,633445.92,3904,2147,179.0,65.50241272786458,80.2,840,4.4,0.0,0,0,1.0,45,23,0
9T4TnPviAXMB1iQXVX647CaYTsGg2sq1t22Kixgypump,1785058618.1447637,3893b26dc82175fc9a0ab56faf3a1bff5bc1b004,MELLOW,B,pumpswap,True,6,0.0002221,33495.71,222168.0,222168.0,223342.88,223342.88,223342.88,5449,4908,613.0,58.71907939453125,50.4,2630,28.4,0.0,0,0,1.0,118,19,3
BwMGuEjN6uNZN34JoPT3REjFgE6uvAFaJgHdcNT1pump,1785058618.1447637,3893b26dc82175fc9a0ab56faf3a1bff5bc1b004,SalaryCat,B,pumpswap,True,4,0.0001877,31717.79,187777.0,187777.0,615458.99,615458.99,615458.99,8034,7534,502.0,43.75241272786458,74.0,2638,17.6,0.0,0,0,1.0,529,45,7
GiRrLzdan5Gz31ngH4zgxk6ybYaryNVCSLdAJyn1pump,1785064051.6818573,de252621e778a7d0d326b7dbf075a01880b46e9d,SalaryCat,B,pumpswap,True,7,0.0002047,32654.09,204769.0,204769.0,375907.58,375907.58,375907.58,4549,5458,555.0,36.19469762369792,59.6,1944,23.3,6.8,4,0,1.0,292,15,12
5655KMLBgq98T3XrBC3YZ2DbhbrEtKfrwLvxSLHZpump,1785069191.0739963,1dfece65e5f63caa8b0e6fa08fc0a8d140e26f28,BULLVERSAL,B,pumpswap,True,5,0.0001154,23592.93,113603.0,113603.0,77744.25,111212.26,111212.26,3678,2836,3.08,77.73456660563151,57.4,1133,13.3,0.0,0,0,1.0,26,29,0
AKsNgG1sTmNe4CV5x88LXSBsN9Sw5kYu6UvLj7Y6pump,1785069191.0739963,1dfece65e5f63caa8b0e6fa08fc0a8d140e26f28,dream,B,pumpswap,True,6,4.214e-05,13638.01,42147.0,42147.0,26236.7,26236.7,26236.7,493,324,35.2,4.0178999389648435,39.2,926,16.9,0.0,0,0,1.0,164,20,7
BiZcprpAUMJLvzHNu5zRzdpphKKeUNe8gYCm3yQ8pump,1785069191.0739963,1dfece65e5f63caa8b0e6fa08fc0a8d140e26f28,Knotjira,B,pumpswap,True,4,5.691e-05,16436.61,54669.0,54669.0,25878.05,264082.49,264082.49,358,272,63.41,252.66789993896484,74.2,1086,22.8,1.1,4,0,1.0,164,29,11
BA1Sqcj9rzcsHtwavNSVFeCXRioFL9BP4Y7f65UJpump,1785075113.6163352,e4fa30b674a9070b60911f175b6f10f0b2bc3950,PUFF,B,pumpswap,True,3,8.791e-05,20607.93,87913.0,87913.0,190612.9,190612.9,190612.9,1769,473,51.97,19.360272253417968,82.0,1041,3.2,0.0,0,0,1.0,37,2,0
DimyNkABRwrdyKJhrCn1JYXtX8B4VybjWzy5j2ugpump,1785075113.6163352,e4fa30b674a9070b60911f175b6f10f0b2bc3950,NUBCAT,B,pumpswap,True,3,0.0001572,28431.3,157201.0,157201.0,458333.64,458333.64,458333.64,8530,2909,135.0,42.06027225341797,88.1,3413,2.3,0.0,0,0,1.0,42,13,0
9AX92xMkM5Z26nQzmJfb5wRZsLSs4n4fTJxMNom2pump,1785080007.263708,e0fb4e60503107256613c8238f1dcfa6496aece3,HAPPYCAT,B,pumpswap,True,4,0.0003777,45250.97,377712.0,377712.0,558212.2,725222.0,725222.0,5209,4143,196.0,67.43772846679687,70.2,1247,3.4,0.0,0,0,1.0,145,0,1
4BQ7xDWWL7aQhST6zKVQMQFnfLvZmogrsakpCbz1pump,1785083517.4462554,7fd6c8a21cc9da0e06043a412a80948e43601956,MEEPCAT,B,pumpswap,True,3,0.0005071,52625.98,502621.0,502621.0,485331.44,624018.81,624018.81,10012,3922,237.0,70.49077092285157,70.5,4080,1.8,0.0,0,0,1.0,71,1,0
GuXiRMUJSSRGUqe4BZGPokxBUg4EDZfoH5EBt7hopump,1785087506.736912,c6b32d09bac86ad391fb0fdbea7415ee14baf7bb,Capoo,B,pumpswap,True,3,0.0001527,27804.25,152797.0,152797.0,315360.54,315360.54,315360.54,4774,1167,147.0,40.062281868489585,80.8,1735,5.3,0.0,0,0,1.0,6,0,0
Bo3sVJY52FNDBxT3uDN92FcL277fXriy1Un7dXuQpump,1785091550.6544304,fb149513b1de451f4775282decf8499566bcd70d,BabyT,B,pumpswap,True,5,0.0001063,22638.64,100672.0,100672.0,78085.58,100123.7,100123.7,811,614,197.0,110.7942405069987,44.2,672,27.4,0.0,0,0,1.0,95,17,2
gB8hzbFmZWANMuARYoerRQKtoSn9KJ3w2b4aqm9pump,1785091550.6544304,fb149513b1de451f4775282decf8499566bcd70d,PALWORLD,B,pumpswap,True,7,3.448e-05,12273.94,34428.0,34428.0,49249.51,49249.51,49249.51,708,475,10.01,12.844240506998698,42.3,649,22.9,0.0,0,0,1.0,118,20,7
GDgqVdisBKouTEdKtw6GQZtc55DLAS3PrpfLLMRhpump,1785095933.6826704,289ddb6c0e60736320394b977e71335119b03282,SalaryDog,B,pumpswap,True,3,0.0002911,39766.07,288629.0,288629.0,425064.72,661498.1,661498.1,8810,3488,124.0,78.5447111735026,80.8,3741,2.1,0.0,0,0,1.0,108,13,0
3QgaUegtLJSdXA2NzDoskN4rrJEqTnF1XWA1nBrPpump,1785100065.1832352,7c4d28d855bf3caebb718e799c4f914eecaafeb2,Kabosu,B,pumpswap,True,7,4.706e-05,14560.0,47063.0,47063.0,44249.22,44249.22,44249.22,660,522,50.09,8.703053918457032,31.7,548,21.6,0.0,0,0,1.0,96,26,1
6pDk7itpB2xQUQAvJLitNFrCSAinjozdPBcS6UsLpump,1785104145.674629,cf5b3357daf46988fd39732579a37af6f3edeac8,BABYCATE,B,pumpswap,True,6,0.0001026,22489.98,102647.0,102647.0,148861.92,148861.92,148861.92,1604,2238,226.0,21.927910481770834,57.3,1019,19.3,0.0,0,0,1.0,154,27,5
EV3wbTo13C6xkTshUZaH3LJeStYgiKR7mY8B7am6pump,1785104145.674629,cf5b3357daf46988fd39732579a37af6f3edeac8,SimonCat,B,pumpswap,True,2,0.0001911,31589.67,189229.0,189229.0,309074.63,416078.14,416078.14,7221,1529,10.98,70.81124381510416,84.0,4708,2.6,0.0,0,0,1.0,32,7,1
DZPspRipkDMUxTzd7NdQKqHLW9fSuE8CWmModx2vpump,1785107741.276589,33ef9e09d1d639368290ae91e3a84ef25994bac7,SMOOTHIE,B,pumpswap,True,3,9.036e-05,21282.19,86804.0,86804.0,147865.62,228801.86,228801.86,2730,1147,68.44,80.58794314778646,83.0,1456,4.1,0.0,0,0,1.0,59,23,3
9ZtbETDNjnST9Y2zs82FZYy49xUMPgqXRh46YjjRpump,1785111390.5027554,bea161c1fc7904b0601933dd2952a428a0be787a,Brötchen,B,pumpswap,True,5,0.0007003,101035.0,700235.0,700235.0,157617.68,455097.84,464646.25,735,508,58.6,67074.54171258952,38.5,4605,22.2,1.6,16,0,1.0,357,7,23
ERMS1vKBCQS5YMJCcFNP464RJyHuHwSLYdpsre5Cpump,1785111390.5027554,bea161c1fc7904b0601933dd2952a428a0be787a,MIDTERMS26,B,pumpswap,True,3,2.654e-05,11991.22,26541.0,26541.0,3537.26,21730.53,22146.26,912,389,0.88,103797.82504592286,41.9,1293,29.3,0.0,0,0,1.0,52,12,0
3MHZzkmgxguPpq7RRzczjzLRDaJwcyGtyFUgbXMEpump,1785125307.4833076,d5f8e8c3b51f1909202953c23577fa9b8408656f,Tsujicoin,B,pumpswap,True,1,0.0002287,35819.83,226641.0,226641.0,161770.43,949273.89,949273.89,4916,1446,-5.73,242.24138846028646,89.9,5119,2.6,0.0,0,0,30.0,48,5,0
Fpu4MNh6MfSu6kAzugvHgW8FnGEXfym9raHP8TpBrKJR,1785125307.4833076,d5f8e8c3b51f1909202953c23577fa9b8408656f,BabyCate,B,pumpswap,True,4,3.332e-05,12234.6,32026.0,32026.0,13166.23,91344.95,196672.95,173,148,-12.75,451.99138846028643,70.3,959,26.3,0.0,0,0,1.0,77,17,7
2R6Eazy55Bz6AqkWPCESqW6TrJsVYhSn4Q8tTkdppump,1785138996.0472405,66e1b0bb1e207540fd4347e89936d4e427fbaea6,ROMEOW,B,pumpswap,True,2,0.0002618,37215.05,261863.0,261863.0,316315.92,339636.92,339636.92,5683,1701,157.0,61.76745400797526,72.4,4132,3.6,0.0,0,0,1.0,53,15,0
3N5umsvLsk5dbsJegYoG33YfYY3yn5vL78ZPPXY1pump,1785138996.0472405,66e1b0bb1e207540fd4347e89936d4e427fbaea6,Onigiri,B,pumpswap,True,3,0.0001336,26472.77,133619.0,133619.0,524471.66,524471.66,524471.66,10764,3336,95.3,56.08412067464193,89.4,3808,3.2,0.0,0,0,1.0,76,3,0
FaF8WhqHrTcfwzBp2qRBeHgZbu1wB5S9Yj26KW7Hpump,1785138996.0472405,66e1b0bb1e207540fd4347e89936d4e427fbaea6,SHAYDE,B,pumpswap,True,5,5.859e-05,16609.41,56491.0,56491.0,7699.31,97791.79,97791.79,1689,153,5.84,144.9507873413086,67.6,584,16.1,0.0,0,0,1.0,81,24,4
Fw2aagAnwEex2ko7n9QW3ks3Tvfdx2s3SsfsFzErpump,1785138996.0472405,66e1b0bb1e207540fd4347e89936d4e427fbaea6,PHOKS,A,pumpswap,True,0,0.0002196,34658.59,215090.0,215090.0,65847.45,384893.54,601702.37,886,1597,17.78,547.3507873413085,74.5,1900,7.7,0.0,0,0,1.0,12,14,1
5DsoZbmqVSTh9acH5aUGTt66diaWv3HswYELyn3ipump,1785152114.1391125,d001a6dd6c3a4a427f95197711793331ee93c5c4,CATCLOPS,B,pumpswap,True,2,8.606e-05,20582.02,84183.0,84183.0,103845.74,202897.11,202897.11,1458,672,-19.59,98.16898520914714,80.0,1727,3.8,0.0,0,1,1.0,67,23,1
3EbLPUVi6ZDitZwuv2eLyiudxrggkCQfpHA4JRLTpump,1785160587.8842032,748395b4e817fb741d9ef09a0d82391acb448127,STEPAN,B,pumpswap,True,2,0.0001886,31886.17,186418.0,186418.0,292586.75,507663.09,507663.09,7120,1973,83.97,85.76473671875,87.8,5911,2.1,0.0,0,0,1.0,78,15,0
3q9ZjmQfJjFVh7QHZykbUWZtFroeZw85jveXHsHYpump,1785169797.897055,00a0346328cc12f7a84a45cb88a61975dcfa7a0c,MOONBULL,B,pumpswap,True,6,6.9e-05,17972.64,69010.0,69010.0,69360.23,69360.23,69360.23,863,772,119.0,4.664950915527344,32.9,632,17.0,0.0,0,0,1.0,168,29,5
H6QbkNxaVKuwhRLRFpRBhBubqGuPk5bqs2NyVf4epump,1785169797.897055,00a0346328cc12f7a84a45cb88a61975dcfa7a0c,Smudge,B,pumpswap,True,2,0.0002252,34273.62,223019.0,223019.0,247121.81,399488.91,399488.91,5342,1392,74.55,73.68161758219401,77.9,3505,4.6,0.0,0,0,33.0,9,1,0
d7737w2iLSTqLxLU1Q7ovrHocWdpkNwJ3E2GLyXpump,1785169797.897055,00a0346328cc12f7a84a45cb88a61975dcfa7a0c,Ryder,B,pumpswap,True,2,0.0003604,45165.49,357451.0,357451.0,547812.18,1056095.3,1056095.3,5162,4207,21.23,94.81495091552735,80.5,2532,2.9,0.0,0,0,1.0,158,0,0
euXT5wMLfGs1zu2zfgeTUSXhjZNuMMiUZLsLsDKpump,1785169797.897055,00a0346328cc12f7a84a45cb88a61975dcfa7a0c,UNTIE,B,pumpswap,True,3,0.0005683,55554.61,565283.0,565283.0,78065.54,744326.98,744326.98,1110,1136,32.35,181.031617582194,61.1,3207,5.6,0.0,0,0,1.0,280,12,3
3KeUGy1hARt1rCCydFt11r6FuWAYUxnQZJ2JkwKbpump,1785175749.9987156,ca8b4061f3681b3e7b7faba26c44dd4f788d3593,ECAT,B,pumpswap,True,2,0.0002307,34833.45,230727.0,230727.0,421958.48,508160.55,508160.55,8791,1970,25.18,67.7499785929362,83.6,5410,2.8,0.0,0,0,1.0,22,9,0
4UEfFzoo7ZfynUprybpB3HkvxXd5rfzCBB7mzT1Kpump,1785175749.9987156,ca8b4061f3681b3e7b7faba26c44dd4f788d3593,ARF,B,pumpswap,True,5,6.386e-05,17424.39,63869.0,63869.0,143308.88,143308.88,143308.88,143,122,58.3,55.21664525960286,43.4,130,28.2,0.0,0,0,1.0,3,7,0
6EbafsFaXBsHxYuup5nteTniq7pSkxwjsbi55Rptpump,1785175749.9987156,ca8b4061f3681b3e7b7faba26c44dd4f788d3593,duky,B,pumpswap,True,6,8.828e-05,20703.64,88284.0,88284.0,142914.45,142914.45,142914.45,5574,876,141.0,56.98331192626953,65.7,625,15.3,0.0,0,0,1.0,23,25,2
92t87DktrvYAi4yuv4TwhAbF4E2C934rJf9zqgsipump,1785175749.9987156,ca8b4061f3681b3e7b7faba26c44dd4f788d3593,TRENCHLIFE,B,pumpswap,True,3,0.0001006,22612.5,98292.0,98292.0,27822.52,340351.1,340351.1,664,434,38.19,98.4499785929362,80.1,977,9.3,0.0,0,0,1.0,14,17,0
BcNhFkxKPTxmYzK4G98VafhaHWBSy9deTujuTok6pump,1785175749.9987156,ca8b4061f3681b3e7b7faba26c44dd4f788d3593,RETCATE,B,pumpswap,True,4,0.000286,41140.59,280285.0,280285.0,1224453.47,1404179.51,1404179.51,6000,4440,104.0,71.9999785929362,76.6,1734,16.9,0.0,0,0,1.0,258,28,1
HK3igJ6L4MiZZ2zM12Nohu1MGZRzKJvqbpFwz1yopump,1785175749.9987156,ca8b4061f3681b3e7b7faba26c44dd4f788d3593,JACARE,B,pumpswap,True,4,0.0004127,47405.82,412722.0,412722.0,469637.45,787869.54,787869.54,1588,1532,12.58,67.58331192626953,65.6,1119,10.4,0.0,0,1,1.0,82,5,3
8PoLji879M3Lmoxvmm8z9HDB8qUkFhaWR2g4AMwTpump,1785187212.273319,802aa392b8d6c51ac131e76e840c07dfd4a9afca,TIGER,B,pumpswap,True,5,4.451e-05,14302.76,44472.0,44472.0,122420.05,122420.05,122420.05,1683,1162,40.71,30.071221984863282,73.2,1132,21.2,0.0,0,0,1.0,165,23,5
ENGNF2NEz9EmgW2pGr1vSJHbuSDG183pQ6VnKnGcpump,1785191450.6842515,3aa3d1fedc0c49627121eca7aa4773bb269f7ebd,Papoi,B,pumpswap,True,3,0.0001625,29762.1,158702.0,158702.0,420085.93,741717.25,741717.25,3718,2957,107.0,87.12807085774739,76.0,2524,16.7,0.0,0,0,1.0,461,60,23
ETguf5mcGLRgcCdKtfCXNVXaCpznFN3TqbUT6aEp5iys,1785191450.6842515,3aa3d1fedc0c49627121eca7aa4773bb269f7ebd,ETG,B,raydium,True,4,39.058,10943.05,3905897142.0,3905897142.0,628.66,7018.54,22767.26,2,5,-19.66,1191.0780708577474,37.4,9875,26.1,0.0,0,0,54.0,0,0,0
BezdJrtJxz83mewWwcKBjFctGC26ECNaGXo6vMDPpump,1785195565.785347,6953c6d2b053b0fbfd6c653f32e66cd4533954cd,Clarity,B,pumpswap,True,6,0.0001188,23954.97,114665.0,114665.0,46922.48,153565.14,153565.14,2250,629,30.16,87.8797557820638,48.6,228,18.0,0.0,0,0,1.0,16,27,1
Fg75gUo5qtQhL3iU6iaXaD8b818RK1zGeuysiqFApump,1785195565.785347,6953c6d2b053b0fbfd6c653f32e66cd4533954cd,RABBIT,B,pumpswap,True,3,0.0001787,29977.85,176240.0,176240.0,1039.53,19357.03,350299.74,7,11,-4.88,573.4464224487305,53.5,634,17.2,0.0,0,0,1.0,66,21,4
5Lxdugp5gpE7dau8YRRyKn5KeLaiFUGF9EMmHT1ypump,1785200956.394122,6da02fb4376987ba7c46031cc4c51e9abc7322f6,DUCKY,B,pumpswap,True,2,0.000117,24139.35,115321.0,115321.0,247612.49,523933.76,523933.76,2305,1458,-46.27,103.70656869710287,83.5,3985,2.6,0.0,0,0,1.0,16,9,0
EVo4bRhn6NB6oRypmvuiiTLcdiXmz9Ft7UyG1WExpump,1785213066.5685635,58d23f0ae70b2b4638e922438c66368e1e960622,LOODY,B,pumpswap,True,1,0.0001774,29955.46,173767.0,173767.0,58994.03,381579.48,409222.21,668,1019,22.58,385.24280939127607,70.4,1369,8.2,8.8,4,0,1.0,0,4,0
HatVQQP6jGjwbhhYiSotv3dSAVv9Y3NdCAZxUrGupump,1785213066.5685635,58d23f0ae70b2b4638e922438c66368e1e960622,POCK,B,pumpswap,True,7,2.408e-05,10066.46,24078.0,24078.0,181633.3,181633.3,181633.3,3078,2393,-18.71,40.70947605794271,74.0,1284,22.6,4.0,4,0,1.0,169,23,4
7Hp8Q8udDSGNqSXrM1tyo4jrisL5LzD7Fzxr4eKcpump,1785223187.4003623,4f04e27ff175d3bc63708ad788fc1e13d7b6d41a,KravatlıCat,B,pumpswap,True,3,9.698e-05,21677.91,96981.0,96981.0,286363.17,286363.17,286363.17,5128,1283,65.89,44.606672705078125,90.3,4132,3.3,0.0,0,0,1.0,38,3,0
9BFw5KMWpBfzbEKh7qtp5U6hXRVZ6DqykZGV1BkFpump,1785223187.4003623,4f04e27ff175d3bc63708ad788fc1e13d7b6d41a,DOGE-1,B,pumpswap,True,6,0.0005833,57387.82,583322.0,583322.0,1229157.84,1229157.84,1229157.84,9375,8524,1832.0,30.940006038411457,63.0,3424,24.1,0.0,0,0,1.0,1000,26,17
DDWjoEafc3AYGXRHtCjqNKXEDmrsmSnF2n54qpqRpump,1785223187.4003623,4f04e27ff175d3bc63708ad788fc1e13d7b6d41a,ROBINJACK,B,pumpswap,True,3,0.0002267,34159.33,219949.0,219949.0,211805.04,681813.48,681813.48,1252,1108,-52.89,195.8233393717448,69.5,2633,31.2,0.0,0,0,1.0,41,19,0
6sjctAg8j1HY1hWyJz9SQBsGAF9CBt29JHNBbGdfpump,1785232808.1565654,9801057c52a79ec69fb98d684dff80c862dda0e2,CATE-1,B,pumpswap,True,1,0.000225,34092.32,222810.0,222810.0,149454.05,554309.83,554309.83,4993,1385,18.28,142.95260942382814,85.4,6284,2.0,0.0,0,0,32.0,39,8,0
EKH3tGXvf5cWoXLdnCYrmdLBPhrykwVxNuMPJg5Lpump,1785232808.1565654,9801057c52a79ec69fb98d684dff80c862dda0e2,NUTBUCKS,B,pumpswap,True,6,0.0002572,38200.83,257265.0,257265.0,852406.76,1061828.29,1061828.29,10695,7012,340.0,67.25260942382812,77.3,3052,18.4,7.2,8,0,1.0,599,22,18
5csfa95Xf8ebiCwP9joQ7mtC8KwFvnnejnYx5FbYpump,1785240321.3540516,c047fe4f25591cd7cb8f54fccaec469317bffa05,XMONEY,B,raydium,True,4,0.0004341,73563.47,397383.0,433788.0,372.32,16402.46,58968.98,6,5,0.49,851393.0892341919,28.1,12822,31.3,3.1,12,0,1.0,193,4,26
DpphSvKEo4Lyu7yHqMc5pJ4WzuqbP4Y3VQzEjZ8wpump,1785240321.3540516,c047fe4f25591cd7cb8f54fccaec469317bffa05,SNIPYCAT,B,pumpswap,True,3,0.0001576,28330.8,157608.0,157608.0,574223.77,574223.77,574223.77,10582,4020,129.0,55.972567525227866,88.4,3714,1.6,0.0,0,0,1.0,66,0,0
EUx9N4UXDyAXJpziyLF36j6Ut3Gu9X3VKEGptbmfpump,1785240321.3540516,c047fe4f25591cd7cb8f54fccaec469317bffa05,bulltom,B,pumpswap,True,1,0.001778,124481.12,1713675.0,1713675.0,1845406.85,5998264.8,12782204.89,5542,3370,-20.57,797.8892341918945,78.0,7076,14.3,0.0,0,0,1.0,403,20,8
HknhbJQAE3MgswkkU6xAhXLXZS5km17nHibdbk1Epump,1785240321.3540516,c047fe4f25591cd7cb8f54fccaec469317bffa05,Nugget,B,pumpswap,True,1,0.0002046,32551.8,202472.0,202472.0,226200.55,611708.54,611708.54,5998,2590,23.68,126.48923419189452,87.0,5819,2.4,0.0,0,0,1.0,158,14,0
3LdQLw8ZBMcjjRL628MntdgS8KcsEunJWiRncXH6pump,1785249032.5728674,08043515b20d0a3bc3f8510a696d72c37f6acec8,BULLCULT,B,pumpswap,True,4,0.0001185,23730.35,116505.0,116505.0,61460.15,159541.0,159541.0,6240,3995,8.13,125.70954779052734,62.1,1474,15.9,0.0,0,0,1.0,16,21,0
3aqXuwp6HuVXs9vdD9Gpg4dzJaUx443RjK7GXzphpump,1785249032.5728674,08043515b20d0a3bc3f8510a696d72c37f6acec8,FRANK,B,pumpswap,True,3,0.0002633,37505.92,253291.0,253291.0,315111.17,643238.43,643238.43,2802,2320,108.0,146.60954779052733,70.0,2614,19.5,7.3,4,0,1.0,354,16,10
85PbYtsF8i2jdvRfv523dYU5Xo43DKkX3oPXYgWmpump,1785249032.5728674,08043515b20d0a3bc3f8510a696d72c37f6acec8,Kvro,B,pumpswap,True,9,7.131e-05,18184.51,71310.0,71310.0,146697.21,150484.7,150484.7,2188,1549,213.0,60.30954779052735,65.7,1032,23.6,3.2,9,0,1.0,144,16,4
8kFboZiKNQ4jC8fyNAiCjm9YGV5qs99Ns7fCchdYpump,1785255602.762323,bf55286379d8c60e7b2f3f91ef6d252c92851e22,BCAT,B,pumpswap,True,1,0.0002315,35317.37,228825.0,228825.0,237288.79,785664.03,785664.03,2672,1615,20.12,142.2460387166341,84.0,4699,2.4,0.0,0,0,1.0,27,2,0
4tzmsD8EpQVPqHDdzSXWNHJnBLL3fNUFbLv3nufjpump,1785260922.0311038,1ea4ad7dd74f82f5463ea275b626b032539dcee8,MIDTERMS,B,pumpswap,True,7,9.743e-05,21671.39,97431.0,97431.0,193221.54,193221.54,193221.54,422,578,180.0,3.3171850626627606,30.9,353,25.2,0.0,0,0,1.0,40,11,4
2vBS6D5mTPbQHChbZevmJ3Ck4uyrmdhbt1LkbyLopump,1785265150.2895539,11968ede344d90acd6b6c3d4a6917bbaa816586d,MEMENOTE,B,pumpswap,True,6,5.437e-05,22285.1,52385.0,52385.0,13010.79,78237.92,339064.22,134,128,-20.33,6590.554825899251,59.1,13062,21.0,3.4,8,0,1.0,1000,10,54
5QZDZtXwSHGfreiVwkLvhyLm9MN8APjEvEGzyArhpump,1785265150.2895539,11968ede344d90acd6b6c3d4a6917bbaa816586d,Deaton,B,pumpswap,True,4,0.0002239,35913.86,223979.0,223979.0,1665350.48,1665350.48,1665350.48,12705,9979,629.0,38.57149256591797,75.0,4879,19.7,0.0,0,0,1.0,1000,26,19
6gjiZpuqSBmxcS8YpdmHGnEokzCGm1ojmzU6KY4Fpump,1785265150.2895539,11968ede344d90acd6b6c3d4a6917bbaa816586d,SATO,B,pumpswap,True,3,0.0001811,30384.94,181126.0,181126.0,481218.85,481218.85,481218.85,8781,3119,181.0,47.87149256591797,85.4,3777,1.7,0.0,0,0,1.0,129,7,0
6soNfReFCsgGD6ANDiwaMFN8MxCbn7BUdEvq98cSpump,1785265150.2895539,11968ede344d90acd6b6c3d4a6917bbaa816586d,RYDER,B,pumpswap,True,7,2.573e-05,10420.34,25731.0,25731.0,128214.27,141929.88,141929.88,1805,1318,-10.48,61.07149256591797,74.1,1040,24.0,1.7,4,0,1.0,162,16,6
8mwa57WGi1L656Y34BQsAzKt76qxXwfV9FEwFCuvpump,1785265150.2895539,11968ede344d90acd6b6c3d4a6917bbaa816586d,金毛蛋黄,B,pumpswap,True,3,0.000181,30173.14,181087.0,181087.0,404769.14,404769.14,404769.14,5582,1353,198.0,52.238159232584636,83.3,1881,3.3,0.0,0,0,1.0,26,2,0
VqmABNboP7rM7NGNBDsgX3DvdQJqpa8K9toeTCDpump,1785265150.2895539,11968ede344d90acd6b6c3d4a6917bbaa816586d,nostalgia,B,pumpswap,True,2,7.101e-05,18295.79,70132.0,70132.0,51273.89,200213.48,200213.48,431,467,25.52,116.07149256591796,75.7,1203,7.6,0.0,0,0,1.0,50,16,3
2wa4EjBBo1YuJeGiYyMgwMvs96b5d1iqdf555sSWpump,1785270120.0118945,eaff6db3436350fad06252c80b6ac24457a8ee1b,Paul,B,pumpswap,True,7,0.0001167,23599.83,116729.0,116729.0,113652.83,113652.83,113652.83,1184,1060,278.0,38.4001982421875,51.0,953,23.1,0.0,0,0,1.0,194,18,10
3XstzAweu14Djh8K8udr7iZmd6DCwGiaSAdKL5NGpump,1785270120.0118945,eaff6db3436350fad06252c80b6ac24457a8ee1b,Frank,B,pumpswap,True,5,9.349e-05,21625.45,90007.0,90007.0,260550.06,373514.04,373514.04,2472,1952,99.2,87.61686490885417,74.2,1650,21.7,0.0,0,0,1.0,237,12,6
96enXoCy7WDNuKj2hyfBTQNyeUMXMSSsJLrem5Wwpump,1785270120.0118945,eaff6db3436350fad06252c80b6ac24457a8ee1b,MAYA,B,pumpswap,True,2,0.0002293,34202.77,229352.0,229352.0,383574.46,383574.46,383574.46,6386,2200,252.0,33.1501982421875,75.8,3471,1.9,0.0,0,0,1.0,90,1,0
ksxv4TqwfNdEUA2gqbpYSvKTJNetkto6ZuYgjhxpump,1785270120.0118945,eaff6db3436350fad06252c80b6ac24457a8ee1b,NYANCATE,B,pumpswap,True,8,4.177e-05,13543.93,41770.0,41770.0,73692.45,73692.45,73692.45,594,1033,36.84,8.283531575520833,33.7,417,22.8,0.0,0,0,1.0,81,20,0
2XzK878GKk8TaiVakJWrvDKgdBDTqxW2X8iG3Xuwpump,1785274526.8015196,b2aef8ea6fb6e5dedb30df32b0b4662fa2ecbca1,frogcat,B,pumpswap,True,7,9.412e-05,21110.2,93988.0,93988.0,101118.01,101118.01,101118.01,1242,949,205.0,8.113358658854168,45.7,1027,18.1,9.2,9,0,1.0,239,20,9
3U5ZB99H9xsfGKmho5xUtmos8AuQr9wz4mXFbT4fpump,1785278375.7255301,069bf00dc8f1630cbe16a3ea66d156cc4bd80965,LARP,B,pumpswap,True,7,0.0001825,30218.84,182592.0,182592.0,334144.64,334144.64,334144.64,788,757,355.0,38.82875883382162,52.8,518,10.3,2.6,8,0,1.0,74,6,5
GLcxHMDNwPwg6pNifArGBEXran8CfJndETPbk7gspump,1785282265.8796716,9f2aae638d9000e222b05495d121a0a8d98c2b51,PIPEDOG,B,pumpswap,True,2,0.0001775,30347.48,177512.0,177512.0,677439.56,677439.56,677439.56,12655,2453,170.0,56.631327860514325,92.6,8115,2.4,0.0,0,0,1.0,10,3,0
J6Z7U2z3oJK7ySHN7TEgQANidtmowyBQMdZLCTatntR2,1785282265.8796716,9f2aae638d9000e222b05495d121a0a8d98c2b51,spooderman,B,pumpswap,True,5,0.0001531,27549.94,153158.0,153158.0,343036.8,343036.8,343036.8,3789,2753,415.0,15.64799452718099,69.1,1926,17.2,0.0,0,0,1.0,437,13,15
3G2At3nh674eLVjfRXnJw3HGsgQQAWMXCsPvt9tBpump,1785287554.64681,a7324b12a16d4afada63a32eb24d54a39445e9f9,JUAN,B,pumpswap,True,8,9.112e-05,20722.8,91125.0,91125.0,146632.35,146632.35,146632.35,1666,1186,208.0,21.827446834309896,55.6,859,27.6,0.0,0,0,1.0,140,13,10
AVZKVLTPZ97Ah6AbEZq1TpEPPrzfykq11hN8FrVvpump,1785287554.64681,a7324b12a16d4afada63a32eb24d54a39445e9f9,bro,B,pumpswap,True,6,6.473e-05,17316.62,64738.0,64738.0,161576.76,161576.76,161576.76,2577,2238,110.0,26.59411350097656,69.4,1325,18.5,0.0,0,0,1.0,200,11,7
4j7ofgW1T8T95e2KKMR8AKiuGkUTZaggJnbj46gzpump,1785299746.2644205,136eba3f5a126e9282a23a444e75c01eb857af0a,PIPEDOG,B,pumpswap,True,1,0.0002741,38184.82,271535.0,271535.0,391132.28,738734.66,738734.66,11060,2822,55.64,95.38774034016927,88.3,9349,2.0,0.0,0,0,1.0,30,5,0
AfpoytNV4W18dpmPs5FghWJLJx9diH3qX2tuNH7Fpump,1785299746.2644205,136eba3f5a126e9282a23a444e75c01eb857af0a,SPARKY,B,pumpswap,True,3,0.0004208,46234.44,382931.0,382931.0,169138.45,373882.35,373882.35,4310,3106,-8.6,154.72107367350262,52.1,2501,29.1,0.0,0,0,1.0,45,23,0
Cbj8wDvAvbRw8McNPd7ZhUrcw8NSvsyfR4db6pL6pump,1785299746.2644205,136eba3f5a126e9282a23a444e75c01eb857af0a,DOGCAT,B,pumpswap,True,3,0.002649,121952.06,2624773.0,2624773.0,724366.94,1577222.38,1577222.38,5639,4977,75.0,180.08774034016926,55.0,2582,6.0,0.0,0,0,1.0,104,11,0
AE8Wq7D5cCqdkhP3mvahBggVPLYAP8awSvKWJhD2pump,1785309955.4223576,fd896cf23b3a6b4c711480514426336925fdb365,APLCAT,B,pumpswap,True,1,0.0002094,32797.93,205986.0,205986.0,172951.51,484252.15,484252.15,2430,1134,-31.53,114.97370596110026,79.8,4867,2.5,0.0,0,0,1.0,45,1,0
56mZroRW36NLc8evXE1EicVdmCg1Ss9UsB36R2wEpump,1785320021.1369236,c16c7aff81c5f95067466edb09ce897b06674e63,光噹,B,pumpswap,True,2,0.0003004,39524.61,297046.0,297046.0,349323.28,464130.49,464130.49,6501,1645,127.0,74.06894872639974,76.8,5547,1.9,0.0,0,0,1.0,35,1,0
HpD1TUPDXsZV3BJemr6QsanCyzzBegX97WvoCzt1pump,1785320021.1369236,c16c7aff81c5f95067466edb09ce897b06674e63,HUMPCAT,B,pumpswap,True,2,0.0001149,23622.37,112919.0,112919.0,80226.99,189014.29,189014.29,938,514,191.0,109.70228205973308,70.8,1475,4.6,0.0,0,0,1.0,69,21,1
2kXrA6YuuBPcP8TeBrNFULv7RJwpmPHR3z6K3ebepump,1785327882.0627294,1f2a49371cb0b7ea582ba5ab7e86bab5738aa718,Jimothea,B,pumpswap,True,7,3.525e-05,12296.08,33809.0,33809.0,30022.74,53854.61,53854.61,545,429,-7.74,71.88437882080078,47.6,589,27.9,0.0,0,0,1.0,54,25,0
3jX8p8QumtfccakGib95yi4pPDNgQnDJEMmwjk1Upump,1785327882.0627294,1f2a49371cb0b7ea582ba5ab7e86bab5738aa718,SCARLETT,B,pumpswap,True,5,5.372e-05,16015.04,53725.0,53725.0,371017.23,371017.23,371017.23,5179,4292,74.91,53.83437882080078,75.2,2312,17.7,0.0,0,0,1.0,294,32,7
GRtQ5uL4865792LD3uEX8mSdpbXKbPY7VbTBV9Xupump,1785327882.0627294,1f2a49371cb0b7ea582ba5ab7e86bab5738aa718,Bernhard,B,pumpswap,True,7,9.157e-05,21391.19,86352.0,86352.0,488137.37,531003.33,531003.33,4792,4303,328.0,74.58437882080078,71.7,1855,24.9,2.3,4,0,1.0,380,16,12
J89dYSJ1KMACAySYUro5ztzbC89vEFJALNjUBub3pump,1785327882.0627294,1f2a49371cb0b7ea582ba5ab7e86bab5738aa718,Bro,B,pumpswap,True,2,0.0002309,34707.07,230924.0,230924.0,514909.58,580639.41,580639.41,8011,1415,98.71,67.48437882080079,87.5,4160,4.4,0.0,0,0,1.0,56,0,0
2j3z9Kr4PQuTZowLdWD2UCBFuArNgV3aRtsYkFDFpump,1785336914.1914446,6bfb890cba0c1ea5d1885f5154c90ff13fafe1f7,SMUGPUG,B,pumpswap,True,3,0.000151,27241.23,149512.0,149512.0,82669.52,82774.08,252078.42,3350,908,3.79,700.469857409668,51.5,191,15.2,0.0,0,0,1.0,2,0,1
3VFnDoACa991DYe987w354sbvmhqjjzC4Z31SoZepump,1785336914.1914446,6bfb890cba0c1ea5d1885f5154c90ff13fafe1f7,Fauci,B,pumpswap,True,6,0.001103,82646.48,1103245.0,1103245.0,2593087.41,2593087.41,2593087.41,17008,16769,3498.0,43.16985740966797,68.8,6246,13.0,1.8,4,0,1.0,1000,20,34
6UozZHF36zk5GAgamH9zWajvPkGh3eRumc5QKN9Dpump,1785336914.1914446,6bfb890cba0c1ea5d1885f5154c90ff13fafe1f7,buly,B,pumpswap,True,6,4.184e-05,13606.94,41847.0,41847.0,157913.3,157913.3,157913.3,976,1113,33.53,52.1531907430013,65.3,569,10.5,0.0,0,0,1.0,5,14,1
B7soueuN3RoeZsBiAaSbXM2s3CGcUkaq5qhctczvpump,1785336914.1914446,6bfb890cba0c1ea5d1885f5154c90ff13fafe1f7,BULLIEVE,B,pumpswap,True,5,0.0001334,25254.73,133433.0,133433.0,97150.59,117503.12,117503.12,8288,2830,96.24,67.38652407633464,58.6,831,15.6,0.0,0,0,1.0,29,14,2
MJuM4zEQqkbym3VoF5jTLmeUdsvhD447zRnucjzpump,1785336914.1914446,6bfb890cba0c1ea5d1885f5154c90ff13fafe1f7,PIPEINU,B,pumpswap,True,2,0.0001723,29899.54,170033.0,170033.0,336071.71,538909.54,538909.54,7082,1368,77.9,72.31985740966797,92.3,4024,3.2,0.0,0,0,1.0,159,7,1
ADzmJCZfwf5vFQ6y9EysRS7xWqFgRc33QAAnj7Mipump,1785347560.438341,2537f6b9138bcc4527dee0becf51d68649a6a83d,DrTrump,B,pumpswap,True,2,0.0003782,44254.22,375596.0,375596.0,402270.21,509375.49,509375.49,4194,1349,105.0,71.4239723470052,72.4,3358,3.8,0.0,0,0,1.0,25,8,1
AwRYgeefzrgVxR9iC8t7X7xficS7LiWtgJdy1gyLpump,1785347560.438341,2537f6b9138bcc4527dee0becf51d68649a6a83d,ALOKA,B,pumpswap,True,4,8.729e-05,20807.85,87294.0,87294.0,545268.51,652339.83,652339.83,8724,3205,-38.37,68.6239723470052,88.0,3423,3.3,0.0,0,0,1.0,28,0,0
8h6e6M3X7zEkTeRagS8rtvcnVALKdRDP3Hcos5Zkpump,1785353885.4740102,c7baee24126cb2dadfa1ed458e13674d289266b8,Turtcat,B,pumpswap,True,7,4.885e-05,14714.88,48853.0,48853.0,81124.1,81124.1,81124.1,1148,823,60.3,32.10790017089844,62.0,988,20.4,0.0,0,0,1.0,204,20,11
3YQNnjRitpVfNmuTUEvdSU9piEQ4jZWfCdyM2nU8pump,1785357549.0857134,d64680468dc9225fcc8334c8292b7de580f48c06,Faucate,B,pumpswap,True,2,0.0001326,25494.14,132682.0,132682.0,286250.12,286250.12,286250.12,3126,755,129.0,31.18476188964844,82.0,2122,4.8,0.0,0,0,1.0,33,0,0
4fKj7fLTwzgJARUN8zmHa3o2fmVwJFTo6PYyHDwXpump,1785357549.0857134,d64680468dc9225fcc8334c8292b7de580f48c06,PIPEELON,B,pumpswap,True,3,0.0001201,23952.45,120190.0,120190.0,176309.68,176309.68,176309.68,2387,524,89.62,19.401428556315103,73.9,1796,9.6,0.0,0,0,1.0,10,7,0
9yzaY15JLqQBScy4E3VyV6cfZzEWCRTAPsUUjLeLpump,1785357549.0857134,d64680468dc9225fcc8334c8292b7de580f48c06,GACHAI,B,pumpswap,True,6,0.0002471,35240.89,247118.0,247118.0,183985.68,345930.49,345930.49,535,509,49.81,66.43476188964844,46.3,457,12.3,7.8,22,0,1.0,30,19,2
CPyHdubDKeae94FCsm3wLqjj2wiJCzX1DvvC4Gx1pump,1785357549.0857134,d64680468dc9225fcc8334c8292b7de580f48c06,COPIUM,B,pumpswap,True,3,0.0005118,51950.18,507078.0,507078.0,514516.79,662086.61,662086.61,9142,3617,496.0,71.53476188964844,71.1,3609,1.7,0.0,0,0,1.0,27,6,0
BkCVuyxNjWk2eyCVEEoWWYikdfGPeFxwBbmDmzGJpump,1785361286.1797812,812e037d4025fb9d58216e1b9b0fe90f2dd650c8,DEATH,B,pumpswap,True,8,4.472e-05,13993.12,44726.0,44726.0,90801.66,90801.66,90801.66,691,1198,49.18,9.052996354166666,38.2,451,21.1,0.0,0,0,1.0,100,20,0
vPeCS5gnJUYGQcyfHrDriVnVUHyntt1Ux2qQKzTpump,1785364959.4975154,78dddef52ebf94c26a166cd7ab5de78a8d5022ee,POPDOG,B,pumpswap,True,7,2.465e-05,10027.5,24652.0,24652.0,36897.9,36897.9,36897.9,660,541,-19.53,19.15829192301432,46.9,537,22.6,0.0,0,0,1.0,85,12,0
EJqsDjKYHXEBUX2yqkUr32kvrGEdrQkjC2RKbCAmpump,1785373519.895378,48e5e738a9727df3af8648ebd7702de5b8b2c560,PEPFRAUDCI,B,pumpswap,True,6,8.866e-05,20466.11,86598.0,86598.0,30521.26,146859.58,146859.58,4867,369,18.35,75.7649229695638,67.8,597,16.7,1.5,4,0,1.0,32,38,2
7iZirmEZhqK4cR7Psgcq2oBbAHRVvgsNLKCSJj38pump,1785384961.5869787,a40ae8c7e2c48c0f9a1cc09fc7f0a155af4d9ea6,DOGE,B,pumpswap,True,5,5.669e-05,15920.42,53908.0,53908.0,29855.79,70668.97,70668.97,470,286,123.0,103.95978297932943,46.4,591,30.2,0.0,0,0,1.0,119,15,1
8zFovnzXzK9JDiftGaw7wiRxARrRtvm9Lz12vJ8CZ5ZA,1785384961.5869787,a40ae8c7e2c48c0f9a1cc09fc7f0a155af4d9ea6,macho,B,raydium,True,2,0.0001498,35838.42,149836.0,149805.0,44070.83,129144.97,129144.97,914,475,-4.53,1133770.6097829794,38.8,11247,33.7,0.0,0,0,1.0,74,0,1
9JbFJ4VFvF1f9N23HkUPwq9hYThJBVZskzPhishxpump,1785384961.5869787,a40ae8c7e2c48c0f9a1cc09fc7f0a155af4d9ea6,Bailey,B,pumpswap,True,3,0.0001538,27599.01,153869.0,153869.0,293271.86,293271.86,293271.86,3376,2286,179.0,27.476449645996095,71.9,1075,2.8,0.0,0,0,1.0,67,8,0
6xspxZawBsq5yaL9gcfg9jSD9CRY9z7A8DySyMpjpump,1785393917.6433818,376aa713185028809bfe98f9d0e24efa0a124140,LITTLE,B,pumpswap,True,4,0.0001682,28593.47,168241.0,168241.0,131837.7,131837.7,131837.7,1400,1211,455.0,17.96072303059896,52.3,1463,18.6,0.0,0,0,1.0,253,20,6
EjMVpNNhbd8HHwN1qnGHQVMZFxywXahn8qZuCx3T9m6b,1785393917.6433818,376aa713185028809bfe98f9d0e24efa0a124140,Chonk,B,pumpswap,True,9,2.513e-05,10209.75,25129.0,25129.0,87729.75,87729.75,87729.75,1240,809,-18.04,42.32738969726562,64.4,616,27.1,2.3,4,0,1.0,74,25,5
3uLNzUmiqAgSbZzg7UZAzV9HKV7ip98uvg41jP1ypump,1785403222.5954523,411aaee1b2623ed432d2e0df950fca45d96cfda2,HIPPI,B,pumpswap,True,4,0.0002098,32237.26,205706.0,205706.0,179155.64,216576.42,216576.42,8396,4661,170.0,77.07659087320964,53.4,7519,34.2,0.0,0,0,1.0,92,15,0
Gc6tTHepUyKTKQN7oLTsMTeRPwz4D3FTTGwXyWMNpump,1785403222.5954523,411aaee1b2623ed432d2e0df950fca45d96cfda2,BELKA,B,pumpswap,True,6,3.103e-05,11502.39,31031.0,31031.0,68039.71,68039.71,68039.71,814,483,1.25,38.20992420654297,50.9,555,40.0,0.0,0,0,1.0,30,8,0
8dv2dVsBKrh4zpureLv7rn9DHycFf6GxRxdr3EG3pump,1785410719.2533278,606e5092fd4f74ea4eb971fa3e3b136c654955c7,RC,B,pumpswap,True,4,3.402e-05,12243.27,32634.0,32634.0,33830.24,166919.75,166919.75,434,410,-24.43,178.45422213134765,71.6,988,23.1,0.0,0,0,1.0,157,25,3
4BCy5qPSToL2XFHwyivSVieKKM9Lh959hZAiuPDEpump,1785417051.735796,7daaa47c000969c14bcc0aeaf79681016e283666,nudaeng,B,pumpswap,True,6,2.486e-05,10166.39,23386.0,23386.0,46090.36,82760.56,82760.56,592,508,-8.37,86.92892993164062,62.4,603,24.5,0.0,0,0,1.0,85,16,5
3Hfbhg84nsUtzrTPTu8SpnhzFcDpAsvXv1cEyX4opump,1785425169.5877185,d75ae816e1123c9ae056e97c0e6de331f4c8da66,UNAWARE,B,pumpswap,True,4,0.000335,46393.61,327941.0,327941.0,831936.87,2486536.53,2486536.53,7101,5756,-8.02,94.57646197509766,76.0,5489,16.3,2.3,8,0,1.0,1000,25,28
AnimeXV38KBcwkdf8sQ3XES9pW6BiyCQPLUHvCrpTXgi,1785425169.5877185,d75ae816e1123c9ae056e97c0e6de331f4c8da66,ANIME,B,raydium,True,7,0.0002633,14127.71,18168.0,18168.0,16645.72,79982.15,79982.15,353,151,-44.36,146.27646197509765,64.9,502,28.5,8.6,9,0,1.0,66,0,3
FAijGiVUkZQgK1gEyMyGXxqQo9QJwd5CRJxRBBkfpump,1785431155.0496213,606e9a26d3987c45373714374b738fcc0c5b0f41,PUPPSIDE,B,pumpswap,True,2,0.0001414,26456.5,139066.0,139066.0,61250.67,216073.69,216073.69,4504,3340,63.77,193.10082702229818,62.8,1356,15.2,0.0,0,0,1.0,8,20,1
6M48b3EVgTL2HmqkvLvMvfPGesN6YHdSc61cVixNpump,1785436897.1655116,7db3673eea0c3acb1025a873f79bc5c7b7fb6ad3,haly,B,pumpswap,True,7,9.41e-05,21917.74,93960.0,93960.0,375394.68,412925.85,412925.85,2008,1658,198.0,62.602758528645836,69.1,709,14.8,0.0,0,0,1.0,80,21,0
AYJ1tYQZZJ1gmZhURYuXLwG9bygUcgBnYPzriLpxpump,1785436897.1655116,7db3673eea0c3acb1025a873f79bc5c7b7fb6ad3,MOONDOGECOIN,B,pumpswap,True,2,0.0062,195787.95,6175020.0,6175020.0,414330.11,2862377.93,2862377.93,4727,1444,171.0,288.6194251953125,64.6,4556,1.8,0.0,0,0,1.0,176,0,0
GqeNPKmi8P5f6rE9N2nSCYRdDC24goppQ2v7Up2gpump,1785436897.1655116,7db3673eea0c3acb1025a873f79bc5c7b7fb6ad3,皮皮,B,pumpswap,True,3,9.297e-05,21521.04,91828.0,91828.0,301886.1,420973.09,420973.09,5415,1363,-22.49,79.45275852864583,91.3,4952,1.7,0.0,0,0,30.0,14,9,0
AUKhSigQGLbRWJg2mGP1j5Yk2qSpeVQy8QrewyaDpump,1785442025.0528677,398db770a63c9fb851cbed54d4ad3be775eb115a,BOB,B,pumpswap,True,4,4.295e-05,13878.79,42955.0,42955.0,114458.0,114458.0,114458.0,1785,1216,38.29,20.80088112792969,73.9,1031,17.4,0.0,0,0,1.0,148,15,8
D5rxbQeHRQ7GtHzg7APh44wt15g3FKFXhvyCCuFMpump,1785442025.0528677,398db770a63c9fb851cbed54d4ad3be775eb115a,ハナちゃ,B,pumpswap,True,2,0.0001776,30118.87,177681.0,177681.0,413644.09,413644.09,413644.09,7961,2559,166.0,40.00088112792969,83.0,3525,1.5,0.0,0,0,1.0,68,8,0
Fzf9vJs3385BnKvp9PgHX2iWZf9CzSoWLTnZBYf2pump,1785442025.0528677,398db770a63c9fb851cbed54d4ad3be775eb115a,bull call,B,pumpswap,True,3,0.0001064,23033.95,106494.0,106494.0,408647.82,408647.82,408647.82,8428,1626,73.72,55.06754779459635,92.8,3932,2.0,0.0,0,0,1.0,34,11,0
GZEs9V467mznpgddszzDU13P6NTFwws9Em1u6TV9pump,1785442025.0528677,398db770a63c9fb851cbed54d4ad3be775eb115a,PEANUT,B,pumpswap,True,6,6.063e-05,16838.71,60636.0,60636.0,133156.53,150525.21,150525.21,4737,580,-23.19,61.467547794596356,66.7,411,24.0,0.0,0,0,1.0,20,24,1
HpkuvFhxD3xAnBwbC2EZQvr8VDCoRRZ3AWnupLVhpump,1785442025.0528677,398db770a63c9fb851cbed54d4ad3be775eb115a,Raccoon,B,pumpswap,True,4,0.0004106,49184.75,402108.0,402108.0,994147.79,1329942.02,1329942.02,3825,2815,183.0,78.03421446126302,78.1,1432,13.3,0.0,0,0,1.0,150,20,1
FxQCUFpYPWLbpdn6DvPW7uRmWvVwTmTu8XgpvJp8pump,1785446440.549284,0e19afbb45d496498789f319bcf5bb989b802f2e,TRASHLORD,B,pumpswap,True,5,0.0001111,23115.31,111168.0,111168.0,119781.52,119781.52,119781.52,781,535,258.0,32.22582139892578,45.8,535,18.9,0.0,0,0,1.0,28,28,0
WUbc4PcHxraU3NJqyygjM2YaTpSDaXirV3U8TtZpump,1785450679.3527894,b21fe426c273f74203f33ee412b3555b10634bb9,Nascat,B,pumpswap,True,5,6.033e-05,16980.82,60339.0,60339.0,171921.76,248246.49,248246.49,2789,2514,-8.25,68.93921315511068,74.0,1690,18.7,0.0,0,0,1.0,143,44,1
5NHPWfmaUi19A5sjR3rCx1X2HuGYrasoTF9RmxCspump,1785454544.463757,1035df4448fbb4ebecd69a9ce4e92dbc1bc54a04,LINKR,B,pumpswap,True,5,0.0001399,26290.22,139949.0,139949.0,179311.86,179311.86,179311.86,2218,1720,350.0,39.25772928466797,58.7,1455,17.7,2.9,4,0,1.0,180,34,0
8Byg9wi43TNzgJpYta6UXxPz3LPe8v6ZwvmWWoWQpump,1785460190.5158257,3570dceb6828cde0526749fa90c833571db08441,BRICK,B,pumpswap,True,3,0.0004853,53326.08,485370.0,485370.0,1470799.64,1470799.64,1470799.64,2462,1186,513.0,48.491930428059895,82.3,1522,12.6,0.0,0,0,1.0,153,14,1
9Uh4Mfn57L6JSg4H3ZzmZsi6wbz6ugeaNZmA1Duepump,1785460190.5158257,3570dceb6828cde0526749fa90c833571db08441,PIKACHU,B,pumpswap,True,7,4.298e-05,13939.59,42985.0,42985.0,118382.97,118382.97,118382.97,2107,1414,38.79,30.891930428059897,72.2,907,18.6,2.5,4,0,1.0,148,19,2
35uNEwccwXPdwcGN5Ez1D1Uh6prm2VoZUU4AtLoipump,1785473214.997824,d9fe9f6c75eaf19f80fb42ed7fb57e7b8d75dc27,DOGJAK,B,pumpswap,True,1,0.0002635,37365.08,260771.0,260771.0,321695.4,643529.37,643529.37,4773,1788,126.0,96.54996373291016,83.1,4887,1.8,0.0,0,0,1.0,36,9,0
3XEe11RMNqNTka33ik2yEmr3siUWmFQWSESP9Ejepump,1785473214.997824,d9fe9f6c75eaf19f80fb42ed7fb57e7b8d75dc27,wiwiwi,B,pumpswap,True,3,0.0001639,29724.48,157875.0,157875.0,51748.72,722442.91,823000.43,498,482,42.25,421.71663039957684,73.6,2681,17.4,7.6,9,0,1.0,345,22,15
BsZKqtJdNoQsQCdKg9zNVaFjjPadDgtiYoo7buwnpump,1785473214.997824,d9fe9f6c75eaf19f80fb42ed7fb57e7b8d75dc27,ECM,B,pumpswap,True,2,0.0001439,27201.85,143965.0,143965.0,471940.74,511948.58,511948.58,8424,1799,57.85,62.949963732910156,90.0,3898,7.8,0.0,0,0,1.0,48,9,0
CQtZ7eg9RpDXphZGGrmVeT2LwH7ubzLi3jvkBRDfpump,1785473214.997824,d9fe9f6c75eaf19f80fb42ed7fb57e7b8d75dc27,SOLNUT,B,pumpswap,True,3,0.0009805,71368.85,966877.0,966877.0,230525.0,430416.66,430416.66,1382,1179,13.92,105.56663039957682,41.7,2565,38.3,0.0,0,0,1.0,94,33,1
Eu3wxLxv1NHF432e3bYCdurGHUgJGCC3KH7YdiJCpump,1785473214.997824,d9fe9f6c75eaf19f80fb42ed7fb57e7b8d75dc27,VOID,B,pumpswap,True,3,0.0001694,29144.75,165467.0,165467.0,42164.64,252644.65,303026.48,523,825,25.41,410.8666303995768,65.1,1072,8.0,1.1,8,0,1.0,7,16,0
2snh8r1t9WRaVBTQt11ionr3kfvpdBNRABvd4cd9pump,1785483533.8316877,ffeb84ec60a8ef436770629414b5c11ce57f3a92,SWOLECAT,B,pumpswap,True,3,0.0001225,24510.14,122580.0,122580.0,300728.33,300728.33,300728.33,5363,1384,86.13,23.43052812906901,85.6,3254,1.9,0.0,0,0,1.0,61,0,0
Cj3QhqdtLLLGv7ze7viyhwgrDoHMWL2K26724R1fpump,1785483533.8316877,ffeb84ec60a8ef436770629414b5c11ce57f3a92,Moof,B,pumpswap,True,4,2.408e-05,10079.09,23183.0,23183.0,80679.57,150202.86,150202.86,3894,2528,-61.79,81.26386146240235,78.1,1971,16.4,0.0,0,0,1.0,9,13,1
3Q1uv5ACS22sda2QGhnzKd5kRfsjh8vxYnFRfCggpump,1785493273.7854612,064a79b582898fbff5daab5ba98659d42b81521e,Gelato,B,pumpswap,True,3,0.0002736,37618.03,273648.0,273648.0,512029.57,512029.57,512029.57,7360,3665,317.0,43.779757686360675,74.0,2176,3.7,0.0,0,0,1.0,19,8,0
7cok2xaMZTzbae7ETiFC3n9GeFT1kCPeNnwLxsRRpump,1785493273.7854612,064a79b582898fbff5daab5ba98659d42b81521e,HALO,B,pumpswap,True,6,0.0003267,42545.22,326709.0,326709.0,873807.83,873807.83,873807.83,9846,7961,957.0,54.97975768636068,72.4,3254,17.2,2.9,8,0,1.0,643,36,18
7h2S67waWYhdmpGZzdiUFNKhmMfHShwG5vZ3PYHvpump,1785493273.7854612,064a79b582898fbff5daab5ba98659d42b81521e,PAJAMAS,B,pumpswap,True,1,0.0002413,35953.86,237893.0,237893.0,384402.5,687951.88,687951.88,7458,1400,100.0,90.97975768636067,91.0,3612,4.2,0.0,0,0,1.0,29,7,0
EPRrmBQojQLNxKjULjkB2fHv34kAfgVK8JLQ7gRCpump,1785493273.7854612,064a79b582898fbff5daab5ba98659d42b81521e,SHORTCAT,B,pumpswap,True,2,0.0002725,40517.31,264785.0,264785.0,739768.87,1512882.87,1512882.87,3075,2666,54.5,151.013091019694,76.2,1615,13.9,0.0,0,0,1.0,108,28,3
H8BwuDEmACKBZTNYoYuE3ysrcKkaL1bEiQ4gNSV6pump,1785493273.7854612,064a79b582898fbff5daab5ba98659d42b81521e,YANGHAHA,B,pumpswap,True,2,0.0002824,38061.44,277872.0,277872.0,99857.91,524310.57,524310.57,1153,744,137.0,249.99642435302735,66.5,6446,17.8,0.0,0,0,1.0,152,19,5
AGbfomctz1Pe9fzNuppVZ6jQrjZecRujyx6qt7egpump,1785500583.7406,d5bc3a1e7ad1fb5044b57c133a7d62d9ce99a1b1,urcoin,B,pumpswap,True,6,0.0001277,25504.97,127783.0,127783.0,515931.01,515931.01,515931.01,5642,4697,319.0,32.99567666829427,74.3,2174,20.2,2.3,4,0,1.0,472,45,8
25MRiib4BQYintSNVMkr7LQjbJK69zTw8RRJGB6Ypump,1785510261.0710642,b8962baaf3d0c3b7a7c0d893e28948d9dfbad2c8,Milho,B,pumpswap,True,7,9.692e-05,21493.64,96923.0,96923.0,205424.46,205424.46,205424.46,3066,2755,228.0,19.734517736816407,66.1,1866,16.4,1.7,4,0,1.0,391,36,7
7dyG3fnerSLDt8Erp6HpSPuTFkP3uDEPxne3NgsRpump,1785510261.0710642,b8962baaf3d0c3b7a7c0d893e28948d9dfbad2c8,OMGCAT,B,pumpswap,True,2,0.0004039,47872.27,398156.0,398156.0,671771.01,1228970.95,1228970.95,7372,5664,164.0,90.26785107014975,81.5,3486,3.1,0.0,0,0,1.0,101,10,0
9KwJRmYRCCFdPSdkSxeW58tC9kfi6bio1ShjfoW7pump,1785510261.0710642,b8962baaf3d0c3b7a7c0d893e28948d9dfbad2c8,WALLY,B,pumpswap,True,3,0.0004231,46742.45,423111.0,423111.0,467706.58,481570.97,481570.97,5705,2200,287.0,60.601184403483074,69.5,3558,1.9,0.0,0,0,1.0,19,7,0
EAQRe1zCu8TaBSZkWkjY4SCAmdGAm9uLvLmrWEnQpump,1785510261.0710642,b8962baaf3d0c3b7a7c0d893e28948d9dfbad2c8,TALKCAT,B,pumpswap,True,1,0.000333,42242.87,329673.0,329673.0,214472.75,808366.8,808366.8,3183,2229,40.48,160.5345177368164,77.0,7887,2.7,0.0,0,0,1.0,15,8,0
2UyrTw7QggTUuuqwZ9ipGoCsYP67GPVprNTUN7aapump,1785523204.1762574,639b6791808cb7cfb8e9d20eb735209a1a87303c,HIGHER,B,pumpswap,True,6,0.0001037,22408.78,99395.0,99395.0,180831.82,260066.41,260066.41,2094,1510,152.0,79.91960428873698,71.1,1318,22.0,8.6,4,0,1.0,241,30,2
6zW8P7fgtZNTCad1PDc35vkRbo1xbZfQPTMMLFeopump,1785523204.1762574,639b6791808cb7cfb8e9d20eb735209a1a87303c,friend,B,pumpswap,True,5,2.995e-05,11329.79,28945.0,28945.0,41456.63,83570.38,198851.99,643,432,68.59,420.26960428873696,68.9,786,25.2,0.0,0,0,1.0,127,17,5
BYqsBimYUWhfAAsTupaBHEztVH3RdD5fZg39pSwopump,1785523204.1762574,639b6791808cb7cfb8e9d20eb735209a1a87303c,UP,B,pumpswap,True,3,0.0002516,35890.14,251552.0,251552.0,467502.5,467502.5,467502.5,9985,1664,331.0,49.33627095540365,81.5,3866,3.7,0.0,0,0,1.0,38,8,0
CcYp2Y8KNVWYqdTT32mu5LdVeJkBR5cyUAvEnFC3pump,1785523204.1762574,639b6791808cb7cfb8e9d20eb735209a1a87303c,MIGRANT,B,pumpswap,True,5,0.0002064,32065.29,198240.0,198240.0,115692.54,270775.93,270775.93,815,1211,219.0,84.93627095540364,48.9,641,15.5,0.0,0,0,1.0,73,21,1
TLDDDS6EFnxsk44bqcTHnHYVaxmq4HjEBsxDNvmpump,1785523204.1762574,639b6791808cb7cfb8e9d20eb735209a1a87303c,PEACE,B,pumpswap,True,4,0.0006861,60447.5,674816.0,674816.0,647221.9,760125.58,760125.58,4052,2968,403.0,81.08627095540365,58.0,2794,16.8,0.0,0,0,1.0,231,13,0
5rQeb2L5W39SZ5RCFhGnfUZEcj83cvud8no84Qyrpump,1785528710.493921,b966c2f01e71f4523bc3da2abc00a63ca8e54da3,OnlyDogs,B,pumpswap,True,3,0.0006488,58745.28,640602.0,640602.0,490288.72,720399.02,720399.02,5448,2825,238.0,87.02489868570963,67.0,4893,1.6,0.0,0,0,1.0,52,11,0
CFavJDAfxjAc5s7DxLQ3rQyPebU8rJtHBbVSmp5Ypump,1785528710.493921,b966c2f01e71f4523bc3da2abc00a63ca8e54da3,Ibeefa,B,pumpswap,True,3,5.083e-05,15251.5,48543.0,48543.0,119988.49,221133.57,221133.57,1931,1202,40.61,96.45823201904297,77.3,1506,19.5,0.0,0,0,1.0,231,21,9
USoNnf9CY285mwhx12XSmmGuMu16w84v484F71JAMHF,1785528710.493921,b966c2f01e71f4523bc3da2abc00a63ca8e54da3,USON,B,meteora,True,3,0.004595,105576.2,4595267.0,4595267.0,2766.95,54784.65,54784.65,522,411,1.93,223.7915653523763,28.9,225,11.3,0.0,0,0,50.0,2,0,0
2NSHQefnzYtgNayCbbSPKSJgypi7dUf4QD4MhyvYUvxD,1785533507.1351273,dc98956e0874cc83a61e3de620297df9ac39fbd2,MySpace,B,pumpswap,True,6,0.0002302,35857.22,229597.0,229597.0,246712.97,246712.97,246712.97,2931,2041,348.0,34.26891878662109,56.3,1862,21.4,4.6,4,0,1.0,328,21,10
gwiPtzv51Mx3r5ioA8pr11NydtGAQy8jefCbS4zpump,1785533507.1351273,dc98956e0874cc83a61e3de620297df9ac39fbd2,RSCAT,B,pumpswap,True,5,8.723e-05,20209.03,85641.0,85641.0,58201.82,138772.2,138772.2,6070,385,38.94,70.8689187866211,63.6,486,19.7,0.0,0,0,1.0,11,14,0
EPQawGHZnfxKdaYQB6FSMStvxXGTfLoXW5znXYJWpump,1785537446.5508342,e1cb6c9a2109406c2f79d8565737addc35fa9c37,OnlyPump,B,pumpswap,True,2,0.0002968,39289.02,294552.0,294552.0,496298.67,745639.01,745639.01,8581,3317,16.1,80.62584723714193,83.3,5743,2.3,0.0,0,0,1.0,18,9,0
GuyxLMxGjhAQf8wtNVPAMnFxDm7JnXiLQUTgojgPpump,1785537446.5508342,e1cb6c9a2109406c2f79d8565737addc35fa9c37,TOM,B,pumpswap,True,7,8.814e-05,21240.34,88143.0,88143.0,651655.87,712551.13,712551.13,9603,6194,165.0,65.97584723714192,77.2,2798,19.1,7.1,13,0,1.0,435,34,15
2S3yzoNGweCeD3fFyp8ZVAVhUKmi2Pok5C7QMsbopump,1785541589.7038827,db72630ca95c8d75b4517120dfef2ffdff2fe863,LOOP,B,pumpswap,True,7,4.182e-05,13456.9,41829.0,41829.0,57417.36,57417.36,57417.36,1933,951,38.12,49.828398046875,54.2,612,17.7,0.0,0,0,1.0,74,21,2
2ZyEkoCkUdCVTDPSbN51xSAbrKRZKWpjpSXPBpzEpump,1785541589.7038827,db72630ca95c8d75b4517120dfef2ffdff2fe863,SOW,B,pumpswap,True,8,3.902e-05,13091.92,39027.0,39027.0,128608.38,128608.38,128608.38,1964,1569,24.57,11.778398046875,65.5,1333,20.3,2.1,6,0,1.0,265,22,2
f5TmRASorjbq4x4MrKfxKTDPSBf6LmDrZnMEgadpump,1785559347.8050914,6061192d4117b81d22210b2ada3d7d354d608dc1,ESCAPE,B,pumpswap,True,2,0.001562,95171.57,1532509.0,1532509.0,1378966.94,2533833.38,2533833.38,3305,3292,12.15,148.8967515218099,63.5,4212,8.3,0.0,0,0,1.0,125,24,0
HhMq9vuWEntyUXFLv25xG2o3d2m8gJ1jdxtjG2J6pump,1785576392.7483478,1de378a41c986a3c5dc3a82b4674aba7bdcfe039,禅宗,B,pumpswap,True,5,4.453e-05,14178.81,44536.0,44536.0,186899.81,186899.81,186899.81,2558,2161,50.4,18.9624724609375,61.7,0,0.0,0.0,0,0,1.0,227,31,6
USoVyFCK2MTnnU4R1K7CLvTC8qoAt2N4EfyDYV13BVB,1785576392.7483478,1de378a41c986a3c5dc3a82b4674aba7bdcfe039,USOV,B,meteora,True,2,0.002863,104796.81,2863908.0,2863908.0,2119.17,55379.74,55379.74,131,124,-0.02,201.1624724609375,30.7,0,0.0,0.0,0,0,1.0,0,0,0
6kDhQghfw5GLUVx6uK6tA5zs9jTwACE17d7ahh6ZVsqu,1785592839.315881,b18481460c3b6aae04eb8f96a35026e4e2db952c,dolan,B,pumpswap,True,5,0.0001303,26717.01,125949.0,125949.0,1988.7,53512.76,257192.46,15,12,-4.16,2299.388598018392,51.2,747,22.7,1.7,5,0,1.0,86,19,7
7m2TUkpPZCScBhPJnGjWjbh75KkDNnwAdd7i74m8awad,1785597055.66506,a79767a95ae9959bf3c8015d56cb2ac55ef3b944,Ww3,B,raydium,True,2,0.002659,287003.6,2659690.0,2632510.0,22353.12,28953.07,49649.11,556,541,2.77,1210770.4944176676,22.5,20351,38.7,0.0,0,0,1.0,417,1,10
Fc2DPSGeroQoAr2gMVCquzaFJEdNZjZ2cs5oNa3Mpump,1785600986.6956468,f423fcf6dcf651964732897d659f07e360d4c176,WHEN,B,pumpswap,True,5,9.653e-05,21246.62,96535.0,96535.0,103572.11,129663.86,129663.86,1638,1119,179.0,67.3282607788086,61.3,1016,15.8,0.0,0,0,1.0,124,38,0
DCs71htej9jK8aZCQb3sRi4HNEdr2FqWfPDyr5jRpump,1785605174.9944332,3d3c894894786d8038a62cc5e8fabac42feba67a,EVILSHIB,B,pumpswap,True,9,8.256e-05,19494.37,82563.0,82563.0,117149.17,117149.17,117149.17,3147,601,172.0,43.04990721842448,56.2,372,15.7,1.3,29,0,1.0,28,34,2
EbTTe3bJTRbAaTyd2weiW9yD3MEYGLMUpjdsZdF3pump,1785605174.9944332,3d3c894894786d8038a62cc5e8fabac42feba67a,SPIDER,B,pumpswap,True,4,0.0001727,29255.07,172707.0,172707.0,254291.58,316512.16,316512.16,2371,1954,194.0,65.24990721842448,50.4,457,16.8,0.0,0,0,1.0,16,0,0
3FyrCnHdzQ2xiApdb1jcR7LRtDbXRaRusXXQDy8Ypump,1785609207.5864642,e909fb123593321c7bf0bb98e8c2177af9057b07,NOTIS,B,pumpswap,True,5,6.852e-05,17510.68,65659.0,65659.0,42957.05,111695.1,111695.1,271,284,69.98,115.0431077351888,48.3,647,26.4,0.0,0,0,1.0,103,20,4
F6pMTzKKnV7howYKWUFyRPBkBEhx9kE4x8vT8aq2pump,1785609207.5864642,e909fb123593321c7bf0bb98e8c2177af9057b07,BABYCATE,B,pumpswap,True,7,4.795e-05,14271.87,47957.0,47957.0,36623.79,36623.79,36623.79,491,449,60.22,40.476441068522135,35.0,498,29.2,0.0,0,0,1.0,87,20,2
TTFZRVWRs3c9Tqa6MUvQbCr4iEfGdn5XLQ3bkLMiVHH,1785609207.5864642,e909fb123593321c7bf0bb98e8c2177af9057b07,TTF,B,meteora,True,2,0.003195,105756.85,3195171.0,3195171.0,1748.47,54976.74,54976.74,8,8,-0.08,198.22644106852215,25.2,150,13.2,0.0,0,0,50.0,0,0,0
6oGuFDbEeaSzTcvrmmd2MqfNYwHKXFoN7regcR22pump,1785613686.9928396,2cbb7b51309c538083a7212002a9c0bcd8c9127a,NEEGY,B,pumpswap,True,3,0.0002789,53434.42,278895.0,278895.0,26542.79,90041.93,301321.05,240,229,-5.02,26305.199880659995,40.3,10270,19.9,0.1,4,0,1.0,1000,21,58
DHsR49Z6QWbPHJfukhrkTU1WEvEoXzwsAVqzoLp5pump,1785613686.9928396,2cbb7b51309c538083a7212002a9c0bcd8c9127a,PURJA,B,pumpswap,True,6,3.275e-05,11579.42,25235.0,25235.0,28774.11,48734.34,48734.34,362,226,123.0,80.89988065999349,48.0,325,24.2,0.0,0,0,1.0,24,15,2
EUgmSRwrsVD2tgsrVHWEH2JMv9C3TqqGsH7inixvpump,1785613686.9928396,2cbb7b51309c538083a7212002a9c0bcd8c9127a,PWP,B,pumpswap,True,7,3.895e-05,12770.1,38959.0,38959.0,29093.29,29093.29,29093.29,762,1100,33.03,36.08321399332682,39.1,294,1.9,0.0,0,0,1.0,30,37,1
5FUTTMiN9KqZkPsk4q9Kpp6kmweRKTrJrdhhv5DKpump,1785627149.8939555,0a399457e062e72993bf69253cda840de0c1e1dd,CUH,B,pumpswap,True,3,0.0002038,34224.03,195394.0,195394.0,29861.15,455161.31,1111247.99,323,303,11.8,2683.86489925944,64.6,4517,21.7,0.0,0,0,1.0,604,19,23
A6mrpBeeNKm743fiNg8Mrz7pj7uGML5rgDjWo4nrpump,1785627149.8939555,0a399457e062e72993bf69253cda840de0c1e1dd,hwg,B,pumpswap,True,3,0.0003825,56011.14,364306.0,364306.0,13636.89,101380.39,550018.55,93,131,-5.86,4950.5982325927735,44.0,9712,20.2,0.0,0,0,1.0,1000,16,41
A1TJ3cWdzwcjZMm9Pcb3E51iNjV5eZE3SpZXUrboMARA,1785633004.5432024,6b011b44b315ee6276c3a125f33bd732cb155af1,ARMARA,B,meteora,True,4,0.000476,29695.85,476051.0,476051.0,33308.09,481113.06,481113.06,137,67,10.61,94.6257200398763,41.1,386,27.9,0.0,0,0,1.0,33,0,1
8TLxeYnnWpMFiC9npbh7XzyHpLtTYmw6DCuHBJjppump,1785645807.3983417,83c639358ab7ebb10a4e2ec7bc4c8e08bc44900f,JORDAN,B,pumpswap,True,4,0.0007612,67951.45,737957.0,737957.0,680907.35,1792403.87,1792403.87,6096,4850,110.0,205.4566390258789,71.1,5192,14.5,4.5,8,0,1.0,661,26,14
2uER9DLE6qQKhPphmPtb1ZvuuvCRst3atmhC3qjLpump,1785655430.493973,c1fa57ccf529824b3a039a9b39cd77d01777ad73,VISION,B,pumpswap,True,4,0.0003299,42815.42,327134.0,327134.0,24475.38,147508.57,1315015.02,139,156,-1.26,794.2248995483399,69.1,2450,25.1,1.7,7,0,1.0,180,11,2
3H5zJjdodECf1ZsB48478GkSjTvcKVWzpsh6NxHupump,1785663353.625946,21f1d99605d7be998e35f7e17eb9ddbbccb7b9e4,CACTUS,B,pumpswap,True,4,0.0003131,39418.3,306099.0,306099.0,106414.87,217261.19,217261.19,1088,704,87.43,110.54376576741537,48.4,8310,34.6,0.0,0,0,1.0,85,17,2
ABAA3Xisck8rDrno87UZ7PGpGf6af4dwAEZjLNZ3pump,1785663353.625946,21f1d99605d7be998e35f7e17eb9ddbbccb7b9e4,YAJUKAWA,B,pumpswap,True,5,0.0001087,23031.93,105180.0,105180.0,45678.86,211303.11,270635.28,288,260,42.16,602.0770991007487,63.5,936,28.8,0.0,0,1,1.0,108,16,6
BhquHHbrU1wqsnet3x7gdz18Vih7C4EKNqtE1piMpump,1785663353.625946,21f1d99605d7be998e35f7e17eb9ddbbccb7b9e4,Carter,B,pumpswap,True,5,3.696e-05,12634.58,36969.0,36969.0,92960.3,92960.3,92960.3,1930,1355,22.94,38.510432434082034,70.8,1322,21.0,0.0,0,0,1.0,197,23,1
F4DfnoTDpdv7aRAFEZ6nDBERhAE5UJdy7qBZgCJ1pump,1785663353.625946,21f1d99605d7be998e35f7e17eb9ddbbccb7b9e4,IMMIGRANT,B,pumpswap,True,4,7.67e-05,19931.96,73283.0,73283.0,133725.52,703197.31,703197.31,2066,1409,1.13,142.29376576741535,74.6,2954,24.4,0.0,0,0,1.0,523,35,8
EYdmRYsNYMJMvGndM1JJghmtkKBw2JZzX1gkReRopump,1785668705.741086,d6b34fc7ddddb711f2640756da6e9681e4f98688,ANSEMCOIN,B,pumpswap,True,2,0.0002026,32245.93,197483.0,197483.0,364757.24,486150.07,486150.07,4414,1495,62.22,84.195684765625,78.9,2010,15.0,0.0,0,0,1.0,94,22,3
GqZ3Baz9Z5zmreGJ4GtYzFrCoEnKX6WifyzrCBZJpump,1785668705.741086,d6b34fc7ddddb711f2640756da6e9681e4f98688,ZAPPY,B,pumpswap,True,5,0.0001997,32360.45,199767.0,199767.0,595414.44,595414.44,595414.44,3050,2310,564.0,42.979018098958335,74.7,885,13.2,0.0,0,0,1.0,113,20,2
6MQPb7xWrowgoyMjekGLvcri5pMEBZYVXEZgXkKGF3hL,1785672693.0452864,efa7383df832f8631c34fe0d1e0e5b28931f9c22,Helene,B,pumpswap,True,6,8.826e-05,20701.65,88269.0,88269.0,217133.27,299714.45,299714.45,3316,2575,130.0,69.36742143961588,74.9,1789,20.3,0.0,0,0,1.0,283,33,8
7MYegHoqDGhWdvrnxeuiAEndgG6qcs1N3W5v6SXspump,1785672693.0452864,efa7383df832f8631c34fe0d1e0e5b28931f9c22,Buddy,B,pumpswap,True,4,0.0001199,26837.63,116043.0,116043.0,39864.05,105823.03,892071.06,431,330,56.97,1558.8507547729491,69.7,2712,23.8,2.2,4,0,1.0,310,27,7
5xhRaGMf9KE1dDdozKyj4b8Gv52viGWSH5ntdjbpump,1785679340.0628517,c8abfaff74de9636223e6c1b93e91f36508e942a,Brötchen,B,pumpswap,True,3,0.0001628,28619.02,162826.0,162826.0,521815.7,532546.23,532546.23,3800,2739,47.23,60.051047526041664,80.0,1346,8.7,0.0,0,0,1.0,59,15,1
8hUxdG4ipEzCHUhk1w6Y6djp51ghKn9Bk8GsHxwTpump,1785679340.0628517,c8abfaff74de9636223e6c1b93e91f36508e942a,windoge,B,pumpswap,True,2,0.0002349,35202.04,223755.0,223755.0,350635.91,585918.22,585918.22,4643,3258,238.0,103.45104752604166,72.5,3053,19.1,0.0,0,0,1.0,493,40,8
HSGCVT2FWQUtxX5g68WzTPbnmzWPuV8khFe5Hhmspump,1785687395.4450152,600232c8b51c2abca9f4ac4d4cefcc42a5f14cd9,Meowt,B,pumpswap,True,5,0.0002126,34594.26,204495.0,204495.0,683823.17,1226468.57,1226468.57,7555,5896,27.57,85.77408358561198,78.0,4254,11.9,8.5,4,0,1.0,820,58,15
8FUQ9cGi32sx4qEn3BffjAzc7QhLnp5ecj5KgP9xpump,1785691643.1763635,38a74de51b8728d316975cacc08c08f540c40704,BULLY,B,pumpswap,True,3,0.0001396,26044.97,137208.0,137208.0,172591.76,214094.67,214094.67,5797,5996,42.56,95.80293939208984,60.8,1089,12.7,0.0,0,0,1.0,51,12,3
AbzABfZfMGTdiRur3kYC2j5WihusfDzW9FYno1t5pump,1785700124.6885679,b8d10d014e42e3124c321b1bcd32c9e2c7157a70,ANSEMINU,B,pumpswap,True,3,0.0001487,26832.01,148788.0,148788.0,128319.98,128319.98,128319.98,1428,842,389.0,15.511476131184896,58.2,1565,15.0,0.0,0,0,1.0,96,14,3
DWDL2S4kzf7B3zZ4FeiUo947Ca3QjDFYEH2v2YkXpump,1785703107.5243244,ccef25f30c6deeaf532090b0a37c29e70cf4f292,FROGE,B,pumpswap,True,5,0.0001094,23228.49,109433.0,109433.0,312475.96,312475.96,312475.96,689,691,74.67,50.408738741048175,60.5,468,12.8,0.0,0,0,1.0,13,8,1
F8shSPpvEtZtAp5avEKBvGZRYf8eiKodutFBoUCmonqH,1785703107.5243244,ccef25f30c6deeaf532090b0a37c29e70cf4f292,GOONER,B,pumpswap,True,7,7.731e-05,18865.63,77304.0,77304.0,80235.12,80235.12,80235.12,1498,750,155.0,39.125405407714844,52.6,809,25.7,0.0,0,0,1.0,78,9,1
EqsLn2XNdSghRJTgZkaK66VPLVqdNiBGvXFAKXzq5Evt,1785710471.3192177,37f8b8824e88318bcaf18f33204d4e70be651331,DOGE,B,pumpswap,True,7,4.017e-05,13333.24,38668.0,38668.0,51934.45,136774.45,136774.45,751,467,69.35,85.98865362955729,69.8,794,25.9,0.0,0,0,1.0,154,11,4
HsUJxURpAtdYpvppxbwZTBinRnqY7Fpv4sFHD8F9pump,1785710471.3192177,37f8b8824e88318bcaf18f33204d4e70be651331,dͨoͣgͭ,B,pumpswap,True,7,0.0001037,22409.04,103763.0,103763.0,208851.99,208851.99,208851.99,15649,10395,125.0,36.78865362955729,61.1,864,25.8,0.0,0,0,1.0,13,8,1
AWhYm15w6qpJ7hjAKjY3C3jbd6TThAckNpUsX7iwpump,1785719892.6639977,05c72dbad08a09d6511195c287047cb4ba66de8b,CATE,B,pumpswap,True,8,7.511e-05,18466.16,75112.0,75112.0,81629.57,81629.57,81629.57,1191,689,146.0,39.22773329264323,48.9,611,20.2,0.0,0,0,1.0,135,21,7
6kiHB9qU4Yefjf7eovytrBeyebd5ct5hqbFqeqrkpump,1785732718.7291963,514e94dd405d59ec7b559ac793869afb597d9704,trenchcat,B,pumpswap,True,4,0.0004705,50928.36,470566.0,470566.0,932448.95,1016081.67,1016081.67,4066,2867,559.0,66.11215327148437,69.4,1781,15.1,0.0,0,0,1.0,97,12,0
DDRbRchi7yLQsKTRWfhorGXaSsFpZPEtY2DiQmJppump,1785732718.7291963,514e94dd405d59ec7b559ac793869afb597d9704,WOBBLE,B,pumpswap,True,5,0.0002681,37358.44,268149.0,268149.0,563837.93,571644.31,571644.31,2264,1751,551.0,66.6954866048177,62.0,762,15.8,0.0,0,0,1.0,51,24,1
DeNGDha55v7iVaZXMzjA9wZUmFrhhubcpBP5VM4qpump,1785732718.7291963,514e94dd405d59ec7b559ac793869afb597d9704,DECK,A,pumpswap,True,0,0.0001794,30149.76,175156.0,175156.0,47196.47,336905.21,431159.73,680,1014,38.73,460.17881993815104,71.4,1647,7.7,0.0,0,0,1.0,17,27,1
HR99L4BnTEKpr4ii9qm58NAtEmP1Y9cGgX2XUUebpump,1785745066.4006104,86a99a7bc74a21a879e2347a841cbdcb0a585b26,LetsPlay,B,pumpswap,True,4,8.403e-05,19788.91,82263.0,82263.0,172588.27,217296.06,217296.06,39447,37584,-5.89,79.34001017252604,70.1,2823,18.1,0.0,0,0,1.0,67,19,2
zN3jWR1hTQMtLpVANxpTeD7CR3q4z2vfpL5WQBYpump,1785745066.4006104,86a99a7bc74a21a879e2347a841cbdcb0a585b26,ANSEMINU,B,pumpswap,True,4,0.0002485,35579.5,248581.0,248581.0,461756.48,461756.48,461756.48,6009,2415,733.0,51.14001017252604,71.4,1747,15.2,0.0,0,0,1.0,236,14,3
2tJNy9Ep8bCXWMGSZkFt2r91rKLXbC5vAnTmYi8bpump,1785757757.9346554,d2e302675e12cc12dcae5f88fa06ad0dcf764370,ELONCOIN,B,pumpswap,True,4,0.0003813,46222.86,381371.0,381371.0,851905.77,1000157.76,1000157.76,10748,4561,430.0,67.29891092529297,78.7,1694,15.1,0.0,0,0,1.0,286,44,4
yPRXjUeAidU5Azc3GL35QbWRyJwznju7yTGmzKTpump,1785765970.1764677,fc9ed0abaf24fa10eb79ebb4d8ce5cf9b8fc5d21,COW,B,pumpswap,True,2,5.871e-05,16941.59,58111.0,58111.0,481968.52,852743.94,852743.94,2765,2546,-85.69,101.5529411295573,78.0,3856,7.6,0.0,0,0,1.0,124,19,5
9NCBFpUvWTuAtHbUo4q1ruvrUsuzUtwhRoU7HwrTpump,1785775059.2619245,f52185481a336bf9cca30fe0e0df861eb1790b36,GINGY,B,pumpswap,True,5,0.0003642,43083.28,351606.0,351606.0,7334.24,40630.94,225798.07,67,71,14.67,7408.554365409343,34.6,857,12.7,2.4,13,0,1.0,72,17,1
6dX5M8DY6VTFtVRX5yzWn9RE4MkJTyoAVbAodk6cpump,1785781751.9490104,34d89400b417b3fdbbefb03a928f7cbab5c00ac9,GEOM,B,pumpswap,True,8,0.001065,77076.19,1065252.0,1065252.0,1737498.46,1737498.46,1737498.46,2800,2120,1969.0,48.63248350423177,65.1,961,7.9,0.3,15,0,1.0,259,1,6
7M8qDF65xMHBVEphDThNfCvea9Q8f1DrMEjuHYuTpump,1785781751.9490104,34d89400b417b3fdbbefb03a928f7cbab5c00ac9,CATECOIN,B,pumpswap,True,5,8.791e-05,20667.49,87913.0,87913.0,263489.13,263489.13,263489.13,2922,2971,190.0,51.3158168375651,74.4,1651,14.9,0.0,0,0,1.0,172,23,4
8vGr1eX9vfpootWiUPYa5kYoGx9bTuRy2Xc4dNMrpump,1785781751.9490104,34d89400b417b3fdbbefb03a928f7cbab5c00ac9,Fapcoin,B,pumpswap,True,4,0.001847,132623.96,1830304.0,1830304.0,51958.29,224155.04,280904.23,643,593,-5.81,417206.88248350425,25.6,11571,35.4,6.6,5,0,1.0,1000,35,43
CLoRXWYHKQm6i2vShBrTgT29J4RRBBgVthvnbK6Dpump,1785781751.9490104,34d89400b417b3fdbbefb03a928f7cbab5c00ac9,BABYCATE,B,pumpswap,True,3,9.462e-05,29356.79,85391.0,85391.0,48720.64,613642.33,613642.33,681,606,-23.04,261.1658168375651,72.6,2695,22.8,0.0,0,0,1.0,213,53,10
FGv66qXAKiXDFwdRKKU2EQVAYRJkBDU5bdcsxP1fpump,1785781751.9490104,34d89400b417b3fdbbefb03a928f7cbab5c00ac9,MIAO,B,pumpswap,True,6,0.0001555,28363.72,155558.0,155558.0,435934.7,435934.7,435934.7,2510,1874,407.0,46.18248350423177,69.1,717,12.6,0.0,0,0,1.0,61,20,1
HtK6PtfghpsomyUk5mJA91DGpLAkJkGuMy65XK6gpump,1785781751.9490104,34d89400b417b3fdbbefb03a928f7cbab5c00ac9,FRED,B,pumpswap,True,5,9.208e-05,22130.64,92081.0,92081.0,688459.63,688459.63,688459.63,3873,2620,204.0,37.46581683756511,77.9,1006,15.9,0.0,0,0,1.0,130,40,0
2YxEmTED9G5ZpxwfBHuVzPVQ4TfMYTAjMo5Tx1WApump,1785788148.9043844,029d97a69a888b174371856dedae054395191bce,MEGUSTA,B,pumpswap,True,4,0.0007033,61493.81,691360.0,691360.0,107982.82,847111.43,847111.43,1987,3162,0.4,111.39840640462239,54.6,2452,20.3,0.0,0,0,1.0,430,12,1
8DoRKBVBzDKqKvXyzjyhKDkmxE2oQxe8Bvsst2zZpump,1785788148.9043844,029d97a69a888b174371856dedae054395191bce,SOLDCAT,B,pumpswap,True,5,0.0001077,23348.71,107789.0,107789.0,143805.96,428692.31,428692.31,169,160,-15.13,65.13173973795573,58.7,324,13.3,0.0,0,0,1.0,24,28,0
C1quiRbpniMjwABM2d3vT9ijXUTtmTCKTs8uaAy2pump,1785796593.182604,37ccdbb7c2cbda624c524aff1b59a52b845ff557,Pull,B,pumpswap,True,6,0.0001327,25203.99,132735.0,132735.0,102847.41,102847.41,102847.41,1034,827,334.0,15.119710066731772,43.4,600,17.4,0.0,0,0,1.0,125,43,3
Gymbmn9wwMKe4NnmVceyyfpncp9arbwPfSdBsyY9pump,1785796593.182604,37ccdbb7c2cbda624c524aff1b59a52b845ff557,Doom,B,pumpswap,True,4,0.0004931,56127.15,478399.0,478399.0,1365091.37,3758033.56,3758033.56,7075,6312,-64.14,237.2030434000651,75.5,6433,15.0,3.1,10,0,1.0,1000,28,22
3spGNmo9SKtiHrUeXAjchoqUBNgGvRBdDpgcH7mSpump,1785800613.621365,4a7be1d9d47fef3fbf4a1828e7068f442b5057fb,merv,B,pumpswap,True,6,5.396e-05,15557.96,53967.0,53967.0,71184.77,71184.77,71184.77,253,344,56.82,13.27702274983724,28.3,261,21.5,0.0,0,0,1.0,12,26,0
2WnQohaMh6Dnn8u2afduvfhyWZk5PJVikCeMC5X9pump,1785818010.2921526,1ed927dffb224241642979d37770d86dfa32603d,OltSeson,B,pumpswap,True,3,0.0002146,33803.05,206195.0,206195.0,513554.36,655962.06,655962.06,2359,1807,176.0,83.62153587646485,78.1,1063,12.1,0.0,0,0,1.0,63,29,5
6Hdq7xZUCKoRxXMbzKhL6WMmpbgS1y1FdpU1mzU2pump,1785818010.2921526,1ed927dffb224241642979d37770d86dfa32603d,100X,B,pumpswap,True,6,0.0001153,23985.52,115307.0,115307.0,299135.8,299135.8,299135.8,5310,3773,288.0,41.93820254313151,71.0,2063,22.3,0.0,0,0,1.0,303,26,5
6fEaYuzirTMXFnFo7dGKHJs8wWVFPdh1bfZL9oRPpump,1785818010.2921526,1ed927dffb224241642979d37770d86dfa32603d,JLY,B,pumpswap,True,6,0.0002787,38060.76,270404.0,270404.0,405753.3,521916.14,521916.14,3303,2461,88.26,92.12153587646485,65.2,1905,18.6,3.3,8,0,1.0,190,16,9
89RAitwPJBEfLK4Gcg5iv7AjFABHWNvoD5rkvRkvpump,1785827961.317112,0204605b29b52e39c1b5d8ad104e0c0565ad64a7,TikTok,B,pumpswap,True,4,0.001616,110417.84,1563849.0,1563849.0,1623175.24,7343406.59,7343406.59,9138,7156,-36.28,239.50528520100912,76.2,10249,16.7,8.1,14,0,1.0,1000,29,43
D3MmqB1YgTJZAta8mbWNqw2b4mjDT5KEZ71Q6kcTpump,1785837843.6774518,47c877d4ebd7069484289a8766640b140ffb2b18,Cameuh,B,pumpswap,True,5,0.000104,21968.44,104059.0,104059.0,44756.27,44756.27,44756.27,8535,7128,206.0,23.927957531738283,45.4,8162,28.6,0.0,0,0,1.0,43,23,0
4imK9oUJPrf9ktMUqXCZDSfqm9uagX1BpRaeWWnhpump,1785845490.413112,e7e85d9a25c5b1cf98dd6e129bb47af13297c17d,BEAR,B,pumpswap,True,3,0.0001284,28589.47,125713.0,125713.0,222221.64,2622747.09,2622747.09,2440,1985,4.46,167.12355186360676,75.8,6096,16.7,0.1,5,0,1.0,1000,43,26
AZq7qpBH9ybTe45ydz9bQmmaTBU46r5pRPsibNJipump,1785861777.181217,fe2a2de52aa581b0b4991423e6a4f166007d92b2,KIDNEY,B,pumpswap,True,5,7.378e-05,18615.95,71304.0,71304.0,61690.01,146959.11,146959.11,901,1013,17.7,109.23635361735026,54.0,541,13.6,0.0,0,0,1.0,55,30,0
6CpVLDKyWcEeJ7Ypvghc645Mg2TjbuABztqXqK5Jpump,1785867573.585667,1d56d10bffd6f837f5e37589c9c7ec67315f712f,CAPYBUS,B,pumpswap,True,2,4.477e-05,14552.21,44313.0,44313.0,186732.2,427897.05,427897.05,1911,1431,-56.54,121.24309444986979,81.9,2166,2.6,0.0,0,0,1.0,36,13,0
25g5Ay42aip4BZN8KWWA79jiY2VYykuMg4qdBDsapump,1785873776.9031892,129d70a598153b61d9af76bdfddcad26f573bb69,100x,B,pumpswap,True,5,0.0002013,31615.23,195264.0,195264.0,247515.19,247515.19,247515.19,2891,4140,491.0,24.248386486816408,56.0,1729,17.9,0.0,0,0,1.0,385,24,8
7WmG1z9ysDhAWY7vCGkbhAG3zCaVUzzZrEAUj1hjpump,1785878541.5478354,b10c58a01c4a90f7ad51c094c372df7476ed0bc4,OMOJI,B,pumpswap,True,8,3.288e-05,11809.3,32829.0,32829.0,24375.47,24375.47,24375.47,545,353,10.5,54.49246392415365,54.1,964,17.8,4.4,29,0,1.0,108,13,0
EhhhiNyiomwdTjHiGrLTtxvHcNg4Vh9gNX4TUFvWpump,1785878541.5478354,b10c58a01c4a90f7ad51c094c372df7476ed0bc4,Facebook,B,pumpswap,True,5,3.379e-05,12095.35,31565.0,31565.0,49250.19,151498.18,151498.18,1165,655,316.0,122.42579725748698,77.0,1555,23.0,1.6,4,0,1.0,229,29,2
zh1t3y7gr9dxoW46qo7grVTaHaLrvGDvQMRu1FYpump,1785883155.0933354,66e3b3c96d55be3731b63a1f30fb06bdeff6945f,CORNCAT,B,pumpswap,True,6,0.0004199,49086.29,419945.0,419945.0,1508841.22,1508841.22,1508841.22,908,1162,233.0,25.36822225748698,63.6,500,10.3,0.0,0,0,1.0,116,17,3
7dCTq2EhLWggEgCSVmdBdVCP9M1LhjrkfTz7yMXSho1d,1785887213.1718137,3d60348b2882f6b36640023e7a181bbc6607f776,HODL,B,pumpswap,True,5,2.804e-05,10819.47,28046.0,28046.0,46512.11,46512.11,46512.11,848,728,-8.17,3.686196895345052,48.8,2024,16.4,0.0,0,0,1.0,441,34,8
3e53B7z3kkWcp9NrpJsRC5e5U6sNwxbHXmAXBH5tpump,1785904300.1999161,34a21147fca3d0f58d219c0747a142882f3308e3,CATIX,A,pumpswap,True,0,0.0001611,28702.85,157874.0,157874.0,53176.12,350686.91,460867.33,625,868,-3.27,469.7366652669271,76.0,1816,7.5,0.0,0,0,1.0,16,11,4
9VKCbbd7c3Y6MRAmvB9rzgAtuGjvFZSHTZPqa6FNpump,1785904300.1999161,34a21147fca3d0f58d219c0747a142882f3308e3,Niggolas,B,pumpswap,True,3,0.0001584,28938.14,154640.0,154640.0,363956.18,695242.3,695242.3,3774,2821,1.61,102.88666526692708,75.4,2418,20.1,0.0,0,0,1.0,305,24,18
CdB1d5hhSs4SfnLKaZA3db6g2d1mR9AgwL8wcF1Tpump,1785904300.1999161,34a21147fca3d0f58d219c0747a142882f3308e3,KATE,B,pumpswap,True,4,2.892e-05,12862.77,28193.0,28193.0,1207.9,26865.31,848790.98,56,51,-20.01,1616.036665266927,67.0,5598,25.6,0.0,0,0,1.0,794,33,3
AgijpCyfkbj1Z9mDmmnrq9yZQVWLtxQoEK3rQHRapump,1785914359.158583,9634d1ed7aba84abf9d0ab4651c48e858ce2833d,CAITE,B,pumpswap,True,3,8.709e-05,20239.57,83869.0,83869.0,82.6,5659.98,91371.15,10,2,2.11,1541.8026430501302,52.0,493,14.7,0.0,0,0,1.0,0,12,0
ZUXSHwzZrE1f9wy8rPyyZpiVbLNeyDRNiobvyfFpump,1785914359.158583,9634d1ed7aba84abf9d0ab4651c48e858ce2833d,2x6CAT,B,pumpswap,True,3,8.102e-05,19551.49,78231.0,78231.0,54989.68,185388.87,185388.87,533,256,-11.66,137.66930971679687,76.6,2441,11.1,0.0,0,0,1.0,106,27,0
Aq2idw7BeJX2WfNek6jGnp1z2s79CpFYZXo2zCF1pump,1785924094.1010437,95dbfd77ba6c4d28b4ccfebd7f6058ecc44b7054,LARP,B,pumpswap,True,6,0.0002081,33160.35,208185.0,208185.0,451022.34,508441.23,508441.23,5424,4128,1064.0,66.1516840616862,70.0,2400,18.9,5.3,11,0,1.0,455,20,18
FcaEwSgoFtu2EAry7cKAfncBY42xgiuaSJYHwRcvpump,1785931644.4529283,290b6a9c53f2f073a75f0fbd03a709a82ea38683,BULLMOJI,B,pumpswap,True,7,9.529e-05,21011.9,95294.0,95294.0,34823.9,34823.9,34823.9,3881,1061,169.0,16.04088213704427,45.8,469,16.0,0.0,0,0,1.0,43,21,3
EkMuHB8UhMZxR2MtuwSzt3Ymk78uSJ7sUT8NnAx4ms4N,1785940713.0179029,99dbc769a56d404de4ecbef88c5a4bd8e09e4f38,TOOKER,B,pumpswap,True,4,4.557e-05,14308.34,43579.0,43579.0,35345.52,154813.13,154813.13,567,335,-33.1,236.2336317138672,74.7,966,25.5,0.0,0,0,1.0,123,10,8
3zyBhfJrMrXJrWG8n4LJdUnoASfgQrBZ2SjtzQeqpump,1785946988.9654593,bb43c7b35461b8e56990018fecc9c3dc247c2830,BABYCUPSEY,B,pumpswap,True,5,0.0001486,31046.0,141417.0,141417.0,55318.79,308629.64,308629.64,1711,1205,67.57,88.3327576538086,66.5,1428,23.6,0.0,0,0,1.0,108,35,7
7pQYyWKPtxMCzdWDPZKJ7xTnCzFB25SPxp8cM4xJpump,1785946988.9654593,bb43c7b35461b8e56990018fecc9c3dc247c2830,WIZCAT,B,pumpswap,True,2,8.703e-05,20445.83,84935.0,84935.0,12809.29,186927.62,186927.62,282,139,6.07,305.81609098714193,70.2,910,16.9,0.0,0,0,1.0,18,16,1
H9CvE3o83EYooNhZuf1g3XTuro94bnnBauUP5hQopump,1785946988.9654593,bb43c7b35461b8e56990018fecc9c3dc247c2830,4chan,B,pumpswap,True,7,4.864e-05,14680.22,45531.0,45531.0,27606.53,27606.53,27606.53,849,542,58.96,17.96609098714193,51.7,1078,23.4,6.7,5,0,1.0,170,27,5
336wdKkmBGH8SSjmEvW7NdGWWn33Jm8FqiYBcxuEpump,1785953267.6341176,d9d00e6248d0f3decb7a3c3b5500bb8234267c9c,PATTERN,B,pumpswap,True,6,0.000319,40791.1,319097.0,319097.0,494818.12,494818.12,494818.12,965,1076,697.0,35.61056862792969,52.5,635,10.3,0.0,0,1,1.0,72,19,4
5ZUkxSP66eN9MjnfGQ82zV682x7H56ZYP6wpfyWmpump,1785953267.6341176,d9d00e6248d0f3decb7a3c3b5500bb8234267c9c,Mei,B,pumpswap,True,6,0.000187,31033.82,187017.0,187017.0,372035.19,372035.19,372035.19,4725,2887,506.0,43.46056862792969,63.1,758,15.0,0.0,0,0,1.0,99,15,7
74q9g2GxfG2JgNBz2mdLFFETYPDXBsVYr2F3RHZbpump,1785953267.6341176,d9d00e6248d0f3decb7a3c3b5500bb8234267c9c,FISHHORSE,B,pumpswap,True,2,3.21e-05,12001.12,30960.0,30960.0,5374.08,36983.44,256856.06,87,101,-38.73,986.093901961263,70.7,1236,19.2,0.0,0,0,1.0,178,17,5
7rMnp9EJd61SvNn8LGc7SAJeQxM36oeECKmP2a7opump,1785953267.6341176,d9d00e6248d0f3decb7a3c3b5500bb8234267c9c,KIO,B,pumpswap,True,4,0.002769,147798.91,2734372.0,2734372.0,1159900.78,2386172.11,2809726.65,5162,4307,166.0,1684.1605686279297,51.2,7937,17.0,4.3,17,0,1.0,1000,81,38
94jVx7XRH3MHbgNzdk3bdWZsArZeMwkBr9antDRFpump,1785953267.6341176,d9d00e6248d0f3decb7a3c3b5500bb8234267c9c,EMBERCAT,B,pumpswap,True,1,0.0001277,25120.49,126419.0,126419.0,105073.17,277042.96,277042.96,2383,606,3.39,91.79390196126302,82.9,3259,2.3,0.0,0,0,1.0,46,14,0
B7bVuZ9vVGmSstLNfU3heVxgsCLQuC5D46HgqaiSpump,1785959948.5021126,95dcbe06583b4ed14e96c2f00ef7e8110494ce0e,POKES,B,pumpswap,True,6,4.957e-05,15091.41,49579.0,49579.0,149509.82,172350.28,172350.28,896,734,19.87,62.90836854248047,69.8,659,9.8,0.0,0,0,1.0,99,55,1
HZtTK1uokNiXxjLi6wj38ATaik1L13Gc8jx42T2Bpump,1785959948.5021126,95dcbe06583b4ed14e96c2f00ef7e8110494ce0e,Youtube,B,pumpswap,True,4,8.568e-05,20465.7,84395.0,84395.0,34698.01,283929.04,283929.04,4155,1618,-8.99,164.05836854248048,64.4,269,16.3,0.0,0,0,1.0,10,11,0
5ohBqLgmccJstRhrFskitBYa7DtwQ13HZmFzH8Wepump,1785964871.8873696,a0730521338810980858d0ba1c56b8ecfa76bce4,BOAR,B,pumpswap,True,3,6.602e-05,34383.53,65995.0,65995.0,60872.16,62480.82,62890.66,381,322,70.31,297067.5314561605,38.3,10738,25.0,0.0,0,0,1.0,1000,33,214
BpXqkQdeiiSR5LLkZhgurK9wEFhCFQW4jabQETiDpump,1785964871.8873696,a0730521338810980858d0ba1c56b8ecfa76bce4,LARP,B,pumpswap,True,8,2.634e-05,10544.52,26349.0,26349.0,98867.16,98867.16,98867.16,898,782,-11.32,20.798122827148436,61.8,516,20.0,0.5,4,0,1.0,71,31,2
CRkYt5r12pat431AaghadDCjrGB2vGQ1ekQziSjypump,1785964871.8873696,a0730521338810980858d0ba1c56b8ecfa76bce4,1MCOIN,B,pumpswap,True,7,5.208e-05,15290.98,52083.0,52083.0,51217.11,51217.11,51217.11,834,732,70.27,16.848122827148437,46.8,733,20.5,0.0,0,0,1.0,70,19,4
F1mLkfewYCoZgR8sGBmwLg7bzKtcKyyqJ7YYSrVjpump,1785972714.0772817,0fdbe507aee3f44915009438d5967ea1420d85e7,GoldCoin,B,pumpswap,True,8,4.193e-05,13549.42,41932.0,41932.0,51061.96,51061.96,51061.96,1061,816,37.36,12.434621362304688,44.9,897,22.6,0.5,4,0,1.0,138,27,2
77rUTY78vqn1MAaWMFW2dFQ9fHNr2WubS8e6P3nhpump,1785977844.8706326,c8a3f339f56e0cd34f0419256afaa16a02988496,Tardimals,B,pumpswap,True,7,8.387e-05,20149.59,83874.0,83874.0,245698.54,245698.54,245698.54,3821,2860,179.0,33.19784387613932,75.4,1817,18.0,7.8,13,0,1.0,403,30,14
GafyWkvYmsqd7MrsuvJJcMZXdaDRTS9z538ZhJspump,1785977844.8706326,c8a3f339f56e0cd34f0419256afaa16a02988496,COOLGUY,B,pumpswap,True,7,5.557e-05,15813.64,55561.0,55561.0,50915.51,50915.51,50915.51,939,1363,80.58,6.51451054280599,33.5,596,10.2,0.0,0,0,1.0,155,34,0
HcNWQPmvtCSZSXPsbGDx6FSRfscnauKPTP2v7C6Jpump,1785990163.6540852,750d1b1dea341d2626d3699f72b92cfe67f86996,CatDance,B,pumpswap,True,7,8.79e-05,20447.85,84602.0,84602.0,169067.6,185970.75,185970.75,5502,4600,58.18,71.17756808675131,65.0,2379,23.4,0.0,0,0,1.0,112,13,4
6a4TCQoCFXXNK8jUtjCMPqvoaLGx1oNLrciBiRafpump,1786000870.3795407,6da8fb38e948a2801d50e71938bcb5eb34ab2af2,MEMOLUTION,A,pumpswap,True,0,0.0002346,35325.77,229998.0,229998.0,56867.13,380338.56,611843.04,745,1113,31.64,580.3229923461914,72.9,2249,7.8,0.0,0,0,1.0,36,29,5
36GuKdF7Z3fVAMVeZQRUPBT2uJd4SuXvmLnmraD7pump,1786018333.1279159,972b75626fda7c544c34cb4ec57c78c9d6777369,CATECOIN,B,pumpswap,True,3,0.0005606,56586.62,535468.0,535468.0,614577.04,1268488.04,1268488.04,9288,2272,121.0,129.68546526285806,80.1,1939,15.3,0.0,0,0,1.0,241,35,6
AvnRcJVB2t5cvYZMWk67xiPyGqxfgJeTDPViknLkpump,1786018333.1279159,972b75626fda7c544c34cb4ec57c78c9d6777369,MOOT,B,pumpswap,True,6,0.0001145,23640.08,112756.0,112756.0,146339.38,281393.91,281393.91,10396,10591,0.69,100.86879859619141,63.5,818,18.5,0.0,0,0,1.0,104,16,0
B7wGz1pcn3FR8EimxZf2yLWFKg9KSLumqrTX6MaYpump,1786018333.1279159,972b75626fda7c544c34cb4ec57c78c9d6777369,Turtle,B,pumpswap,True,7,0.0001246,25417.58,124627.0,124627.0,406385.37,523886.74,523886.74,5178,4019,168.0,67.48546526285807,74.8,2338,20.6,5.8,8,0,1.0,376,30,14
7sGdNQSvUGpahh6qyXB3g5gsdK9FAzZM299KyCXspump,1786027158.1253083,1a38cef34c9afd07520055f6946800dc25f3f080,https,B,pumpswap,True,5,9.399e-05,40169.73,93939.0,93939.0,1902.3,9464.07,35524.44,18,17,3.63,334769.0020884725,32.7,16518,21.7,1.7,12,0,1.0,1000,14,88
3c32HTEvDVQC71irgNwQ6HX69Kw387V1aWBn76ugpump,1786061936.842252,3f8585eb8f1def4dfb3cc5a6e4aff4198f9d2917,goon,B,pumpswap,True,6,0.0003507,43874.69,332547.0,332547.0,575042.61,973339.1,973339.1,5079,4083,112.0,133.21403753255208,73.4,2899,21.4,8.4,12,0,1.0,503,31,37
4jEbdEWatK6ubnK915keqyu9T9EVmN7P87Vg7LpKpump,1786061936.842252,3f8585eb8f1def4dfb3cc5a6e4aff4198f9d2917,Telegram,B,pumpswap,True,4,0.0001185,24160.34,105700.0,105700.0,197215.45,355806.88,355806.88,3066,2326,31.36,96.71403753255208,75.2,2279,20.0,0.0,0,0,1.0,303,18,5
CjRtyRTbwBgtbpDshAa6uAHP8UPMDqioFZATdBqmpump,1786061936.842252,3f8585eb8f1def4dfb3cc5a6e4aff4198f9d2917,Gus,B,pumpswap,True,5,2.921e-05,10994.94,28252.0,28252.0,675.66,7063.81,52970.8,58,14,9.04,779.7473708658854,56.0,537,31.8,0.0,0,0,1.0,83,11,0
3S5mGWH54YAtjoWNHEEA6rhCC6vFTzpFVzAGiwyepump,1786072852.6549878,3f81a4d6ed70861cbc4fb6539a4e43eb9a4ea275,GATO,B,pumpswap,True,6,6.033e-05,16515.64,60335.0,60335.0,121770.81,121770.81,121770.81,5457,543,64.08,40.76091646321615,64.0,330,15.5,0.0,0,0,1.0,12,12,0
H83D7mvT1sWuQCUJZzJDVLuCwB6e2fRk3a8VGwj5pump,1786072852.6549878,3f81a4d6ed70861cbc4fb6539a4e43eb9a4ea275,GG,B,pumpswap,True,5,6.493e-05,17080.09,62130.0,62130.0,35642.27,111749.19,111749.19,454,305,71.05,140.94424979654949,60.5,1020,30.4,2.1,4,1,1.0,175,17,3
76yPcGUMzHeMvWw1SBcmx4H2ve4SyKCCAE158ZD8pump,1786079312.483242,25517acf83acc638b61c660b480812fa75734b2e,AQUA,B,pumpswap,True,7,8.236e-05,19502.68,82361.0,82361.0,74624.62,106121.35,106121.35,1170,709,25.99,65.80805403238932,54.7,788,20.7,0.0,0,0,1.0,104,30,5
AwvwgWt7gZ9seYtzcK8LLSS8hCTfyQnRpAWN135Vpump,1786079312.483242,25517acf83acc638b61c660b480812fa75734b2e,PROOST,B,pumpswap,True,7,0.0001053,22396.52,100732.0,100732.0,200773.92,299205.31,299205.31,2590,1784,-48.17,87.37472069905598,65.2,647,24.8,0.0,0,0,1.0,150,12,6
BD5wSmuNysbBWTDrnNxfUqtzTvrYfJwgRS8MHroEpump,1786084558.418968,6f10d26a674b9bf72cad88ebefb47d4598612246,DUCKTATOR,A,pumpswap,True,0,0.0001836,30769.11,180025.0,180025.0,77433.34,396359.16,545200.55,1026,1538,6.64,504.20698280029296,76.6,1862,7.9,0.0,0,0,1.0,21,9,6
CdKQLGogBTECMzYaDkU4uounyNKVxU8L5S8titQKpump,1786097678.1732495,46c198688325b403e54ace16c78fb092de5a2baf,TRIPLEAPE,B,pumpswap,True,2,0.0001181,25362.98,113804.0,113804.0,488054.7,1010881.55,1010881.55,2092,1529,-30.06,162.5862208251953,74.4,904,16.8,0.0,0,0,1.0,63,19,3
DLtW3nX7tqMvY4CKCUGpwZ8S6ZanQC4Azw66p1Xqpump,1786101074.2523072,254bc7f4cfe3f6fbc4ab592c8366cd1257a7ff12,MINICATE,B,pumpswap,True,6,2.981e-05,11161.71,29818.0,29818.0,42702.3,42702.3,42702.3,929,667,0.47,35.737538452148435,57.3,875,19.1,0.0,0,0,1.0,90,10,1
UCoFuzqbvJ52NjmS4Ra6QEYd5jpVYDDQvxxHo5UJJgR,1786101074.2523072,254bc7f4cfe3f6fbc4ab592c8366cd1257a7ff12,UCOF,B,meteora,True,2,0.002836,104298.67,2836995.0,2836995.0,330.43,51994.76,51994.76,16,6,0.63,203.53753845214842,33.6,129,15.2,0.0,0,0,50.0,0,0,0
76vPMYvU7Gv1h1GsuY45XxcuF19JKfkYgKdmwe7Ypump,1786104052.7454412,4dd43c77e6b543dd05bb564f8ad0c2eb524b4578,SFN,B,pumpswap,True,7,0.000221,35087.7,221065.0,221065.0,900160.52,923952.42,923952.42,10456,8925,812.0,61.129090686035155,73.6,3202,21.2,5.7,9,0,1.0,601,41,27
FLq6s9GwF1TQ8xZLz7EmDJnDMKPoMUXaEayHbtZUpump,1786104052.7454412,4dd43c77e6b543dd05bb564f8ad0c2eb524b4578,Sherman,B,pumpswap,True,6,0.0001091,23274.06,109100.0,109100.0,251397.56,314466.26,314466.26,2885,2236,86.08,68.49575735270183,72.2,1383,24.4,0.0,0,0,1.0,188,28,11
6gTwUQGMFq2GMNYgvb4ejjDqCBoN7Gs87jToemYopump,1786109030.0000088,f779cda8c1834f85b1feddc3a55e553ef67aa2c8,TINYTANK,B,pumpswap,True,5,0.0001234,24739.87,118377.0,118377.0,17854.89,131053.49,290084.68,292,156,7.95,696.516666813151,69.2,1035,27.2,1.9,4,0,1.0,145,5,7
BiTt2dobZm7YpNPGJjBqJcCUpUwFxYAFHfMBBazopump,1786109030.0000088,f779cda8c1834f85b1feddc3a55e553ef67aa2c8,NOOT,B,pumpswap,True,5,7.294e-05,18560.51,71990.0,71990.0,82864.18,189748.28,189748.28,7154,686,65.24,72.4833334798177,67.0,245,18.6,0.0,0,0,1.0,14,0,1
DkSJKm11B4PKLZWGx7EuXAxacGEjpMeUkk68oRxepump,1786113270.5863686,bef71f57d40ce87721a699739f5731963e46343c,DTR,B,pumpswap,True,7,3.943e-05,13265.66,39431.0,39431.0,154267.82,154267.82,154267.82,730,552,15.62,36.97643947753906,64.1,401,10.0,0.0,0,0,1.0,27,14,0
9nXkTPZETP9hrntNYgxQSeDzwbhrExhFqKJPb5Z6pump,1786116640.957802,2a33c71efeb80b2d5f17cc5e5b5d2073d7984ef5,CASHDOG,B,pumpswap,True,4,0.0003235,40424.49,321657.0,321657.0,53255.41,310644.34,310644.34,598,811,37.78,162.89929670003255,57.0,1786,7.2,3.4,9,0,1.0,80,30,6
XTAL9rJpwoPokY1p2KqGcuBULuKJ1BXiQYDNXEq7KoX,1786116640.957802,2a33c71efeb80b2d5f17cc5e5b5d2073d7984ef5,XTAL,B,meteora,True,2,0.002523,58260.75,2523562.0,2523562.0,1223.87,6580.77,57370.51,135,129,0.25,1144.2992967000325,23.8,157,11.3,0.0,0,0,1.0,0,0,0
YBPUY1zz2QV1vk9X81YekCJC7MNbVxcscQxBiE2pump,1786116640.957802,2a33c71efeb80b2d5f17cc5e5b5d2073d7984ef5,MIMIMUMU,B,pumpswap,True,6,9.357e-05,21485.95,93445.0,93445.0,373601.01,373601.01,373601.01,3800,3280,209.0,34.949296700032555,75.6,1709,15.7,4.5,4,0,1.0,308,25,13
mNzssXQ9hU1ASJ1CVuu4JjrFBrfeVdR2JzirKS3pump,1786116640.957802,2a33c71efeb80b2d5f17cc5e5b5d2073d7984ef5,RAVECAT,B,pumpswap,True,2,0.0005628,54829.43,558966.0,558966.0,139027.01,943890.56,943890.56,1170,1372,81.25,108.21596336669921,64.3,4151,7.0,0.0,0,0,1.0,136,15,3
3UGJHrLqzbX4g7GdAWAn5XkhVApT4WHxAewntuWJpump,1786120085.6799223,dcfc8b0b184a23d705fd31138a1651a36ece894e,DREAMCOIN,B,pumpswap,True,5,0.0003425,44195.58,342512.0,342512.0,1485568.58,1485568.58,1485568.58,967,789,172.0,27.827998706054686,68.9,636,10.7,0.0,0,0,1.0,63,8,8
AuD4BEQaNUcLzqKSVANe4UGZVUTZcpamuNBAfBFdpump,1786120085.6799223,dcfc8b0b184a23d705fd31138a1651a36ece894e,PURHZ,B,pumpswap,True,2,0.0001857,30553.51,183900.0,183900.0,201352.93,320472.94,320472.94,2504,850,79.25,74.39466537272135,76.6,1791,1.7,0.0,0,0,1.0,51,9,0
DUxbHHy34XSoo6cjeeiiTMUu12UyoNWbvvMUWcvjpump,1786120085.6799223,dcfc8b0b184a23d705fd31138a1651a36ece894e,Nosferatu,B,pumpswap,True,1,0.0001175,26598.34,114141.0,114141.0,1089738.85,2786441.38,2786441.38,2975,2868,-75.06,209.86133203938803,75.5,1355,12.9,0.0,0,0,1.0,86,20,6
DdSfpVAAi3kcZLMVBS4whtttTu2wPFYfwEwmKLe1pump,1786120085.6799223,dcfc8b0b184a23d705fd31138a1651a36ece894e,TINYCATE,B,pumpswap,True,6,3.703e-05,12615.57,37036.0,37036.0,21643.06,21643.06,21643.06,300,368,20.35,3.6946653727213543,25.0,523,15.4,0.0,0,0,1.0,143,21,4
2YxBvZ4BwYtoLdzf7pDAAQ6kExX94q5nz8RrLaPHpump,1786123684.621609,ed8a8decb9ace0c6e8cb33c22fa02fe0cae2ff60,GILF,B,pumpswap,True,6,5.77e-05,16101.48,57702.0,57702.0,119048.99,119048.99,119048.99,2437,1468,89.59,57.81036014811198,68.9,1171,18.0,0.0,0,0,1.0,174,16,6
4LSbFBqfTK3QFi1wqw5rVkvt1SRgyZeRTZD3zzNdpvRT,1786139489.989314,b01bdbadab7812b5e6c81600dcd13d9b8505e2fe,WAGMI,B,pumpswap,True,7,2.642e-05,10509.03,26429.0,26429.0,96329.65,96329.65,96329.65,1365,1063,-13.7,11.799821899414063,62.8,880,20.3,0.0,0,0,1.0,155,18,6
Edpcd9aYh6BVRKV5hYrgnEuJ3MHAFcdnHtSL9yvopump,1786139489.989314,b01bdbadab7812b5e6c81600dcd13d9b8505e2fe,Pinata,B,pumpswap,True,5,0.000124,24189.51,119198.0,119198.0,12157.78,45026.79,45026.79,2416,122,21.49,299.7164885660807,41.9,204,26.9,0.0,0,0,1.0,11,13,2
7LRo1JRKLaGxYKGJWTyUmA5LduJFown9Xmpo1prJpump,1786143637.9927576,509d69c048defa318e26d47edc4eb129da92385c,PATE,B,pumpswap,True,2,0.001585,89522.16,1532046.0,1532046.0,1059.04,15112.15,37828.32,27,12,1.93,1573.749879292806,40.4,663,13.2,0.0,0,0,1.0,0,9,0
HKBWBhuW2jBHTLmJYFBwUBZkdzp6ji8ydjAwxP1aUSPo,1786143637.9927576,509d69c048defa318e26d47edc4eb129da92385c,KNEWIT,B,meteora,True,5,6.101e-05,13878.2,61016.0,61016.0,183126.03,373615.99,373615.99,1624,1134,-33.86,77.06654595947266,70.7,1222,34.2,0.0,0,0,1.0,167,30,9
K3kpBCjX7UJgt7i9LUPRuJ665To4KFUrNyMQRN4pump,1786143637.9927576,509d69c048defa318e26d47edc4eb129da92385c,$ghosti,B,pumpswap,True,4,4.39e-05,14190.98,39884.0,39884.0,976.47,6189.41,25651.31,42,15,1.37,8729.416545959473,38.7,794,22.8,0.0,0,0,1.0,32,32,2
HgD7ueF5YYRM679TxZRjWNk7s2f1QXbEFjQR4tm4pump,1786156306.9931798,a962376f21801312e8b419e61b936b9093185b21,burncoin,B,pumpswap,True,6,5.823e-05,16492.73,51829.0,51829.0,222894.05,254986.46,254986.46,4760,2154,68.1,78.28321966145833,76.9,1457,28.4,0.0,0,0,1.0,196,11,4
gAshQBpVGDRAtL9y6C5fJvVkA5cMWVR6c58w4XWpump,1786156306.9931798,a962376f21801312e8b419e61b936b9093185b21,RAMEN,B,pumpswap,True,1,0.001414,89889.41,1384083.0,1384083.0,297624.98,372022.73,1420838.4,1603,1423,87.48,876.1332196614584,58.5,5289,3.1,0.0,0,0,1.0,97,22,3
AENK1YJ9978xp19xQLKat6eNmndf7Jg2FxFfKiwvpump,1786172844.5468764,e7ad57a98aca7b028bb1c6416eeb9ea5db7ed4e2,LOUIE,B,pumpswap,True,6,0.0001911,31642.76,191126.0,191126.0,486413.79,510962.51,510962.51,5204,4120,1658.0,64.39244794108073,71.0,2072,21.5,0.3,4,0,1.0,335,12,25
2qE4vpAj5zv3WDCUdsxkdDwLboqC3PZk9caa3DjApump,1786176204.1094997,b3121fbb8d951de026ee31675452fecc0f1f2dd6,NAM,B,pumpswap,True,5,7.693e-05,18874.73,76936.0,76936.0,33055.13,33055.13,33055.13,4456,3255,145.0,28.335158329264324,48.7,4463,23.3,0.0,0,0,1.0,55,16,3
46amR3aeQE7MJ9QDrgNRqBP3FcsJ9QNYV71L2vVSpump,1786179271.4342124,86c6b83ae7f79a7dd7c5f3dc7708d637ff82367c,claudius,B,pumpswap,True,6,5.954e-05,16661.42,59541.0,59541.0,174471.95,174471.95,174471.95,3166,1984,91.52,46.37390354003906,75.5,1188,22.3,0.0,0,0,1.0,123,24,5
Etn5sZVyKfYY3tqLqctEA4sqKW5Psy221wKNo7K6pump,1786186472.780042,bc3e7f89249d11e6a6bea3015fff6bf876df217c,MARU,B,pumpswap,True,5,3.577e-05,12522.73,35774.0,35774.0,80385.83,80385.83,80385.83,1360,984,15.95,49.76300069986979,68.7,1110,18.5,0.0,0,0,1.0,214,9,3
BitihMR91FwBjFArYh2ususajJMa4Wo5EMp2JN7Fpump,1786197241.581297,4b19c1990101830d2cbdf5caa1fd644fd64aa963,BUBBLES,B,pumpswap,True,6,0.0001137,24405.8,113704.0,113704.0,567476.36,567476.36,567476.36,327,290,39.96,29.25968828125,59.5,291,10.7,0.0,0,0,1.0,20,12,0
4SS6ikszgkEZ9G8aWrRu5xR7ipBbZM1yH8PgkG6rpump,1786200096.528227,980eb168b54e230d1bc73b26d3a4ede906526f21,SADSWAG,B,pumpswap,True,4,0.0001952,34166.28,190014.0,190014.0,856759.44,1318582.97,1318582.97,2957,1932,14.82,98.79213711751302,75.4,882,15.5,0.0,0,0,1.0,100,20,3
5XhJSFcBvpEZrtdaydTuhyjvv5SyaHXWAD5sXzT1pump,1786200096.528227,980eb168b54e230d1bc73b26d3a4ede906526f21,CATE,B,pumpswap,True,7,0.0001106,23332.44,110619.0,110619.0,145169.5,145169.5,145169.5,2728,3115,256.0,44.89213711751302,35.2,339,30.4,0.0,0,0,1.0,48,21,0
EjD5Y9NVhXmtEqU7wYvAyZvDWZFQeEuHXFatJmTbpump,1786200096.528227,980eb168b54e230d1bc73b26d3a4ede906526f21,lickingcat,B,pumpswap,True,3,0.0001713,30724.68,162342.0,162342.0,379559.04,796030.4,796030.4,3782,2949,18.61,124.80880378417969,74.3,2966,21.8,0.0,0,0,1.0,549,8,20
H6jR4eKYVAr9MQ385Cmvo3SogLiYeUX8ECsxqihApump,1786200096.528227,980eb168b54e230d1bc73b26d3a4ede906526f21,PURROUETTE,B,pumpswap,True,2,0.0002358,35284.34,235757.0,235757.0,454640.15,462153.74,462153.74,4943,1690,57.96,60.14213711751302,78.6,3003,2.2,0.0,0,0,1.0,68,10,0
HSf6w34nAHiQ2uTPsFH3gSjae7rvbEmgoBEQm2uzpump,1786200096.528227,980eb168b54e230d1bc73b26d3a4ede906526f21,PLODDY,B,pumpswap,True,4,9.732e-05,21909.01,89941.0,89941.0,37062.87,200827.54,200827.54,3879,417,73.83,104.85880378417968,72.3,617,17.4,0.0,0,0,1.0,32,26,1
BVxz4g44d7z2CV5ZERPsvxY3QznPmof1Ddpascjipump,1786204202.8276715,29e7b696023ba2434cb8f8f76789000eb629f068,BABYTOAD,B,pumpswap,True,7,9.291e-05,21155.03,92918.0,92918.0,67421.74,67421.74,67421.74,992,642,221.0,7.013794527180989,40.0,996,26.5,0.0,0,0,1.0,142,11,4
5PSfG9tsifaxfJuF9kwHfkDVB5myowkUrwdqUh7Hpump,1786205699.721855,c40de5b8729044a3f7b3d44d90fb3d32f927f7d4,Oggie,B,pumpswap,True,7,4.346e-05,13966.42,43470.0,43470.0,28066.03,28066.03,28066.03,410,275,38.32,6.345364249674479,28.7,529,21.5,0.0,0,0,1.0,96,8,5
HfgV3Y9WUMuK7kyQmw3sCYByUBdWDkJPXsoKhJg7pump,1786205699.721855,c40de5b8729044a3f7b3d44d90fb3d32f927f7d4,SOOK,B,pumpswap,True,7,4.179e-05,13761.13,41793.0,41793.0,90020.5,90020.5,90020.5,898,862,31.65,20.212030916341146,57.0,758,23.8,0.0,0,0,1.0,170,25,7
FC6WBsiqnoq5KqjcXA5mawtshXkTDFPjY3DevsNppump,1786208190.3440242,8dfe5d9a7dc8963b5f6db02de7d7ff89518919b5,CLAWMBAT,B,pumpswap,True,2,0.0002058,33007.66,204132.0,204132.0,411373.45,514104.18,514104.18,3595,1781,50.77,73.2890670694987,81.3,2680,1.6,0.0,0,0,1.0,84,11,0
BjMRQ5vksXw8eAsXPe7VuLv9FMA5XmP6QQ9znco1pump,1786212926.0161088,15c2154b3ea54efc5acd897709a554529cd74aa6,GIGACAT,B,pumpswap,True,5,0.0001012,22196.57,101273.0,101273.0,92998.02,92998.02,92998.02,1328,1085,218.0,6.100268477376302,45.2,1263,10.8,0.0,0,0,1.0,264,32,4
57miZy94FL6iS3foTX6hJWp51aET8MAoZGT4zYuupump,1786215798.845528,8c99681f90ff4c7339d3a8c1b24240f2629787ab,Hypnotoad,B,pumpswap,True,5,0.0002133,33605.52,213355.0,213355.0,413396.45,413396.45,413396.45,3738,2971,579.0,19.964092130533853,64.4,1722,19.3,0.0,0,0,1.0,364,30,17
DfmUxZaGKH46tY2YgL5YLbQXg5FKup6Ftf666Ea5pump,1786217899.2931125,cde6b4004ce0fd5307324af0621f3adcc94a7244,Pomeranian,B,pumpswap,True,4,0.0003211,42343.32,310762.0,310762.0,734875.59,764758.04,764758.04,3545,2714,385.0,74.0715518758138,71.1,1029,16.4,0.0,0,0,1.0,120,28,5
8ghgo3oGxRQ4P6xGcqBUTfhqs8FneB7C5LSZQ2dmpump,1786222340.477675,88b7b592c832e3579d6f628a96da8868df8855b7,Restless,B,pumpswap,True,5,2.922e-05,11184.33,27420.0,27420.0,6544.26,24199.17,24199.17,169,84,62.92,145.04129458414712,45.3,577,25.8,0.0,0,1,1.0,54,7,0
8pVz3E84hntMq4J9BeWv8KP7xkRNyS4mB4kMGRTdpump,1786222340.477675,88b7b592c832e3579d6f628a96da8868df8855b7,PURRBIT,B,pumpswap,True,2,0.0002055,32813.21,203484.0,203484.0,327716.81,433952.72,433952.72,3629,1406,73.42,72.47462791748048,79.5,2399,1.7,0.0,0,0,1.0,34,0,0
CyDgGBPawS1CquTTVvt3gf3EPdDYmaLKd7NepW9LzNrD,1786223899.533836,8e945a9375fa2f01ec2cb366263c1953ac71cf70,opium,B,pumpswap,True,8,0.0001426,28025.49,142667.0,142667.0,50342.15,50342.15,50342.15,518,315,166.0,20.092230598958334,36.3,513,26.5,9.2,8,1,1.0,106,6,3
EqtUZ9GD22hTBcxiRgQgzPQZ3ncj4dmwC5SzyJT6pump,1786225829.57289,2736522c5b73672a2b28335b71f81e06990179c1,KENNY,B,pumpswap,True,6,4.686e-05,14576.89,46867.0,46867.0,32958.26,32958.26,32958.26,394,229,47.83,33.39288150227865,40.2,411,19.8,0.0,0,0,1.0,40,11,2
GhkTyfsXQLf5hgu6BvVRFEbpqgRmXUSQNCa89SDSpump,1786225829.57289,2736522c5b73672a2b28335b71f81e06990179c1,BLACKTOAD,B,pumpswap,True,7,3.979e-05,13364.32,39787.0,39787.0,70230.72,70230.72,70230.72,1097,875,25.42,22.109548168945313,60.5,981,23.7,0.0,0,0,1.0,149,22,3
9XwtS1dGSWAPpuc5FtgShpLZmZkgXT77fjRuvNZTpump,1786243744.7347162,3cb31b6899b819f06dbc104ef980051d72165adb,MIDASTOAD,B,pumpswap,True,2,0.0002036,32659.57,203673.0,203673.0,412298.14,412298.14,412298.14,4157,1397,202.0,52.345578601074216,79.3,2258,2.2,0.0,0,0,1.0,39,11,0
BX961hMXPh7wzDxTJmGrgKbKXNns9bsLJdjr5wobpump,1786252514.6764705,530a270df076530c8bf7d32f07d75a8164a5aa51,PUMPBULL,B,pumpswap,True,7,0.0001244,24604.3,119859.0,119859.0,632.13,8140.7,30191.63,20,7,-1.81,3523.76127450765,33.1,705,29.0,6.3,12,0,1.0,148,10,2
BdN4X4AMnDDvpJ6fGJiENFtB9VVkkvT49kofatxNpump,1786252514.6764705,530a270df076530c8bf7d32f07d75a8164a5aa51,PORF,B,pumpswap,True,6,5.077e-05,16150.93,50777.0,50777.0,641722.04,641722.04,641722.04,2915,2320,62.51,27.727941174316406,71.8,804,15.0,0.0,0,0,1.0,101,17,0
G5dyx7UfnX6TeHqrPVAM7qNMXznAsvjtbsbTCNbRpump,1786252514.6764705,530a270df076530c8bf7d32f07d75a8164a5aa51,SKOGTROLL,B,pumpswap,True,6,0.0001032,22788.06,99335.0,99335.0,5332.64,40563.65,320608.94,50,63,-0.59,731.1779411743164,68.7,1377,26.8,1.7,6,0,1.0,100,9,4
CbY1i2rZ76yTdGPUgWK4xpfKe1vYn7kMYEKZitjtpump,1786262685.0179095,bfcf9d65c95b3a2d026f8c8cbb8757780a92bd49,SCREM,B,pumpswap,True,5,0.0001111,23471.56,111153.0,111153.0,161501.46,161501.46,161501.46,7358,5846,254.0,49.9169651570638,61.2,1996,15.1,0.0,0,0,1.0,56,18,0
FPfi9q1AixdUeWQVPFHJMJQ7a43S78dm6UZ4fzN4pump,1786262685.0179095,bfcf9d65c95b3a2d026f8c8cbb8757780a92bd49,nosis,B,pumpswap,True,8,7.842e-05,19480.01,78423.0,78423.0,121564.57,121564.57,121564.57,1249,1266,147.0,18.3169651570638,46.9,750,33.0,0.0,0,0,1.0,156,19,8
FRurQLB9kGxLsNLAcM7LgyHYRHxwy4g44BpzsmHakadu,1786262685.0179095,bfcf9d65c95b3a2d026f8c8cbb8757780a92bd49,Kadu,B,pumpswap,True,5,8.361e-05,20608.15,80494.0,80494.0,301018.34,353928.94,353928.94,4161,3144,242.0,70.98363182373046,76.3,2051,17.3,0.0,0,0,1.0,298,11,11
9S3HuR5VKJXEUKHrDpqxNWhkw9WL4iqoXyGN3JpGpump,1786269056.2924514,8bc2493058f59c4532fd92d3e6436b7c1efda85c,GO,B,pumpswap,True,5,7.916e-05,19437.02,76343.0,76343.0,58525.69,71665.67,71665.67,715,647,0.02,82.15487419026692,52.5,5632,20.9,0.0,0,0,1.0,103,16,4
EKppz9JRQDVLhye12yc4T4P9ue7N6A4vVEB4uyvxpump,1786269056.2924514,8bc2493058f59c4532fd92d3e6436b7c1efda85c,OTTO,B,pumpswap,True,8,8.265e-05,19908.02,82650.0,82650.0,117060.36,130257.78,130257.78,1548,1137,170.0,63.03820752360026,61.1,1022,20.6,4.0,10,0,1.0,152,20,12
DmSevLDx27zpabUjAYTdmo6rxy8BrfeMn5uENDja8Lpr,1786273012.952193,345c3922d61dff0b67f4a4ac270f9066d02d714b,ming,B,pumpswap,True,8,8.865e-05,20917.98,88650.0,88650.0,199300.32,199300.32,199300.32,2947,2248,182.0,28.482536551920575,67.0,1433,21.7,1.3,4,0,1.0,242,42,12
5CKuyx8kqzwHVZKoRMstBih9wteTv4XoSBq48j7Zpump,1786277854.6944385,5d3853a1a53c3091f35f27140a72e5e1a89b87da,Pinkchyu,B,pumpswap,True,6,3.895e-05,13688.57,37194.0,37194.0,344651.27,401489.53,401489.53,4237,3694,96.36,78.27824064127604,72.2,1746,24.5,0.0,0,0,1.0,219,12,17
6FKjiXaMaqSvWYN4gEgkqwzpzYD1BD5NiLHx3xcZpump,1786284612.6119409,91b68b8ca2661a32cd27d0dd760d8bb65f6ec5fc,TRUMP,B,pumpswap,True,5,0.0001292,26838.18,129206.0,129206.0,706623.87,706623.87,706623.87,3744,2964,285.0,29.126865681966144,74.6,943,16.7,0.0,0,0,1.0,148,20,1
DKxHTQCvDKUke1WpsHgbfueuRiTMqdzXrWeFHPvzpump,1786284612.6119409,91b68b8ca2661a32cd27d0dd760d8bb65f6ec5fc,奶蛙,B,pumpswap,True,4,0.0003035,42174.63,298034.0,298034.0,580471.42,1601030.68,1601030.68,3726,3214,-54.55,113.11019901529949,74.9,3017,17.5,3.2,15,0,1.0,455,15,12
7bDwjEzTaKnSAdmJjicqNrcxrBhr4bEMeujFuHLdpump,1786287347.844801,a9d26a5cfd8d7b09a909533045957360b6c023c6,Pinky,B,pumpswap,True,5,3.681e-05,13098.0,34371.0,34371.0,211088.11,381562.57,381562.57,2336,1735,157.0,190.89741335042316,75.1,1576,20.9,2.5,4,0,1.0,193,22,14
5rSKQ986XFdqZBwyuQQE3j2YCK3wwuJQHzGGTBLLpump,1786290023.06825,70ff59dbbb6099c24cb7c06faa086f914ccf3da8,ROOKNOWS,B,pumpswap,True,2,0.0001795,30563.83,179596.0,179596.0,308743.19,308743.19,308743.19,2801,700,163.0,39.56780416666667,78.6,1608,1.7,0.0,0,0,1.0,45,15,0
8iRbif9ppN5KHV44CUh4g77hGZXo8APDmasgC5c3pump,1786290023.06825,70ff59dbbb6099c24cb7c06faa086f914ccf3da8,TOADLER,B,pumpswap,True,6,3.741e-05,12997.77,37377.0,37377.0,53582.29,53582.29,53582.29,643,967,17.13,10.2511375,37.4,543,14.9,0.0,0,0,1.0,134,41,5
9A5QWVQuNSHWQsxi1w1dAZ8yAr9RbMsdpkGXMNt3pump,1786292124.023538,f23d3ded3414bdcdfb514a30ff3d3d8b37cd3701,KING,B,pumpswap,True,4,0.0001444,27298.42,138198.0,138198.0,171701.21,290272.81,290272.81,1192,580,184.0,134.41705896809896,65.6,893,25.6,0.0,0,0,1.0,159,25,7
EtxCL9DfuQ1ZJcydWY3Mqd5B1XjhZhRKTUdAxpjSpump,1786292124.023538,f23d3ded3414bdcdfb514a30ff3d3d8b37cd3701,RURU,B,pumpswap,True,3,0.0002161,40064.47,212602.0,212602.0,289854.05,4057065.23,4057065.23,2731,2143,-9.7,194.38372563476563,77.0,7273,14.4,1.3,5,0,1.0,1000,39,48
zajhNffGDCgWG7pT1wRKPvHcCgD3jtf8QZY1XX9pump,1786292124.023538,f23d3ded3414bdcdfb514a30ff3d3d8b37cd3701,CASHCAT,B,pumpswap,True,7,4.764e-05,14817.79,47038.0,47038.0,44113.85,44113.85,44113.85,522,739,44.57,13.283725634765625,36.2,745,22.5,0.0,0,0,1.0,148,17,7
FFpSAomQLKwJjAyx4hmYAmnKYZZy5q4YBcUJhtVgpump,1786294741.093513,0a192fef3071aacbf9c1c9e26387a7727b05059f,TOADCAT,B,pumpswap,True,7,7.124e-05,18517.61,71246.0,71246.0,92368.65,92368.65,92368.65,318,447,121.0,9.951558548990885,24.8,300,28.4,0.0,0,0,1.0,24,27,2
3SJZcESxBMGvfRHu2DX6LeewMeFX586hc3hM1ZMQUANT,1786299422.2487192,a9d3672e8bc0fa832f01d8d1dc48039a1ab27c5b,WINTERNITZ,B,meteora,True,7,7.673e-05,19421.99,76731.0,76731.0,157376.08,157376.08,157376.08,670,615,146.0,27.070811987304687,47.0,440,27.7,0.0,0,0,1.0,125,36,6
CWCKjhyt3x8EjxRdaDssoaBLdRB8BFtiA9VSrpgYpump,1786299422.2487192,a9d3672e8bc0fa832f01d8d1dc48039a1ab27c5b,Baby,B,pumpswap,True,6,0.0001168,24397.97,116894.0,116894.0,209368.35,209368.35,209368.35,2585,2002,274.0,7.204145320638021,52.6,1792,17.2,8.1,4,0,1.0,587,81,16
5EAUpz8FMcHdpoYNitCzGY9tSAq2kbTJ1bPqBJABpump,1786302351.583141,f9283092f0810e10520afb4522db67732471d391,PeePee,B,pumpswap,True,4,0.0001377,27113.77,137749.0,137749.0,474920.2,474920.2,474920.2,5870,4101,334.0,20.626385685221354,76.4,2281,19.0,0.0,0,0,1.0,434,15,8
DuCZ8Wgdp5NYrZHRwFz7fdvePFmvaHTQvExCv4srpump,1786302351.583141,f9283092f0810e10520afb4522db67732471d391,DHEART,B,pumpswap,True,2,0.0001644,29342.38,164470.0,164470.0,363030.45,363030.45,363030.45,3922,1187,140.0,44.90971901855469,82.1,2610,1.8,0.0,0,0,1.0,37,16,0
CE1KorYR3fP9kYoDDQKXHHD1rM1xsbELpFn22k8qpump,1786304701.410032,160a658a2d96048d5130a33b5d8e3f4fb722c26a,McWedding,B,pumpswap,True,6,4.958e-05,15281.04,49583.0,49583.0,146907.24,146907.24,146907.24,2233,1682,54.29,39.123500533040364,73.8,1028,23.2,0.0,0,0,1.0,134,18,13
FvDKebt6RTUVGdGeaM83avXeyM3aDxF6FANmDpJLpump,1786308929.0353906,70b2c682ac756e6180440eca6c4c557661d32ab9,REMUTOAD,B,pumpswap,True,2,0.0001913,31930.34,191330.0,191330.0,436502.48,436502.48,436502.48,3630,1463,179.0,46.68392317708334,80.6,2000,1.9,0.0,0,0,1.0,72,11,0
3zbV8nS9Wx2WxJ16uXYjTZZvoHbTnrvTQYyZE5xEEd5D,1786311729.975428,39a200d6977b4cdbaf25f18b0cd6d1d939f960f4,BOT,B,pumpswap,True,4,0.0004345,58043.41,428196.0,428196.0,1708159.75,3868194.19,3868194.19,11995,10001,70.84,111.26625713704428,76.6,7401,13.9,3.3,21,0,1.0,1000,57,62
BwB3vRE3h6jW3ud55jUHswA65KFzjMsgrTw5yCfLpump,1786313611.0531578,7ae6acb710ad65541a13d147596ab9bd2f3e7476,hip,B,pumpswap,True,7,4.957e-05,15181.18,49572.0,49572.0,63774.22,63774.22,63774.22,814,671,55.74,6.717552628580729,41.9,842,19.5,1.1,4,0,1.0,171,14,11
2uXzdgiVtuD3TFutqxu2mCKYBytuARkHhJMy7iWkpump,1786341797.446872,28614e492f761fd899d62d270671388ffd46611b,FOXVSHEEP,B,pumpswap,True,6,0.0001974,31797.08,197418.0,197418.0,178827.29,178827.29,178827.29,7404,7193,499.0,44.49078120117188,51.0,2125,22.3,0.0,0,0,1.0,91,12,5
Hr66MMmcwwt6YNPUAVuSyjhrhFSnjCNxuPuAJ1Ubpump,1786341797.446872,28614e492f761fd899d62d270671388ffd46611b,Haymaker,B,pumpswap,True,2,0.0001771,32302.32,169739.0,169739.0,279653.88,1153328.76,1225759.06,2271,1517,9.32,786.8407812011719,75.3,2952,19.4,1.1,5,0,1.0,451,8,47
9sa9nwDeoFMYShhGgVxBJTHTXHF6jbQnxRXF1Pqrpump,1786348740.236235,5176a09ad7fe2cc59ff1c6c7d04614eeb324e777,TOADZ,A,pumpswap,True,0,0.0001521,28604.91,148115.0,148115.0,45296.71,273254.36,568034.02,509,732,-18.93,621.8872705810547,76.4,1900,7.2,0.0,0,0,1.0,21,14,1
BNn7fUsvq55y4UtvW8jJX4h8CbYcTURXYMopaxm7pump,1786348740.236235,5176a09ad7fe2cc59ff1c6c7d04614eeb324e777,TOADGF,B,pumpswap,True,3,0.0005526,55696.9,544709.0,544709.0,233970.96,749890.27,749890.27,1344,1095,11.58,180.98727058105467,56.4,2647,25.1,0.0,0,0,1.0,110,18,3
HUG316gPR11AwHirwqefXFNnTEjwoUER5cE1SQgk54US,1786348740.236235,5176a09ad7fe2cc59ff1c6c7d04614eeb324e777,TOADWIF,B,pumpswap,True,7,3.156e-05,11792.22,31562.0,31562.0,48772.45,48772.45,48772.45,855,482,7.42,14.653937247721354,53.9,1012,25.3,0.2,4,0,1.0,151,12,2
5wAFaNgPsHo22BtKgPWrZGAgng7XfZodBXa811sCpump,1786354980.7531564,f8274893efd3d10c125f38a481359964f6c73314,OINK,B,pumpswap,True,3,0.0002523,37494.36,242810.0,242810.0,553806.87,756471.76,756471.76,12118,6898,264.0,114.99588594156901,82.4,2007,8.3,0.0,0,1,1.0,290,17,1
B6fsJX369yN6ME8rVXrvM4S4pL1Kj2qZnMkfAAVfpump,1786354980.7531564,f8274893efd3d10c125f38a481359964f6c73314,WAWA,B,pumpswap,True,7,7.209e-05,18456.63,72045.0,72045.0,41956.65,41956.65,41956.65,1373,1278,82.35,14.512552608235676,28.9,437,15.4,0.0,0,0,1.0,39,17,1
HpZSFUgEbzXe9AP2xdCik3pYBTifTr5tPTMrq65bpump,1786354980.7531564,f8274893efd3d10c125f38a481359964f6c73314,TOADY,B,pumpswap,True,3,0.0002332,34974.19,229728.0,229728.0,115946.95,295116.61,295116.61,1731,1198,83.0,106.04588594156901,64.7,1693,4.9,0.0,0,0,1.0,147,21,4
8Bq4XvNTgGTjkZxtU9hsxPnVabtJsKJ7bj2Cq1r1pump,1786361871.7691379,26ec8503da6df81352f05b4289862c8dad2ec660,MACI,B,pumpswap,True,8,8.363e-05,20213.2,83633.0,83633.0,139299.97,139299.97,139299.97,5651,879,153.0,56.59615229899089,62.6,478,15.0,1.1,21,0,1.0,26,32,2
CUUxAtrdUsk1cX1cSdWuic4ww1894FVEFMFJb3Unpump,1786361871.7691379,26ec8503da6df81352f05b4289862c8dad2ec660,ASTEROIDS,B,pumpswap,True,7,2.631e-05,10691.63,26313.0,26313.0,99321.73,99321.73,99321.73,1427,1064,-12.68,9.646152298990886,62.6,910,21.1,0.0,0,0,1.0,165,10,10
CVfniqNEj2f4Yd8Z4TEtaTU49gWNTwUyCiDDUbsZpump,1786361871.7691379,26ec8503da6df81352f05b4289862c8dad2ec660,KNS,B,pumpswap,True,3,0.0007832,68070.95,779388.0,779388.0,36477.5,37572.86,49551.27,415,263,0.91,346525.12948563235,31.4,1635,27.3,0.0,0,0,1.0,269,12,20
ux6z73m5MpvVqdmV9U2sbVFp7zw4UXa6rFdgrExpump,1786365303.5051384,88c9730805cedc1fa21923e471d0fd81ce9fc06c,JIPITI,B,pumpswap,True,2,0.0001116,24221.9,110604.0,110604.0,177380.38,825335.57,825335.57,808,1161,-64.49,202.04175230712892,78.1,4100,5.0,0.0,0,0,1.0,74,19,3
496d5krb88p91EnNSMDh6ULG32F5413wYEvtZjmHpump,1786370516.2363555,727ace0e701f273d3d7c310233a5f4a7b2304575,404,B,pumpswap,True,2,0.0001629,29234.19,162076.0,162076.0,53796.21,571464.58,571464.58,10069,737,-41.39,123.32060592447917,74.6,267,11.5,0.0,0,0,29.0,8,0,0
DDwhcex6UskFywbwcNRx4McKqgtYg4S6qwfoMdcKpump,1786374588.736078,689e3a0b798dc8f8ec5f59457c76857d7089d2fa,TOADUS,B,pumpswap,True,1,0.0004073,47439.68,403710.0,403710.0,425852.83,759987.35,759987.35,4385,2488,83.27,100.84560130208334,73.7,4121,1.6,0.0,0,0,1.0,61,1,0
6ehEcTMCc85aNF4x9CWx8HuvWGhxQtvKdhKVf2HDpump,1786378338.0824606,77d3da0eddb93b5cd592278048bb85825e709a33,TOESCOIN,B,pumpswap,True,1,0.005495,291919.51,5494839.0,5494828.0,1491.74,11755.9,1127079.95,5,17,-2.44,119928.56804101156,31.9,29334,17.8,0.0,0,1,1.0,1000,18,53
7Syw6tu4Jx692uhoryjok5yBwTqje1oftit9E3LHpump,1786378338.0824606,77d3da0eddb93b5cd592278048bb85825e709a33,PARKIFY,B,pumpswap,True,1,0.0001977,32227.4,196326.0,196326.0,210558.61,535695.78,535695.78,1539,1777,-9.81,228.418041011556,72.8,1352,11.9,0.0,0,0,16.0,98,30,13
EHuJuRhEi8vZiajJGm4w1o2aA1vftwSZajaWfcQwpump,1786378338.0824606,77d3da0eddb93b5cd592278048bb85825e709a33,OGGIE,B,pumpswap,True,2,2.23e-05,10599.31,22077.0,22077.0,24518.0,147884.47,1414149.52,204,186,-2.04,1680.3347076782227,71.3,2687,13.6,0.0,0,0,1.0,363,26,40
FCjd5R4usXebjKT1RXo79GjSmWMuDvL7yJdDaJWYpump,1786378338.0824606,77d3da0eddb93b5cd592278048bb85825e709a33,BINGUS,B,pumpswap,True,5,0.0001379,27133.86,137202.0,137202.0,10904.57,767607.61,767607.61,12889,5468,11.11,112.35137434488932,69.4,700,29.7,0.0,0,0,29.0,96,17,7
5nRGHJZ93pMKJo2ayCBxvKqWCsZKCbzQBrBave5xpump,1786381995.5730684,9dedcb4a349c7d7af4cc6a5fedcca51696138912,FROGOS,B,pumpswap,True,3,0.0003911,45858.3,391103.0,391103.0,445560.31,534322.58,534322.58,3923,1992,170.0,67.60955113932292,69.2,2233,2.7,0.0,0,0,1.0,86,8,0
7fj9MCUho1ehT3oxsBRCTsc2Ke5Bh7vUDqgxo4pWpump,1786389147.791511,4368df024775c0fec2c781411f9d333aaef7e1b3,PIXIE,B,pumpswap,True,7,6.103e-05,17025.76,61034.0,61034.0,158207.4,158207.4,158207.4,652,760,91.24,21.163191849772137,58.3,463,11.1,0.0,0,1,1.0,104,32,6
EqqL7ikNg75VJmZe2KJPZ555SLPzKBinexovP9Tgpump,1786392288.3806615,11dc69887a2837d03dfcf46cad1557cb16768a02,auhctoJ,B,pumpswap,True,7,2.457e-05,10178.19,24571.0,24571.0,34757.81,34757.81,34757.81,514,416,-22.48,6.023011022949219,31.5,420,22.0,0.0,0,0,1.0,89,19,8
6bdTRHhdZenJQYLTxaYc8kH74GBNP9DoGhPnCjfypump,1786395424.3283577,ccdd496bce8b446dcab8ec2e0a31597bb105bc73,fog,B,pumpswap,True,4,8.601e-05,36605.19,85939.0,85939.0,97774.96,112306.2,112930.22,1321,793,147.0,660968.4554726278,46.8,12304,20.9,0.2,4,0,1.0,1000,6,6
8Y5WvnNevzBgiPpqgvAuVK2GAGDNYD7iPaUi8z9Rpump,1786395424.3283577,ccdd496bce8b446dcab8ec2e0a31597bb105bc73,Oscar,B,pumpswap,True,6,7.834e-05,19698.26,78344.0,78344.0,259920.2,259920.2,259920.2,2907,2401,192.0,15.33880596110026,73.4,1436,22.8,0.0,0,0,1.0,324,39,28
GKKRT5J6XCPK3arwfTuFJSjhquZZKoH3dqkK444Zpump,1786395424.3283577,ccdd496bce8b446dcab8ec2e0a31597bb105bc73,SNORLY,B,pumpswap,True,5,0.0001002,23152.11,100228.0,100228.0,535998.31,535998.31,535998.31,3368,2522,216.0,31.722139294433592,77.0,1051,15.8,0.0,0,0,1.0,151,33,1
mReC6EP5fcyFPo32AhndzKh3248q4Ne666Tp6G7pump,1786395424.3283577,ccdd496bce8b446dcab8ec2e0a31597bb105bc73,PONDE,B,pumpswap,True,3,0.0002883,38877.88,288368.0,288368.0,314859.91,314859.91,314859.91,2433,949,326.0,33.92213929443359,69.0,1552,1.8,0.0,0,0,1.0,54,0,0
BdmpcoZpRyKXHzEBKcrW2Vpq3cDY45xVPPJuPMQNpump,1786398745.3985655,7f6ad2c4689b3635f9ddd261fae3f3c14b8e6549,ZEUS,B,pumpswap,True,3,0.0001245,25154.29,122137.0,122137.0,25211.21,261027.73,261027.73,329,276,9.96,100.85664275716145,64.0,822,12.3,0.0,0,0,29.0,39,18,6
Bmmw12BteZLFcUUrc3xVjJ6DKbyzXpC7wE9jxPLzpump,1786398745.3985655,7f6ad2c4689b3635f9ddd261fae3f3c14b8e6549,$Bdoge,B,pumpswap,True,7,7.793e-05,19273.51,77935.0,77935.0,92659.22,92659.22,92659.22,1368,932,148.0,51.18997609049479,52.6,890,27.5,0.0,0,0,1.0,92,26,7
EFeVBVBX5ge6Es5Ymj1NL4ErQjHyKpJ6tLDnKkHGpump,1786420656.2487879,c3b456f78edd80b2d355706e5a063f3746d2aa5e,TFD,B,pumpswap,True,4,5.624e-05,16441.29,49025.0,49025.0,94765.45,277057.84,277057.84,2306,1453,-21.6,121.52081313069661,72.4,1908,32.5,0.0,0,0,1.0,282,21,10
wdBeJWMASdN9yJdqLQGf7aqDGPEttUvUJ7CaGm2pump,1786420656.2487879,c3b456f78edd80b2d355706e5a063f3746d2aa5e,TIP,B,pumpswap,True,3,6.968e-05,18535.71,69690.0,69690.0,381152.99,381152.99,381152.99,2296,2138,25.75,56.87081313069662,79.0,2207,4.5,0.0,0,0,1.0,79,12,0
5GgkUst9YjkEfqJQ7TTqWvPtoswUdbboYTy189Yhpump,1786434091.975722,db04e6eea9a0321edd72008b03c0e6348071a690,TOTO,A,pumpswap,True,0,0.0001836,31170.27,179446.0,179446.0,68520.9,339611.71,500840.37,802,1221,-3.04,514.5829287027994,74.9,1957,6.7,0.0,0,0,1.0,13,22,6
9ucedEu8Ruy58KtwCnjv5mhiKXmzC9x91AJNUF66pump,1786434091.975722,db04e6eea9a0321edd72008b03c0e6348071a690,KEDAENG,B,pumpswap,True,5,9.41e-05,21191.7,94109.0,94109.0,63978.65,63978.65,63978.65,5165,5002,199.0,55.64959536946615,47.7,4933,25.1,0.0,0,0,1.0,24,4,2
2WD9gyvzQHs44BW8YmfAe5Lr8Ty67vg55oK8rNXHpump,1786437542.5462582,aa4fb433b8a67a0b14a8ed0d9e2c316955f54dfc,Troot,B,pumpswap,True,5,8.36e-05,20509.29,83610.0,83610.0,390462.38,390462.38,390462.38,4067,3427,173.0,34.159104305013024,75.6,1983,16.4,0.0,0,0,1.0,424,18,18
C6ASDsxzqBvF5bCQFVAGMRWwfgZNhfozbb9DkgiKpump,1786437542.5462582,aa4fb433b8a67a0b14a8ed0d9e2c316955f54dfc,ORANGE,B,pumpswap,True,3,0.001028,77687.61,1028493.0,1028493.0,1108139.01,1108139.01,1108139.01,2205,1330,1258.0,54.00910430501302,61.4,1247,11.6,0.0,0,0,1.0,93,4,3
Cp467wsLc1axm5uMtXTLzgRSAmVVgm8eyTpxD9RTpump,1786437542.5462582,aa4fb433b8a67a0b14a8ed0d9e2c316955f54dfc,CHILLFROG,B,pumpswap,True,5,7.209e-05,18325.93,71987.0,71987.0,27184.68,27184.68,27184.68,516,287,129.0,11.859104305013021,29.5,400,15.9,0.0,0,0,1.0,28,20,1
2pkwbAevwwVu5FZ4KHqVVKVMRPUs223C4tJ1Vddspump,1786451151.4280453,6154ceee2a8940805eef8c4a3f7e052d12423e05,Mayonesa,B,pumpswap,True,3,7.053e-05,18366.96,67139.0,67139.0,33734.74,215329.14,215329.14,372,335,33.87,263.95713408610027,72.9,1031,21.7,0.0,0,0,1.0,115,14,25
4je81UzH57Z1CoshknjeeidXv9qfL4tiUs4kn7d5pump,1786461032.9674122,864a9c1ef46be6b623f0db8f0a129b6569cb91d7,USDUF,A,pumpswap,True,0,0.0001473,27479.08,143726.0,143726.0,37386.4,375686.21,375686.21,525,727,-0.29,343.26612353922525,73.4,1223,7.4,0.0,0,0,1.0,2,11,2
BoBQZP9YgCRqVqkaBHuxL4xizKHgTFs8n3rRaXaWpump,1786461032.9674122,864a9c1ef46be6b623f0db8f0a129b6569cb91d7,Splash Dog,B,pumpswap,True,3,0.0001319,26125.8,126442.0,126442.0,81211.66,430859.09,430859.09,690,537,-2.07,234.0494568725586,75.5,1747,18.6,4.2,8,0,1.0,284,41,29
tSEakxwRz3Y3BpjDttokygCgScgLnui19NJGrR4pump,1786461032.9674122,864a9c1ef46be6b623f0db8f0a129b6569cb91d7,Lucifer,B,pumpswap,True,4,0.0002724,40382.93,272459.0,272459.0,1128981.45,1225946.55,1225946.55,13106,10300,363.0,62.06612353922526,76.3,4709,16.4,0.0,0,0,1.0,1000,34,42
6WMszYPHAxEFgstkEpyRRwzaVtA9eM5pWvSf8v7qpump,1786464800.197141,f07ab53a0c00bb081e0095c940d8d11d03ea7677,TOADGUY,B,pumpswap,True,8,5.109e-05,15222.81,49517.0,49517.0,27273.4,66591.95,66591.95,548,373,12.37,83.669952347819,48.1,782,36.5,3.1,4,0,1.0,57,22,0
vVzBpN7bboV6HMfP3Q5kFKtZJp1YKn5XG3YGfNKpump,1786464800.197141,f07ab53a0c00bb081e0095c940d8d11d03ea7677,KUNGFU,B,pumpswap,True,2,0.0001088,24591.49,108394.0,108394.0,528288.91,2155992.52,2155992.52,1439,3091,-87.32,210.80328568115235,75.5,6842,12.0,0.0,0,0,1.0,72,18,5
4S2qS8P17LSPosME8grirgfUE4p6kW2kZfMSzgmDpump,1786468570.7675512,0e7461c39962f80f69de9885250695496c9b3878,DOT,B,pumpswap,True,1,0.0002615,44775.05,252565.0,252565.0,1253665.98,3178368.35,3178368.35,4369,3702,136.0,165.52945918782552,76.2,2713,14.5,0.0,0,0,1.0,218,29,1
HukaK2eHhbTyiuUwuKMntjPJP4aGdD4VwiExsNmyT8WJ,1786468570.7675512,0e7461c39962f80f69de9885250695496c9b3878,BOT,B,pumpswap,True,6,0.002831,150505.22,2831754.0,2831754.0,9607434.57,9607434.57,9607434.57,38766,39114,8978.0,28.479459187825523,76.4,11886,9.6,7.3,13,0,1.0,1000,28,109
AJ55bVbXf9fHmMWLqaUq8ZckmAokZwVNzDJVymEQpump,1786486101.0193298,e0944b4875a8e54f4379d6dbc509da42eca3d099,LUIGI64,B,pumpswap,True,3,0.00017,31150.6,165600.0,165600.0,550085.69,893276.1,893276.1,6443,4610,35.28,81.23365549723307,77.7,4166,15.0,0.0,0,0,1.0,665,28,19
63zfjPfH4uaX3TQZoD35WqUrqiuCQQWndMTxQHsJpump,1786502239.9382107,816a25affe6dabd6f2edada076c34eabd7dc3bf5,Prometheus,B,pumpswap,True,4,0.0004275,52746.76,395382.0,395382.0,28897.87,163393.35,411999.22,97,93,40.06,5629.432303511556,39.4,2568,21.2,3.1,5,0,1.0,409,25,31
7xwJQh4jX5pgkLrKCcij4UXcdyXWxDwzeVr65NmKpump,1786502239.9382107,816a25affe6dabd6f2edada076c34eabd7dc3bf5,CALLOUT,B,pumpswap,True,4,6.587e-05,17798.52,63295.0,63295.0,200752.85,264211.75,264211.75,1844,1222,-67.13,102.23230351155598,78.5,1312,15.0,1.7,30,1,1.0,63,10,8
BEXzfc6t4hjEV7vwH1d2FiTbuEpuFb9uNhbEjmHpump,1786502239.9382107,816a25affe6dabd6f2edada076c34eabd7dc3bf5,ZAPPER,B,pumpswap,True,2,0.0004245,48244.44,418567.0,418567.0,105696.13,777669.49,777669.49,571,624,17.01,131.96563684488933,66.5,4028,5.5,0.0,0,0,1.0,36,19,4
DNFUP9tDaaHSLGkRfypf4t1u1uNYnFiPKUWFivBWpump,1786502239.9382107,816a25affe6dabd6f2edada076c34eabd7dc3bf5,Bowser64,B,pumpswap,True,5,2.63e-05,11009.55,25464.0,25464.0,287270.29,481150.65,481150.65,3072,2330,-76.85,85.38230351155599,75.1,2120,20.4,0.0,0,0,1.0,210,12,7
WBYchcKpzDMqUjEQfLUTNyLpGR1KADxPERNxQmkpump,1786502239.9382107,816a25affe6dabd6f2edada076c34eabd7dc3bf5,CATLAS,B,pumpswap,True,2,0.0001272,25372.1,127273.0,127273.0,300358.85,300358.85,300358.85,2146,1470,129.0,32.748970178222656,76.2,2102,3.1,0.0,0,0,1.0,25,14,1
5qHUGTgkRaDrSNGgQg5wQxb5tDrzEW5ewuGpSS3jpump,1786514511.3698885,c2755b2732312dc396538fca41bcc5db5b52ee98,FOMEOW,B,pumpswap,True,1,0.0001951,32138.63,191204.0,191204.0,65597.7,259292.65,444183.95,947,1539,2.38,535.9561648071289,69.8,1526,7.5,0.0,0,0,1.0,24,21,5
8LkH4DDkVRpoZYYYWBi5KGmqkCeR9GRs4aSEFT4qpump,1786514511.3698885,c2755b2732312dc396538fca41bcc5db5b52ee98,BHENCHOD,B,pumpswap,True,8,7.306e-05,18994.8,73067.0,73067.0,296987.18,296987.18,296987.18,3466,2992,137.0,46.98949814046224,71.8,1672,25.7,7.8,8,0,1.0,284,29,30
AvecKFxn8ihToR7gwgAVjfqV56N1rWhN7hv8joXQpump,1786514511.3698885,c2755b2732312dc396538fca41bcc5db5b52ee98,COGE,B,pumpswap,True,3,0.0001716,30395.54,163096.0,163096.0,151193.84,529913.3,529913.3,1843,1469,62.49,155.03949814046223,74.6,2756,20.5,0.0,0,0,1.0,483,32,19
EGkqSQDT7MYJNhf17vR2JZn5pc4sbUDeN2gFCP6Ppump,1786514511.3698885,c2755b2732312dc396538fca41bcc5db5b52ee98,Peach64,B,pumpswap,True,2,0.0002126,33942.49,208337.0,208337.0,272344.34,482472.33,482472.33,3745,2498,228.0,108.93949814046223,70.1,2592,18.7,0.0,0,1,1.0,166,9,4
2GynKFz6gBLPgqRNwEQg3uoir3rpCDk4mHZAtnAQpump,1786520743.6997414,0306b71f2ab0767742a06abc2627e751e1cc36ff,ELEPHANT,B,pumpswap,True,5,7.568e-05,19245.04,75687.0,75687.0,225364.35,225364.35,225364.35,3680,3360,147.0,17.028329024251303,74.0,1505,17.9,0.0,0,0,1.0,347,19,16
54CrAcw3mhAxP2QgFUTubeXTidtXtEowpDTL7b7Epump,1786520743.6997414,0306b71f2ab0767742a06abc2627e751e1cc36ff,toad,B,pumpswap,True,4,8.275e-05,19770.68,82756.0,82756.0,33216.33,33216.33,33216.33,4194,3753,164.0,37.04499569091797,48.1,3988,18.6,0.0,0,0,1.0,47,14,0
5rRdD6BFADz1iPcm7dzMaeTV4tpu3PHoucGUAD8Spump,1786520743.6997414,0306b71f2ab0767742a06abc2627e751e1cc36ff,TOADPUNK,B,pumpswap,True,3,0.0006153,57566.95,594960.0,594960.0,220921.65,554253.95,554253.95,1134,1089,-19.86,161.7283290242513,49.3,2569,27.7,0.0,0,0,1.0,54,18,0
6SyrTPpPTUphxKneTaZFnJPu1h8ArWvoie4xHumNpump,1786520743.6997414,0306b71f2ab0767742a06abc2627e751e1cc36ff,FROG,B,pumpswap,True,3,0.0001911,32346.47,183737.0,183737.0,432861.01,617004.65,617004.65,4975,3850,316.0,95.91166235758463,75.2,2873,19.7,0.0,0,0,1.0,346,31,41
7ZgRjHSnjDqc73mYitJZ4NAAVtdWrTyQEnoXB6Kfpump,1786529780.8319373,3305ba92bd4b821b95ffa6d9d21e8652167315ac,apes,B,pumpswap,True,6,0.0008075,70533.82,807535.0,807535.0,1534586.8,1534586.8,1534586.8,13362,12330,2506.0,56.330532287597656,64.0,4531,15.4,4.6,4,0,1.0,1000,33,25
hVha9sExfqchfVA8jsrdwDN4Wczep2o48adCnY6pump,1786529780.8319373,3305ba92bd4b821b95ffa6d9d21e8652167315ac,TINKERBULL,B,pumpswap,True,3,0.0001462,27479.12,146226.0,146226.0,276069.64,309823.87,309823.87,2748,1957,32.45,69.74719895426432,72.6,1763,5.1,0.0,0,0,1.0,155,19,3
7mPKEd18jVUKi221Nw34CN6rBuDeKnzXeDJo5Yg6pump,1786533140.8102272,cd9498ba30064fef43779a6b0c1b9baeabe73d1d,BIP,B,pumpswap,True,7,3.427e-05,12328.66,34279.0,34279.0,59999.25,59999.25,59999.25,924,616,10.28,25.830170450846353,51.0,620,29.3,0.0,0,0,1.0,94,154,12
GCa9TZMK9Q3VUSkhZgX76YAQBjqQd1dPxkBnZojFpump,1786541785.5847156,4c4c99a7ee024831b10065657c91abb633c4c0f5,Plumber,B,pumpswap,True,5,0.002668,163900.08,2549937.0,2549937.0,143765.46,1298238.37,16819708.18,893,738,-4.02,1916.4597452596029,69.6,17989,18.7,5.1,26,0,1.0,1000,26,132
gF6kXDUPivpk7VkqSBKfamxdyKzQPfjj4vXW2U8pump,1786541785.5847156,4c4c99a7ee024831b10065657c91abb633c4c0f5,JIPITI,B,pumpswap,True,2,0.0008001,67709.06,792066.0,792066.0,593417.5,1455580.71,1455580.71,1967,2171,73.09,311.4764119262695,65.4,5599,8.0,0.0,0,0,1.0,29,5,0
7qg3pYUswNjtqVqMFVuY8wtv2Z269oT2UGdxjpxTpump,1786545664.267759,40c63a617218538038b639fef36a66253c7c2fcd,HONOR,B,pumpswap,True,3,0.0001983,33895.94,191839.0,191839.0,899593.78,1054563.06,1054563.06,3413,2694,307.0,72.50446265055338,76.6,1005,15.3,0.0,0,0,1.0,59,24,3
38Yai6pCdeXkixtHUxFutsWK2vKNLZfPa8tW2HAhpump,1786549380.135588,c5bcec58449c2e5e89ee6edee38d7f9b00e26d44,seedcoin,B,pumpswap,True,5,4.293e-05,14332.78,42935.0,42935.0,332385.99,332385.99,332385.99,2252,2185,25.85,42.652259798177084,76.4,1259,10.4,0.0,0,0,1.0,276,18,8
HKkJjZTiUoGzZMhBxQL3NQJgAZbSUq6Hhiqfh32Ppump,1786549380.135588,c5bcec58449c2e5e89ee6edee38d7f9b00e26d44,TINCAT,B,pumpswap,True,3,0.0003302,41699.52,330229.0,330229.0,389239.37,389239.37,389239.37,2850,1153,391.0,34.81892646484375,69.2,1948,2.9,0.0,0,0,1.0,27,4,0
LFEJTxJ9yi6ojGDFpjbGfABLbH55Fc3oEK8syJJpump,1786549380.135588,c5bcec58449c2e5e89ee6edee38d7f9b00e26d44,DPG,B,pumpswap,True,3,0.0006988,61115.59,698804.0,698804.0,441413.6,441413.6,441413.6,2447,1644,2117.0,56.11892646484375,57.8,2347,6.6,0.0,0,0,1.0,58,19,2
8ifTAcdwxs9JRDBFnk6i1tEmM1X647BsFBu7Q4aVpump,1786552814.7075255,634a2e45633c37e5a222bf13037ad434e737b92b,...,B,pumpswap,True,7,4.07e-05,13816.0,40654.0,40654.0,277864.08,277864.08,277864.08,3199,2469,30.72,38.078458756510415,74.7,1696,21.0,9.1,4,0,1.0,231,10,26
3h6q3Xjq4nVifeDZ9gZdpF9eCm5XBfnXXpgFkS8npump,1786556716.714575,c06fc3382681ca3090960a24d5723163438e3a53,Signal,B,pumpswap,True,7,3.291e-05,11936.66,32918.0,32918.0,21957.44,21957.44,21957.44,321,231,6.8,2.8785762491861977,27.8,641,25.7,0.0,0,0,1.0,151,25,3
8JwsfQ1Nt4dCUvVhCskg4MBpV9wJ1ctud7w7K2sipump,1786556716.714575,c06fc3382681ca3090960a24d5723163438e3a53,PIPEDOGE,B,pumpswap,True,2,0.0003496,43231.78,349635.0,349635.0,476396.79,476396.79,476396.79,3678,1712,420.0,48.96190958251953,70.0,2411,2.4,0.0,0,0,1.0,19,12,0
8MBK5t2sazChGmrrL9QWqCEYAt54oifSrfJbnA5Jpump,1786556716.714575,c06fc3382681ca3090960a24d5723163438e3a53,HOMEBF,B,pumpswap,True,7,7.934e-05,19585.3,79347.0,79347.0,202696.17,202696.17,202696.17,2527,2167,163.0,52.128576249186196,68.5,1254,22.9,0.0,0,0,1.0,212,22,15
Cmgg6FUidYofYneNCRPY2z311pKJBPmhqJNhELZ3pump,1786556716.714575,c06fc3382681ca3090960a24d5723163438e3a53,TIME,B,pumpswap,True,5,4.175e-05,13851.82,40648.0,40648.0,64775.42,150021.54,150021.54,964,761,-8.63,71.59524291585286,74.8,1324,20.2,0.0,0,0,1.0,197,10,11
FkD1S9QujAMouUyvHwowrvoq1uTaJs1WPvT3rby6pump,1786556716.714575,c06fc3382681ca3090960a24d5723163438e3a53,Eclipse,B,pumpswap,True,3,6.173e-05,17417.61,59553.0,59553.0,51245.25,225955.02,269625.69,772,608,55.64,384.89524291585286,74.1,1752,21.8,0.0,0,0,1.0,199,9,11
BVeEzH4USexqb2A16QQ6sQ7KbzPMkzJwNVjV8m6dpump,1786564317.5753322,80efa183b75f55d3391bb91215ba9b7d76354a8f,VALET,B,pumpswap,True,3,0.0003365,42042.46,336525.0,336525.0,357062.19,357062.19,357062.19,2585,1245,399.0,35.30958887125651,66.5,1771,3.0,0.0,0,0,1.0,23,1,0
6EthCNNajqX2hdPqDbmDtp9Tcpwhrg4cZdnKsVnzpump,1786566524.0657926,18b1a6a08f2522c44fee028e8193b673e7d22f91,NASDOG,B,pumpswap,True,7,7.802e-05,19168.44,78026.0,78026.0,42345.36,42345.36,42345.36,507,513,156.0,8.984429874674479,20.7,434,26.8,0.0,0,0,1.0,52,22,7
F9VX2geLw8RNndxBXqSFpf54D4bYkHjJH9RBgbH5pump,1786569854.6304812,6a7aa1c8bcf4712e49936912a0f3089560339096,Kiazi,B,pumpswap,True,7,2.522e-05,10281.92,25229.0,25229.0,27609.55,27609.55,27609.55,386,452,-17.89,40.593841353352865,38.1,469,25.5,0.0,0,0,1.0,106,9,2
HBeaQ6Pn5n29iqzkffnXbC9ugWEdEJXUmdn6pGzbpump,1786569854.6304812,6a7aa1c8bcf4712e49936912a0f3089560339096,FATCAT,B,pumpswap,True,5,0.0004211,49642.37,412020.0,412020.0,19205.45,267968.97,289770.5,83,96,20.25,5859.343841353353,35.5,1726,21.3,8.5,19,0,1.0,113,24,20
Cfmo6asAsZFx6GGQvAt4Ajxn8hN6vgWGpaSrjQKRpump,1786573272.8326874,ef83f7f8de7916b58cd16edc00e03b534dfb840e,MARS,B,pumpswap,True,2,9.806e-05,33013.73,98036.0,98036.0,16522.34,36485.21,42654.06,172,136,-25.0,572855.6472114583,36.1,6927,19.0,0.0,0,0,1.0,545,7,16
CZEGT2GyNRNwvD7TG5Lz512dUGH8enxwZVKJoAgxpump,1786576011.8070767,feb3c49fb8fb2597814c9ab1c6a5a19017203be3,REDEMPTION,B,pumpswap,True,7,5.825e-05,16483.67,58258.0,58258.0,109253.15,109253.15,109253.15,4813,721,59.74,39.130117944335936,61.7,379,16.8,0.0,0,0,1.0,24,17,3
5Ma1VrMGSSgpfd3HbrbQiNBiVtLaBCc9vWfuapiWpump,1786588725.2485049,dfbbf1490e7310e99cc034c6b211ffd12140d6b3,ANYKEY,B,pumpswap,True,3,0.0006285,58913.55,623283.0,623283.0,466921.15,814776.23,814776.23,5972,1974,145.0,78.52080841471354,69.7,4632,9.1,0.0,0,0,1.0,47,0,0
6Vwsf3tgyrMbDLFHcTccgvRV7HjWrCZZzWJhvZFXpump,1786595538.7768855,ab97e838a1b11dfc2ecae0891b289e4adcb484dc,PAWMP,B,pumpswap,True,2,0.0006559,60850.65,650301.0,650301.0,653942.31,951988.76,951988.76,6333,2157,201.0,72.29628142496745,73.9,4210,1.6,0.0,0,0,29.0,49,4,0
CRjcw3uyqFjGwG7tsc4VBZ8W8xQ1XsMumx1Uor2mpump,1786600967.0453794,fcb9e05b64c8eedf2960cda83f1387a589f17ad3,BRAINOID,B,pumpswap,True,2,0.000179,30838.08,174863.0,174863.0,46651.05,368629.48,443835.7,617,866,31.28,487.3007563232422,61.8,580,7.0,0.0,0,0,1.0,12,21,8
CuBgSCq48bBvu9omMCWyv1cBi7c716UcpgTixrrCpump,1786600967.0453794,fcb9e05b64c8eedf2960cda83f1387a589f17ad3,POWERS,B,pumpswap,True,5,4.56e-05,14426.13,45610.0,45610.0,119406.67,119406.67,119406.67,1961,1460,44.73,37.03408965657552,72.3,1101,18.2,0.0,0,0,1.0,199,15,15
9vYai4xnyLwsw2hVeFQvt7wxtEADRXiaQKF1QA4Lpump,1786607224.280867,c61d7ce8b98221ed1cabcaea50b81e18564f85d0,susdog,B,pumpswap,True,6,9.884e-05,23954.93,95422.0,95422.0,25062.15,887357.17,1458739.57,395,272,-7.31,440.5713477864583,70.6,3905,34.1,2.0,6,0,29.0,433,25,42
AKnrrFCyZxoZnN2ZdXTKjA3mG8wiBHpQGQFFq2wFpump,1786611382.5892432,54403bb5f291aea486d25e0867b90eaf370c6af6,ANTS,B,pumpswap,True,4,8.561e-05,21356.08,85614.0,85614.0,642007.76,642007.76,642007.76,6614,5294,176.0,59.04315405273437,75.9,4439,16.7,0.0,0,0,1.0,499,38,29
JVmZJgsFuv2zDhB1Bsnqg5RRcqWwPuiqXZrA4ALpump,1786611382.5892432,54403bb5f291aea486d25e0867b90eaf370c6af6,감자,B,pumpswap,True,3,0.000263,37715.3,263029.0,263029.0,446164.86,446164.86,446164.86,4209,3688,727.0,51.57648738606771,62.6,4274,15.1,0.0,0,0,1.0,92,47,4
7eDjBGP5MHiUR3Qr2gHmbbNYWYfFSwEh4DgKkQ2Ppump,1786616278.0136685,30ab43203bbca5de1ce9d3ce11f64a3a132324c5,BALOO,B,pumpswap,True,4,3.679e-05,12957.72,35297.0,35297.0,105026.15,206903.19,206903.19,1405,975,-18.97,97.38356114095052,75.4,1097,21.8,0.0,0,0,1.0,185,19,7
FtGTJYbAe54n98wJxQJP2G5xWNtrq1HCqdGPWsHpump,1786628287.954306,b61cd728f0b294cb21b1b2564bd84794be85e923,FROGIT,B,pumpswap,True,6,0.000108,23037.78,108061.0,108061.0,135450.03,140831.09,140831.09,10562,6072,27.71,60.849238431803386,58.3,767,11.4,0.0,0,0,1.0,18,21,4
GDPtXowyiXHjsHXgkwM1erpFufPEeNvqK8iGq71Bpump,1786632406.961695,b52ae6f544b237668fcaece53020e2437fbade7c,Niles,B,pumpswap,True,6,0.0004516,53613.39,451648.0,451648.0,1736156.84,1736156.84,1736156.84,15522,13349,1341.0,50.766028251139325,74.5,5045,18.6,4.5,12,0,1.0,1000,45,59
b1s5xvDA6diLKKV9k8wzYbahpGh3QHXMpa3ebBxpump,1786632406.961695,b52ae6f544b237668fcaece53020e2437fbade7c,MELT,B,pumpswap,True,2,0.0004172,48301.35,414942.0,414942.0,622110.93,1130712.18,1130712.18,3645,3924,-27.78,82.21602825113932,74.1,4652,8.3,0.0,0,0,1.0,67,5,4
j8RdRQ8tQRbx62cr46e5LM8ekRDZr1opqmbgsobpump,1786632406.961695,b52ae6f544b237668fcaece53020e2437fbade7c,PLANSEM,B,pumpswap,True,3,0.0004555,51785.71,439434.0,439434.0,929472.64,1177364.64,1177364.64,2911,2288,274.0,93.28269491780598,75.4,1302,10.1,0.0,0,0,1.0,105,16,6
5u2cFYg9GRiP7fheZyEi9WcHUFFb2txFXSLC1uVApump,1786635781.8253202,a398da217778014006da9f355d6a6f22e9bc8f14,SNIPO,B,pumpswap,True,5,0.0002568,38581.63,256826.0,256826.0,1435870.88,1435870.88,1435870.88,1427,1114,137.0,41.680422005208335,71.1,740,13.0,0.0,0,0,1.0,87,16,5
DvjAtw5JgxeCD9XMxwxzMTXoqbprwdtUa5yEha9npump,1786635781.8253202,a398da217778014006da9f355d6a6f22e9bc8f14,MINENOW,B,pumpswap,True,4,0.00047,50184.21,470057.0,470057.0,449458.29,449458.29,449458.29,2444,1619,593.0,32.78042200520834,62.8,1130,2.3,0.0,0,0,1.0,42,2,0
4CmYEygEusR76TpjxUbTjSLjyDbCMjxKhRKNozkrpump,1786639177.9193504,c5fa827497314d4978a5b11deb55f0e8abc3a5c9,BOB,B,pumpswap,True,5,0.0003388,45397.27,338889.0,338889.0,1812395.92,1812395.92,1812395.92,15196,14163,1053.0,29.265322505696613,74.8,5323,15.9,0.1,4,0,1.0,1000,37,59
ELiQoVM9oEgvr5nPBaqSAsQyJwbiU16f71yjWwEApump,1786639177.9193504,c5fa827497314d4978a5b11deb55f0e8abc3a5c9,GNUT,B,pumpswap,True,5,0.0001022,22918.98,102202.0,102202.0,500381.37,500381.37,500381.37,5765,5128,227.0,42.99865583902995,74.2,2546,18.6,0.0,0,0,1.0,428,21,25
9QrVfifxeHNGJwzXLXopbp8hwpnpgpdqUA6h4rDZpump,1786646451.1308944,52e9e7af12ea2f9575c62264a0ef2e9fed4bc571,KIKI,B,pumpswap,True,6,8.317e-05,20027.72,81642.0,81642.0,38226.05,148881.68,148881.68,255,253,8.18,83.13551490885416,59.4,843,13.3,0.0,0,0,1.0,101,27,1
Cdt1JVmbDav7WGCoSUkPRg2q6vjcPVJcHXdbYfBUpump,1786646451.1308944,52e9e7af12ea2f9575c62264a0ef2e9fed4bc571,Tcat,B,pumpswap,True,5,4.57e-05,14472.16,45702.0,45702.0,130794.24,130794.24,130794.24,2181,1714,49.49,13.485514908854167,65.5,1697,19.5,0.0,0,0,1.0,311,22,12
Hds9xu5UAEMgfJxr5GuYx41DHEK6D8EGxiib8EUepump,1786646451.1308944,52e9e7af12ea2f9575c62264a0ef2e9fed4bc571,BOB,B,pumpswap,True,7,6.491e-05,17394.8,64913.0,64913.0,67899.62,67899.62,67899.62,1472,1719,108.0,57.45218157552083,54.1,916,11.3,0.0,0,0,1.0,79,16,2
EUB1eZBt4m3X4FbperWnKGJdvLsuLMu2YmJix5yjpump,1786650418.0597029,acfb391a9341e7edef5ffa25029565c1fa612553,K-HOME,B,pumpswap,True,4,0.0007513,79964.34,717417.0,717417.0,328863.82,1565621.45,7395534.75,1636,1573,-9.39,2111.6009950480143,68.1,14192,16.8,0.1,6,0,1.0,1000,20,117
F298VFmZCfU2m3hXjfsefwxY5abF1ryp51Tx5nqqpump,1786650418.0597029,acfb391a9341e7edef5ffa25029565c1fa612553,MEMESTOCK,B,pumpswap,True,5,0.000126,25210.53,126015.0,126015.0,278116.53,278116.53,278116.53,985,988,215.0,42.13432838134766,60.6,686,9.5,0.0,0,0,1.0,79,20,1
4dFAsiyBt6UEKmnnpBQ3rjVfTnLDXBaEKx475KfKpump,1786652622.939332,e1879a0d85850f32971934b004846b78fcc94d4c,TWIN,B,pumpswap,True,6,4.762e-05,14889.65,47624.0,47624.0,148287.06,148287.06,148287.06,2066,1722,52.12,34.2989888671875,72.6,1131,24.6,0.0,0,0,1.0,174,13,8
ARy1yY1JCLzNLe45ULnDQUhn6PyZbKeyYcmxWjKppump,1786656313.161845,b263050f44df42a465c7bf59de50b8297e65c172,MEW1,B,pumpswap,True,2,0.0004907,52026.28,486596.0,486596.0,417381.49,674940.64,674940.64,5959,2142,313.0,70.20269741617838,72.5,3559,2.0,0.0,0,0,1.0,44,12,0
ESJjRXALCHz2X1rN1djwyUdCwpSYKXM1a15Suugcpump,1786659677.9809728,5f3b95e0a199b40fc9c96ea52afb9cb14d67eb20,why,B,pumpswap,True,6,8.766e-05,20698.95,85549.0,85549.0,93852.23,158393.61,158393.61,4369,401,9.24,74.0830162109375,65.8,440,14.2,0.0,0,0,1.0,30,16,1
FM7btH3zydALWGs2fAX2EA4g6sDAUxgXdb3UcMdMpump,1786659677.9809728,5f3b95e0a199b40fc9c96ea52afb9cb14d67eb20,GATTO,B,pumpswap,True,2,0.0001409,27267.44,129581.0,129581.0,67798.51,402249.28,402249.28,714,638,24.53,131.76634954427084,75.5,1309,14.9,0.0,0,0,1.0,143,0,5
Bmv7ho39ijT6ur3GSN3GK4bxZnwM7qrf1ReF5qYfpump,1786662485.734229,eb1f70d7e28136e34d25bcf673c0ec013affcef2,CJ,B,pumpswap,True,4,0.0001491,27361.67,149105.0,149105.0,147273.69,147273.69,147273.69,698,685,325.0,51.02890381673177,43.9,529,11.8,0.0,0,0,1.0,12,18,3
Bcp1E1yb8Q9VdqMGNuHT45QaHCBwzqVXdpJo6rs8pump,1786665700.3116124,f9ce78e7ea8ad82b937f834f51837f99b263f3e0,LOAD,B,pumpswap,True,4,0.0005249,53834.35,524923.0,524923.0,671691.08,679314.66,679314.66,5588,2942,252.0,59.93852687174479,68.5,2338,1.8,0.0,0,0,1.0,43,11,0
2RMMkab8pEhSfqc32aQ11Dsfg9sL2QzfxnTWDUBUpump,1786681539.6919997,7d0b67cbeebe472ff752668d214a9e01c94a0749,nana,B,pumpswap,True,3,7.209e-05,18888.78,69435.0,69435.0,132643.63,294795.94,294795.94,1011,1247,-22.67,125.32819999593099,72.4,4621,20.1,0.0,0,0,1.0,40,17,2
7ZfKJmq59V61qYRFFaCeeMAEp7L3oaB4XAcNaWvxpump,1786681539.6919997,7d0b67cbeebe472ff752668d214a9e01c94a0749,DACH,B,pumpswap,True,6,5.765e-05,16564.39,57652.0,57652.0,120817.04,208578.49,208578.49,1463,744,-52.93,68.428199995931,84.5,2559,5.4,0.0,23,0,1.0,170,15,3
BNKQejpQjMCUiV6zG7k7KfEWDeLCHyevXr2EummEpump,1786681539.6919997,7d0b67cbeebe472ff752668d214a9e01c94a0749,GLUBFISH,B,pumpswap,True,3,5.997e-05,16803.98,59881.0,59881.0,104120.12,130337.79,130337.79,1030,707,5.15,68.16153332926433,71.1,2374,11.6,0.0,0,0,1.0,47,14,4
CX5bNC78TSgfJiTYpFvCYNemfHRimhVr8XRJAio8pump,1786681539.6919997,7d0b67cbeebe472ff752668d214a9e01c94a0749,SCHWEN,B,pumpswap,True,1,0.000625,59347.63,619311.0,619311.0,574400.11,1127101.94,1127101.94,6359,1908,-16.44,91.81153332926432,78.3,4166,1.8,0.0,0,0,1.0,40,11,0
F1Ueobn9vfZgSiGNBmrDAiTjvYJpUkiAjLNE2reYpump,1786681539.6919997,7d0b67cbeebe472ff752668d214a9e01c94a0749,TISUKI,B,pumpswap,True,4,0.000144,26771.01,137011.0,137011.0,146585.46,161860.91,161860.91,3885,3377,210.0,83.91153332926433,54.7,2484,22.6,0.0,0,0,1.0,70,26,4
vFsy4Kz5dBQwHgrQfLBw7hfJizrG2KC1HrQ698Hpump,1786681539.6919997,7d0b67cbeebe472ff752668d214a9e01c94a0749,Fartcoin,B,pumpswap,True,6,0.0002807,43468.06,280759.0,280759.0,3143322.84,3493817.28,3493817.28,28232,24900,19.78,65.34486666259765,76.2,7477,13.5,4.0,12,0,29.0,1000,35,67
CU5e2iqWkXKrEHrg6fgoV6uqptEWL9M98oeU4skpump,1786687354.8391888,f99f4e245eb8aee5b51acbd88cfde28c84d8bed2,SAME,B,pumpswap,True,2,0.0004783,50720.77,473050.0,473050.0,32941.35,556524.8,556524.8,237,234,4.66,187.4139864786784,59.2,3693,7.1,0.0,0,0,1.0,24,22,1
GwoaR1Sac7KGJKkgNjxKFZ9N2WMXF1k1YF2yS2xZpump,1786693515.950373,62220ace5996265870267064a15714f3cc96dc67,PCA,B,pumpswap,True,6,0.000102,22188.36,102023.0,102023.0,140386.63,140386.63,140386.63,1985,1577,224.0,13.832506217447916,51.0,1333,18.5,9.4,5,0,1.0,300,33,18
H3EKcm3BayFEXgBo1njpg3v6FhSUr1FRyQRfuJVYpump,1786693515.950373,62220ace5996265870267064a15714f3cc96dc67,stonkbot,B,pumpswap,True,6,8.665e-05,21461.63,86652.0,86652.0,701206.98,755834.11,755834.11,7786,6221,47.83,61.582506217447914,75.2,3108,18.7,7.0,5,0,1.0,515,49,30
HmM1cLPgB53LweeaDmqSVZwJYQGpWjk1YDhDiCx6wAD,1786697439.4231653,c23b5c2f1c4152e946714ba578023d82d634f33b,POKEMON,B,raydium,True,7,0.0001258,44109.57,125830.0,125830.0,84878.39,186307.1,186307.1,834,389,145.0,89.69038608805339,60.5,864,21.8,1.7,6,0,7.0,2,0,0
J7CExbBZE3W6fqDiMWvq6dMcwYRVufaaGRqG93ycpump,1786697439.4231653,c23b5c2f1c4152e946714ba578023d82d634f33b,SOLDIER,B,pumpswap,True,5,7.423e-05,18868.5,74233.0,74233.0,130347.67,130347.67,130347.67,2026,1727,142.0,12.690386088053385,54.4,1699,16.2,0.0,0,0,1.0,372,17,12
FcA7QkC8QVoM8EvGM8gXk1DfbgqmYdwFC5nttdSfpump,1786707167.4266875,1b1ed127677fb26e7e6356493fd389d7c3530f80,ruvv,B,pumpswap,True,5,7.27e-05,18390.61,69270.0,69270.0,15442.19,24476.78,28243.65,363,154,86.68,3427.6404447916666,37.0,801,25.9,0.0,0,0,1.0,139,7,7
79U3WAzDXdBp7CSCcF6GbWkYFZzACuzuXu59EDYa5ixY,1786710321.1130955,930513829349e8f2d50c797e211660d89b498263,ASSET,B,raydium,True,6,3.307e-05,20220.87,33072.0,33072.0,22690.09,35254.66,35254.66,285,191,236.0,71.85188492431641,38.4,281,22.1,0.0,0,0,7.0,39,1,5
Apx665vqxenPMpeqLrcsGwN4hQH6EVfKTF5yuyeApump,1786715878.1269147,755e430ba1fdc95ca948fcb16b9c6f0ecb1afa0a,Thomas ,B,pumpswap,True,9,5.199e-05,15334.13,50204.0,50204.0,12438.33,29412.71,29412.71,229,140,-3.32,81.4187819132487,38.7,672,36.8,3.8,20,0,1.0,58,13,2
Dmkj4dB3Ngva9gWKkDgj8UMF39EC7ArpGf2rxLxDpump,1786715878.1269147,755e430ba1fdc95ca948fcb16b9c6f0ecb1afa0a,FTR,B,pumpswap,True,6,0.0001972,34999.1,197234.0,197234.0,2072081.48,2072081.48,2072081.48,18349,16944,556.0,45.335448579915365,75.1,5119,15.2,7.5,9,0,1.0,1000,53,58
5i6Ve42SMGGHLYkBbCimW7trK1MxFZNKZSUfWUCZpump,1786723211.4153874,d6167bcb64d87c0627ff8ab2a6b27e8857957521,KAT,B,pumpswap,True,6,2.652e-05,10587.42,26503.0,26503.0,37771.02,45043.29,45043.29,617,463,-17.69,60.856923124186196,53.5,575,15.3,0.0,0,0,1.0,107,23,3
6HMNEX4Lm2WzbE5cSWxqEju3YnV5rYURJaScWhaBpump,1786723211.4153874,d6167bcb64d87c0627ff8ab2a6b27e8857957521,GACHAPOP,B,pumpswap,True,2,0.0004269,48365.15,423438.0,423438.0,497685.23,817358.8,817358.8,9330,3612,52.15,82.3569231241862,77.4,5812,2.0,0.0,0,1,1.0,65,0,0
B1SM8wzwtJArpLq4iESiJyjr61YYcnuDqpvSS3qGtpih,1786726989.6135645,52c8c7bd09f9eed3f68f30bb0796b7021b3b8911,PIH,B,pumpswap,True,4,0.0001206,24806.35,114750.0,114750.0,272774.75,357226.01,357226.01,2842,2292,218.0,77.64355940755209,74.4,5124,20.5,0.0,0,0,1.0,238,30,23
4cCyEZoBVPepCK3MUR1PahCgehF9n9dUDHPJenW4pump,1786734406.0413127,287350fe2c8488537f0ef18faf366f8ade62cd54,WASHED,B,pumpswap,True,6,7.902e-05,19380.87,79024.0,79024.0,171764.81,171764.81,171764.81,1070,1205,159.0,56.01735521240234,60.0,809,18.6,0.0,0,0,1.0,107,27,4
8mtTLauYuiCmmao3tuaLNMJ7B9TN5t1VU4YeVdrWpump,1786734406.0413127,287350fe2c8488537f0ef18faf366f8ade62cd54,BSTK,B,pumpswap,True,1,0.000376,46119.01,372700.0,372700.0,497858.39,1284807.89,1284807.89,6015,3607,-28.53,128.00068854573567,84.4,4413,1.6,0.0,0,0,1.0,94,4,0
CUTuufCBBFA4AwvB3LNwtPqZvCDEg25L9PsKSkx3pump,1786737193.7697494,c036d80819fa083c80ac72f810468caf2f8a615b,DinoVerse,B,pumpswap,True,5,4.15e-05,13524.1,39720.0,39720.0,161.86,23740.16,23740.16,22,2,0.1,330.02949582519534,41.9,300,35.3,0.0,0,0,1.0,65,19,3
7QddMRv1RJEqwmofGzoSohhJQ36qDLNZmhx4v3oVpump,1786743826.6086693,df60769df81c7378e5403db3772e293e1f89951a,TrumpBank,B,pumpswap,True,7,0.0001009,22245.24,100901.0,100901.0,183947.3,183947.3,183947.3,3000,2479,234.0,14.476811153157552,55.3,1742,18.8,1.2,4,0,1.0,292,16,18
Gz5jDg2a2oTDp8sUEE8MxhshiPYNk3FPVxWrjmpvt8cG,1786746805.5095303,c9f4e4020797835340e1684ef87d3a992d546984,WLTC,B,pumpswap,True,7,3.849e-05,12980.74,38491.0,38491.0,31396.03,31396.03,31396.03,631,419,23.57,3.9584921712239582,29.3,572,24.5,0.0,0,0,1.0,136,17,9
DSdidmMuSBqJ1U8aKmPeRg8ZnQpyQJN1tV9f8HV794sh,1786750246.9897442,b38fb85a808efcf7e4360372f06aaf0f44a23ba3,DUNALD,B,raydium,True,6,1.772e-05,13507.94,17729.0,17729.0,24159.41,24159.41,24159.41,293,173,235.0,32.66649573567708,38.9,155,26.3,0.0,0,0,7.0,0,0,0
FhaAngKjXUPhinojcPzn3uYsQs6vWdfouLAm3HKYpump,1786750246.9897442,b38fb85a808efcf7e4360372f06aaf0f44a23ba3,WIFNADO,B,pumpswap,True,2,0.0004756,50776.06,475609.0,475609.0,640602.67,640602.67,640602.67,7334,2728,613.0,53.06649573567708,71.8,3468,2.1,0.0,0,0,1.0,39,14,0
6Fjp4SHuPkjJusTxgm2ft6dpyYeGedkBUm7GHzPbpump,1786751620.3208046,56600328ea91f64e941e5571937355b0e1a6e1de,bottom,B,pumpswap,True,6,5.827e-05,16473.05,58274.0,58274.0,109109.49,109109.49,109109.49,3724,436,85.25,35.27201341145833,63.5,336,11.8,0.0,0,0,1.0,16,15,0
aUWH9iX3BKKeMHP6aoAf2r2KPjLq8h9Kim2YC48pump,1786751620.3208046,56600328ea91f64e941e5571937355b0e1a6e1de,MemeSeason,B,pumpswap,True,7,7.86e-05,19217.92,73427.0,73427.0,33744.14,77784.08,77784.08,583,331,71.72,131.238680078125,47.4,590,22.5,9.9,9,0,1.0,104,15,6
FFT4bgyrvzyB5TKAziLkAzBj8mboduzJeDdZ27TU4FHm,1786758284.4166546,edc2fc407708c352f0b017d52047d001111ce648,STONKDEX,B,raydium,True,3,8.992e-05,39123.63,89922.0,89922.0,112695.36,199309.25,199309.25,638,420,6.98,169.27361090901692,63.1,777,20.4,0.0,0,0,7.0,0,0,0
HxJZ7fxthZhs57e9fCDfm7s3DLc1favN2JmAG9EApump,1786758284.4166546,edc2fc407708c352f0b017d52047d001111ce648,Xiaotu,B,pumpswap,True,5,0.0003117,41456.97,311722.0,311722.0,703751.31,703751.31,703751.31,7275,5911,783.0,49.873610909016925,68.2,2856,17.3,0.0,0,0,1.0,566,37,40
2tCKJWAdwyzRgoXtNaTFwnsHuZMDQkZooCsoHqPHS6YN,1786761574.9472458,76156b7ee125f38c83a92b8b6ff7fee00b5b51e5,STONKLESS,B,raydium,True,6,2.916e-05,18879.45,29160.0,29160.0,29820.07,29820.07,29820.07,482,258,447.0,19.93245409749349,41.5,291,18.9,0.0,0,0,7.0,76,1,2
5h1Ug5QBfNvYeyQaCYcvropyXr3gwEfy6DWbwJo4pump,1786761574.9472458,76156b7ee125f38c83a92b8b6ff7fee00b5b51e5,dolpin,B,pumpswap,True,5,5.776e-05,16442.05,57768.0,57768.0,148148.13,148148.13,148148.13,2380,1667,86.09,17.965787430826822,72.8,1037,17.1,0.0,0,0,1.0,137,18,6
6Qf2ifQ7W9P3HTao49cXfQgN73PHG7gT7gUBAhQjpump,1786761574.9472458,76156b7ee125f38c83a92b8b6ff7fee00b5b51e5,Pipejakk,B,pumpswap,True,2,0.0001408,26944.43,128077.0,128077.0,351519.47,420199.53,420199.53,1670,1816,47.45,76.14912076416016,73.1,2621,18.3,0.0,0,0,1.0,29,12,0
H3f4jYE3tEY8JWve2tRJYzqZpAHEHPihJkGQA5BCqqkn,1786761574.9472458,76156b7ee125f38c83a92b8b6ff7fee00b5b51e5,FOMO,B,raydium,True,7,0.0005315,107382.39,531533.0,531533.0,2220619.15,2226423.65,2226423.65,13470,11759,5207.0,60.39912076416016,67.6,5500,36.8,2.5,4,0,1.0,1000,21,51
97ANsEsXkDTCsH19wQVph57fRg86ko4bKNNDvUEBpump,1786764321.8895948,f414ffdaee6233bff8379c9d1b9ad691d4d96190,XIAOTU,B,pumpswap,True,5,5.769e-05,16446.68,57699.0,57699.0,156383.82,156383.82,156383.82,1988,1693,90.08,39.78149324544271,71.3,1056,19.9,0.0,0,0,1.0,156,13,21
Aqy9Ucdx9bbNkLYBYPzNR6vnEm1MrHL4D5v1hgD5sb4v,1786764321.8895948,f414ffdaee6233bff8379c9d1b9ad691d4d96190,SE,B,raydium,True,6,1.293e-05,11101.49,12936.0,12936.0,73927.43,73927.43,73927.43,969,641,144.0,41.164826578776044,61.4,389,19.7,0.0,0,0,7.0,0,0,0
GJf3j4NNWcfSwfZhmFMQzCtr1vEDM4uCFs1Xpxucpump,1786764321.8895948,f414ffdaee6233bff8379c9d1b9ad691d4d96190,JAKSON,B,pumpswap,True,5,2.639e-05,10669.1,26395.0,26395.0,130133.64,130133.64,130133.64,5170,4197,-15.1,16.96482657877604,79.4,2468,7.2,0.0,0,1,1.0,110,6,4
2ESFEAkkPMoDaMXQCyatSdVDEfVh6dF2zHfQZUuhpump,1786769006.9737792,fd76bfba1aa58544c1244f0c3f85248e64ad33a4,Marshal,B,pumpswap,True,7,0.0001066,22576.96,106633.0,106633.0,38599.05,38599.05,38599.05,2898,2613,240.0,17.79956298828125,45.3,2234,24.9,0.2,4,0,1.0,57,16,4
4yBmS1oYgnR2ftwK4yGQzF4jYSiTt3sGLiHNM8RXpump,1786773761.0117574,032228fe815d544a12184a0855e61cfa84639846,GAUNTLET,B,pumpswap,True,5,8.421e-05,20827.3,81011.0,81011.0,300255.2,485518.27,485518.27,4311,3407,66.86,76.98352928873697,75.7,2395,17.7,0.0,0,0,1.0,417,42,38
GkBx7VC4FxXmAYYTvmqywg9XnMSBH2S9gs2C4VEJpump,1786779444.9315288,68cec25038ee290285f092c8b25e1f6a3ff76e4b,GOOSE,B,pumpswap,True,5,5.449e-05,15870.14,51204.0,51204.0,11127.32,70334.95,184951.39,158,121,-1.74,909.3321921468099,68.4,873,24.6,0.0,0,0,29.0,170,24,10
Ct7ZFjNZ1AsjdHnzvejxzWm33kY45mUSTqdSFzAiHfoD,1786780965.3259196,9b740992f7e272401eea94aa8e8dcc0cbcf4d0a7,Bichoraro,B,pumpswap,True,6,0.0001319,26143.97,131986.0,131986.0,379915.19,454964.89,454964.89,5395,3906,102.0,64.95543199462891,77.1,2448,16.2,0.0,12,0,1.0,463,9,27
68QF8DkwjTPPTWMh6gKk8KNhfxBMR9AcEJyj3qaDpump,1786783186.232875,2a8725b4477d4159cd78536e7d6f4f15960829af,GrokCoin,B,pumpswap,True,8,9.631e-05,21572.95,96314.0,96314.0,157194.34,157194.34,157194.34,1947,1556,217.0,45.30388125,59.9,1312,23.1,8.3,8,0,1.0,227,21,12
2BYdL8N8kqC7ZEYUU75X18tTNvgFkK4S6xd7B7CNpump,1786788103.0054178,d909843607b65c1a652da50684c74438542d5715,[|],B,pumpswap,True,7,5.505e-05,16097.66,53267.0,53267.0,70160.56,180931.5,180931.5,1180,905,47.77,75.21675696207683,73.8,1343,23.6,9.0,8,0,1.0,218,33,11
7z8Q8E4dpequE3XcxoXrpiCPiw1yVHZ7cY8EwT7Tpump,1786789957.3304818,704969849808b2ed7e8e8714ad25159d37977872,Poipoi,B,pumpswap,True,3,0.0003159,41062.35,309500.0,309500.0,93190.48,148694.77,211222.65,630,416,112.0,2759.6055080281576,44.5,1790,21.8,0.0,0,1,1.0,305,16,20
9BVn3Y8tPghbnGuuuxoj2mGekqgSQV1M7nALF7brpump,1786793347.4929879,7486dc449949267843c02eba145e6541c41414eb,NYAN,B,pumpswap,True,4,0.001316,133516.96,1168580.0,1168580.0,10287.33,110689.0,278507.87,41,73,10.32,376125.0582164632,31.2,9251,20.4,2.5,4,0,1.0,1000,27,129
DmKGKTeSsgnYBf4xGLHJPbMNTdzWHxhbRb57Hc8spump,1786795275.418449,df8bafaf0fb51e2affe473a3224df6f7293d2179,Popo,B,pumpswap,True,7,0.0001353,26762.21,135359.0,135359.0,518491.7,518491.7,518491.7,7276,6054,337.0,54.906974149576826,73.3,2664,22.8,4.3,6,0,1.0,473,29,17
9Pb3VCc44uVb9MsNshQrDyrdq3hqTyLRMVsTJpjdpump,1786798480.0997784,e12eb1546104c941718904b8d2dadcfb89a13439,BABYANSEM,B,pumpswap,True,4,0.0001734,29633.82,173445.0,173445.0,140469.65,140469.65,140469.65,2440,1510,461.0,47.98499630533854,52.9,1427,26.5,0.0,0,0,1.0,75,14,4
GS2jgH6874i1txo8CUnudz7N1gAuA9CtRHLXN1Npump,1786801047.6054108,46009002a71d774b7d717e9ab25c06585eba0d14,CASHELON,B,pumpswap,True,3,0.00019,33632.53,185437.0,185437.0,4393.46,36458.25,1602936.78,1360,627,-3.29,1440.660090181478,75.7,3415,21.2,2.7,10,0,1.0,45,21,8
AU1BD8caz3woQdpzd42Kd6cMDdRoefmTqYDrthEPMGnc,1786802528.0931807,04dbccfdc9d146440afde0eadef2b90f93bada83,STONKSTR,B,raydium,True,4,2.953e-05,19153.66,29532.0,29532.0,12232.07,24623.62,24623.62,73,68,56.76,142.4015530110677,29.9,184,24.3,0.0,0,0,7.0,0,1,0
BAQPhMtf6UaXMdEwZLu1BVTSxRz9AYZkkb8FQXncpump,1786804341.0637777,5b967b941f2895457ea5a95d2b8c848f6675f480,CALICO,B,pumpswap,True,3,0.0003219,45805.08,314922.0,314922.0,777508.56,1910606.57,1910606.57,8374,6593,42.5,113.38439629313152,76.7,5923,15.1,2.9,4,0,1.0,1000,58,61
tUgWWjQc6xSszvMdtWvXPYFPX1iv8CsQN8t4XB3pump,1786805611.9332151,478614ebaf70f7186c8a9c6023f3accd630378d4,YESBOT,B,pumpswap,True,2,0.0003836,45604.86,380621.0,380621.0,263531.71,855703.27,855703.27,1668,1934,-11.87,87.08222025146485,70.4,3819,5.4,0.0,0,0,1.0,49,20,0
GiWxfFzr9Dsjm5BmWNQNn9mrQykPbchd4xx1CfTpump,1786807830.9205124,b370737ff4b836240dad8bb1eb9a9254677dded6,牛来,B,pumpswap,True,6,4.352e-05,13945.34,41578.0,41578.0,2860.04,42577.52,42577.52,24,22,-4.61,322.73200854085286,39.4,486,23.7,2.0,4,0,1.0,95,14,3
2FW3eNWNKSkJFdrSUwPC2U8zxu9MjExgVYxR5Wd7pump,1786812295.210765,311b88865eb0b3f2b48cf1d02f1de2076a986a2a,TOADLAYER,B,pumpswap,True,4,0.0003564,43240.53,356327.0,356327.0,415430.92,415430.92,415430.92,1783,1077,338.0,23.570179414876304,64.7,976,3.5,0.0,0,0,1.0,42,5,0
3EJnCDWV29PisxfrpRbjS1kUXFR5SnaPUMC9zynkpump,1786812295.210765,311b88865eb0b3f2b48cf1d02f1de2076a986a2a,Lopunny,B,pumpswap,True,8,8.557e-05,20598.03,85575.0,85575.0,264095.04,280799.32,280799.32,3666,2908,180.0,62.68684608154297,74.1,1641,22.0,3.3,7,0,1.0,270,23,24
EBKEeJhtRxHLZe4vGPUXJWZfF2Gq99TK6qzKP7Bnpump,1786812295.210765,311b88865eb0b3f2b48cf1d02f1de2076a986a2a,JEFFY,B,pumpswap,True,8,4.674e-05,14565.22,46746.0,46746.0,92545.64,92545.64,92545.64,1584,1142,48.72,30.553512748209634,63.2,971,24.4,4.1,4,0,1.0,116,26,4
6WS1NsTCjB1VFvVL8CjqUkB4VtK4fQ3sMPrN5e7rpump,1786817351.9766262,51962c929c0c1bf7e6130cd3c0b0c7aa0b6b611b,FROG,B,pumpswap,True,7,7.009e-05,18201.25,70091.0,70091.0,107907.12,107907.12,107907.12,1044,768,126.0,40.74961043701172,49.9,624,24.4,0.0,0,0,1.0,62,21,6
69tJh32kgR7u6Vqyrw2xnwLoCsjY5AiG8PqNivM7pump,1786819838.2627742,e867e7beefd1edf9061eae8d4cd6c0931d59dcb4,COIN,B,pumpswap,True,6,0.0001173,24149.85,117326.0,117326.0,213035.97,213035.97,213035.97,3138,3730,273.0,30.0043795694987,63.1,2005,13.4,0.0,0,0,29.0,467,29,5
htswYxYNkQcms7e3Jns5YPybBG3WsY4b8idXgjMpump,1786821048.919814,02924f627dd360b449c1d862f39920f56e1cdc2a,MONEYMAX,B,pumpswap,True,7,3.426e-05,12242.33,34270.0,34270.0,85800.38,85800.38,85800.38,1007,975,8.9,43.365330236816405,60.3,737,22.6,0.0,0,0,1.0,147,39,10
4xMegMRMd2TFQEXxv39vtMP1r5fFVuA7VcaSmAhLpump,1786822730.642675,ee4ed209cb94a3c1db03712b0becc1ec42887994,GUNICORN,B,pumpswap,True,5,0.000605,58123.4,605042.0,605042.0,860270.81,860270.81,860270.81,7221,6527,1875.0,32.560711246744795,59.4,3166,15.5,0.0,0,0,1.0,1000,15,35
Fnfzc9MPZCWtZ7KKrPiJqQBaEjxd2xWC6TPCsvGupxem,1786829376.3316834,ebf1de009253ade7423d43eb536cb650f2095d0d,GOOFRECK,B,raydium,True,4,4.713e-05,25171.52,47134.0,47134.0,17482.57,56731.64,56731.64,158,91,60.68,89.82219472249349,40.0,280,25.2,0.0,0,0,7.0,0,0,0
5upMUvnBmnAKqMoMFADSixXdJU39oxsbSTBWhMVnpump,1786830631.5330815,f867cb71cea29e96064a12ca961a475427bfae46,CATSEM,B,pumpswap,True,7,3.567e-05,12523.88,35679.0,35679.0,30600.67,30600.67,30600.67,338,362,13.46,3.7088846923828127,26.2,614,25.5,0.0,0,0,1.0,150,23,1
6MAjC3uWMzGc4LAeKF3EoC85DUtX67MCFE3numnmpump,1786831342.7943711,3d9e8a24999d64d2a1c6ad18d7d17e8b05594094,drooler,B,pumpswap,True,8,0.0001171,24199.75,117115.0,117115.0,234171.9,234171.9,234171.9,3650,2695,277.0,31.779906184895832,65.0,2194,21.3,8.5,18,0,1.0,435,19,26
BmWTEG5i1w5niQ8LvFB64sb6TVcuao5y54DRAp2kpump,1786846079.691192,6b3718c24b983ada3eb7cbf4db74823babc8ad02,inculture,B,pumpswap,True,6,5.148e-05,15442.82,51482.0,51482.0,133123.46,133123.46,133123.46,2405,1162,66.09,17.761519864908855,76.8,999,16.1,0.0,0,0,1.0,220,19,9
Ad5V1WCU99Ldrt3hJciaVJcLgohyz9v5sJpNTd8Qpump,1786850093.8884382,237ba4c2321bc7cd90de0ad4ac8ab82b9a7324fa,bih,B,pumpswap,True,5,8.241e-05,20159.77,79060.0,79060.0,77013.41,271321.31,271321.31,984,843,80.87,115.2148073038737,72.8,1719,23.4,0.8,4,0,1.0,255,36,17
iFYiJU8VP3FLhtjAR4p4pP3jkxhZUbv1KfyhbsLpump,1786857219.612922,d55daaa362b0e1753c110811f761b2b7173b71ae,NEPE,B,pumpswap,True,6,8.77e-05,20910.82,87705.0,87705.0,269545.87,269545.87,269545.87,4692,3775,190.0,31.02688203125,75.7,2033,17.2,1.6,5,0,1.0,424,34,10
HNco6ivsZGeCbtfxWvqmJVKXqvcJkidJGz4BPMhppump,1786860920.1884897,832c308ce716c273f860141120b77fdb8e3f58de,SOLCAT,B,pumpswap,True,5,0.0001322,25844.88,132272.0,132272.0,240689.12,277409.72,277409.72,3393,2287,103.0,64.60314149576823,66.7,1996,21.8,0.0,0,0,1.0,351,11,16
73UveQK7FzQb4ecjpQBCqJd3gKT2MEXG6fhsQuDApump,1786863836.815323,cb0ed5b5176d4e96a043d0e4e4d7ae761dc2a863,FWOGAMI,B,pumpswap,True,4,0.0002607,36905.66,260714.0,260714.0,419528.83,419528.83,419528.83,2300,1329,290.0,34.94692204996745,69.5,1067,5.2,0.0,0,0,1.0,32,3,0
FYAczZbEfKQ61XkQZ6HhRrJQgEmR6oe6j2XDkaF6pump,1786863836.815323,cb0ed5b5176d4e96a043d0e4e4d7ae761dc2a863,NEPE,B,pumpswap,True,8,7.57e-05,18967.69,75701.0,75701.0,112019.51,112019.51,112019.51,1832,1228,145.0,44.51358871663412,60.7,1130,21.6,6.1,8,0,1.0,221,12,7
G53KLq9qFc5e3Q23pc72qmrKqyND2KjUkWqyY1eFpump,1786865967.1061351,eea8bae10cc2874698822ca33880f15bb762f7b1,Mimi,B,pumpswap,True,7,2.903e-05,11130.02,29036.0,29036.0,53442.48,53442.48,53442.48,880,512,-7.4,8.28510225016276,43.0,620,27.5,0.0,0,0,1.0,96,25,17
5VUDGeHTyEXWtuwdRRbG8eendwzGAkwWCDNP1zwCpump,1786874561.4773283,6e7cab6b857c96677c0d8e6938f6981ba0d5d8bc,Mars,B,pumpswap,True,4,3.775e-05,13010.18,37756.0,37756.0,114097.49,114097.49,114097.49,2239,1543,24.29,17.341288806152345,76.8,1602,18.4,0.0,0,0,1.0,260,22,4
Ct5Utd86Vh4YvPf2xyDBUSdcMu8yyuRhSY1RYZXPpump,1786876387.1067226,30d3a5d9d87d5e24379e01520f1dc9d13905412e,Mollie,B,pumpswap,True,9,6.147e-05,16804.16,61470.0,61470.0,51719.54,51719.54,51719.54,737,684,98.94,10.535112044270834,33.6,779,27.4,4.5,6,0,1.0,186,41,7
FUF7ikJSz8ySPtFqW8juGTywZCx269UUdhmMxGqXpump,1786876387.1067226,30d3a5d9d87d5e24379e01520f1dc9d13905412e,MEWNR,B,pumpswap,True,2,0.0002486,36034.97,248658.0,248658.0,421219.02,421219.02,421219.02,2257,1018,272.0,29.0017787109375,73.7,1095,2.2,0.0,0,0,1.0,10,7,0
mjwxBvhHfYLMr7dsdQQ6YR6EbVPzvaqUcsxaoZ8pump,1786876387.1067226,30d3a5d9d87d5e24379e01520f1dc9d13905412e,红尘飞,B,pumpswap,True,4,4.203e-05,14349.95,40488.0,40488.0,62001.42,457006.27,457006.27,853,720,7.15,155.11844537760416,73.6,2054,21.7,0.0,0,0,1.0,333,20,32
G9DgDDxrCCrXLuyJTqvifcrH8yBH5kzGF7YcDwDHpump,1786877613.6733944,6c302c8feccf45d79d9b410854fef0b40857c543,fART,B,pumpswap,True,6,2.567e-05,10356.51,25674.0,25674.0,22276.68,22276.68,22276.68,332,251,-16.92,21.694556575520835,38.9,392,19.6,0.0,0,0,1.0,78,16,1
FYp7F86XyGKFU9boMW2vX3WVTwSPFGadvdFoyDVJpump,1786879773.9892826,0f9797e3a4fd711dd16c25807b92cebd4bee62f8,Granny,B,pumpswap,True,6,5.413e-05,16014.7,54140.0,54140.0,207284.13,207284.13,207284.13,3528,2954,77.41,22.099821378580728,73.6,1736,21.8,0.0,0,0,1.0,353,40,18
BGz9Dz8hK8mWSMWWraBV2qwN2CwVDbhgBcULx3qRpump,1786885441.568845,fe5986dc9d2a85485df53b11339731d3c686d46f,Qlingool,B,pumpswap,True,3,2.52e-05,10312.11,24288.0,24288.0,21959.8,43760.67,115992.39,500,346,118.0,468.3094807495117,75.5,1065,20.6,0.0,0,0,1.0,157,18,8
5pjUXJUCja3z3aN3K6DYYPeaEHwMoQGvhGJ7SCm3pump,1786887557.7146082,6dbae534770e25bb0ba12be6808a9d64259fd257,Wynd,B,pumpswap,True,6,0.0001465,28081.22,139985.0,139985.0,363019.73,602789.55,602789.55,4716,3833,160.0,81.42857680257161,74.6,2653,19.9,7.5,6,0,1.0,492,65,36
9emJ2FJHkWtE8HP5iLr2Ym4vXwFt44prboEwRfazpump,1786890787.8830414,cdbc3f56b3f205f33b02273d80b7da9da855983f,$F250,B,pumpswap,True,6,0.0001945,31430.78,194564.0,194564.0,218299.69,218299.69,218299.69,3197,790,272.0,25.064717358398436,65.2,758,5.3,0.0,0,0,1.0,202,17,2
N5NfKJcy4pJVCX59dkzEeFVusEjYzuas2QWt63ypump,1786894245.8317757,54c2237d78bd079b016d36ac81acf9a7ee1dd003,AS,B,pumpswap,True,2,0.0003515,43628.16,348151.0,348151.0,512810.4,798059.34,798059.34,3422,3408,-14.19,85.56386292724609,71.9,5005,2.9,0.0,0,0,1.0,162,16,1
5STRSXMndEbWFhJyGHNNBD1E687Bt8r8hwcU4Lcqpump,1786895523.285992,ab590cee6ea91a7338df19c81c028265421ce2a3,KORI404,B,pumpswap,True,3,0.000219,33986.33,219006.0,219006.0,511672.49,511672.49,511672.49,2866,1558,227.0,37.55476653238932,78.5,1318,2.2,0.0,0,0,1.0,53,12,0
AzbsonxtqEdAA1APoiHX8M6uGVG2nEfcqoeoc2sEpump,1786895523.285992,ab590cee6ea91a7338df19c81c028265421ce2a3,CALI,B,pumpswap,True,5,2.447e-05,10102.25,23586.0,23586.0,3995.41,22723.09,22723.09,55,44,-16.49,167.37143319905599,45.4,611,17.8,3.7,4,0,1.0,49,18,4
4MbrwEDCvZiZxPkcpj4jEuM7KvhmTcVW1mDr6Woypump,1786898738.7382421,0141db16ef00634c4668bb31b225dfc7e27b4811,$LASTSIUU,B,pumpswap,True,6,5.808e-05,16635.33,58090.0,58090.0,210198.15,210198.15,210198.15,4102,962,84.85,24.728970703125,86.7,855,5.7,0.0,0,0,1.0,219,10,0
AG4fodovUEAS1eG419d2X7Wh6Y2fq2MnAdA1YR9bpump,1786898738.7382421,0141db16ef00634c4668bb31b225dfc7e27b4811,CHADSEM,B,pumpswap,True,7,4.099e-05,13536.17,40990.0,40990.0,55195.07,55195.07,55195.07,818,698,31.1,11.145637369791666,42.7,820,22.6,0.0,0,0,1.0,161,18,4
BmDWM5NYWWZm4P2qBrhBNb6jbxsN3estLAkaWg8dpump,1786898738.7382421,0141db16ef00634c4668bb31b225dfc7e27b4811,Frock,B,pumpswap,True,4,0.0006408,69103.1,626434.0,626434.0,1253762.19,3483243.47,3483243.47,9599,8530,122.0,189.528970703125,74.3,7572,18.3,9.2,13,0,1.0,1000,112,96
8uD3m4YycAfBQYEkpaZq8LjSQUNWXzHWxU74qvfHpump,1786907406.248794,b730bdb4d2760042fedf571abda813b076998969,I2P,B,pumpswap,True,8,9.826e-05,22551.16,98269.0,98269.0,350068.98,459765.16,459765.16,3192,2632,149.0,68.88747990315755,73.4,1748,22.6,8.8,11,1,1.0,309,21,30
GuUNEcqtzuHeCjaVrEVH3fzhpBSuLW65GbCW1bZt3Nmu,1786912379.4202344,a27e33fb36e54f2f78fb1234f8fd9b629abb0a2e,PAIRA,B,meteora,True,6,0.0001577,41283.01,157708.0,157708.0,329839.41,329839.41,329839.41,2472,2023,294.0,47.590337239583334,61.2,1442,31.1,0.0,0,0,1.0,267,1,30
G5WsEp3voREADpMVG11LVQGBmvXbH5PpvjQeFMyapump,1786913577.2921169,18a2b6a06a10f8125382c8b406ba6ac206949858,WHALE,B,pumpswap,True,4,0.0001049,23111.71,104908.0,104908.0,395773.98,395773.98,395773.98,1759,1243,146.0,19.67153528238932,77.5,1124,15.8,0.0,0,0,1.0,330,6,4
FdQMjCVEa77pqH1NbP381Dz32b2QR4xsJRDwM8icpump,1786916995.7764738,9146c1d184e9f9c512a2fbde243071a157fbaf75,JASON,B,pumpswap,True,3,0.0001414,26014.9,135664.0,135664.0,9083.35,16886.23,20495.8,73,45,49.54,2424.2296078979493,33.4,632,17.6,0.0,0,0,1.0,104,19,10
UemnTg4prZ5QUteJP2ekKMAYYHssyRZz3Ef3uiapump,1786923107.6855514,ab490bb0c0cfe58d5f6d962d82ef54bada7bbfcd,CHMRSV,B,pumpswap,True,4,0.0001492,27401.49,149284.0,149284.0,369737.62,369737.62,369737.62,1845,1241,125.0,28.644759191894533,73.9,861,3.4,0.0,0,0,1.0,28,5,0
fpKcazZbb9e31XLjYH6AfBApejLm18U7hZPzJAnpump,1786932364.4170604,8bd9ef8f8550ad016a19852cc1852fc00081bd9d,WOOFECHO,B,pumpswap,True,3,0.0002218,34504.43,221834.0,221834.0,742766.9,751786.71,751786.71,7075,4817,21.29,60.94028433837891,83.0,1442,2.0,0.0,0,0,1.0,47,4,0
AFc8ewrQ2FkZisYm5j7qAYQ3yyCVAZ8p1vGmyxgqpump,1786936179.3788462,482dea08fb304af620d4fa4a8fa52f3bb2a616ce,TOADCHOO,B,pumpswap,True,4,0.0008073,65861.82,807300.0,807300.0,414380.01,414380.01,414380.01,3075,1463,989.0,24.206314103190103,61.1,1382,3.1,0.0,0,0,1.0,40,5,0
D414E831eNtWfKS7yuHkJBGKPp17BxHAGsvVb8m8pump,1786936179.3788462,482dea08fb304af620d4fa4a8fa52f3bb2a616ce,greg,B,pumpswap,True,6,0.0002302,35777.54,223552.0,223552.0,452459.52,677440.67,677440.67,6324,5049,159.0,74.9063141031901,75.6,3435,17.8,5.7,9,0,1.0,572,36,30
GDsogTEtXS1RD4PJcfDu3jYevDzRha6mUqiHAmcopump,1786936179.3788462,482dea08fb304af620d4fa4a8fa52f3bb2a616ce,BISCOTTI,B,pumpswap,True,8,5.375e-05,15651.93,53757.0,53757.0,37408.44,37408.44,37408.44,593,380,71.06,10.106314103190105,28.8,526,28.6,7.2,4,0,1.0,73,13,3
6VExhFJceQENY2GUgoGf9sXVST75mw4ovXYt8DaNpump,1786942474.1148973,1abd4440b71d8f6af9ba84cca6910fc6f67e07e0,SHIBSCEN,B,pumpswap,True,2,0.0001796,30748.04,179651.0,179651.0,592995.59,592995.59,592995.59,4225,1708,168.0,36.63524828694661,87.6,2005,2.3,0.0,0,0,1.0,41,14,0
9JJAnX75nadfDep572z31huah1otpS1KHy4g7wFtpump,1786942474.1148973,1abd4440b71d8f6af9ba84cca6910fc6f67e07e0,blu,B,pumpswap,True,7,8.36e-05,19829.21,83609.0,83609.0,38040.05,38040.05,38040.05,4136,3404,163.0,28.668581620279948,44.1,2249,33.0,0.0,0,0,1.0,55,30,0
4veBqJ8TFFyZBepbP8DmMeUgUosbRhCtd7PwewWmpump,1786945418.942108,a5c54515c7b0aeb3a4c8e18f4b6b46e230c6f0a4,HAULED,B,pumpswap,True,3,0.0002217,33969.31,214044.0,214044.0,194073.58,313338.82,313338.82,8335,4797,232.0,107.5157017985026,64.2,1935,15.4,0.0,0,1,1.0,46,17,0
6T6APFk43FoZjNXSsBRhMYyVinsntzTGAUpZeP8hpump,1786947751.6284173,c266868695a1d878c0bcbcec0ac25af7c2076329,ANIMALS,B,pumpswap,True,7,0.0001035,22712.2,103541.0,103541.0,261015.43,261015.43,261015.43,3477,2841,239.0,33.2438069539388,69.9,1929,19.6,7.5,5,0,1.0,370,18,27
9HvMq8kM58Xwfo3DCoihSxvbZ8eM4vJMod58a6axpump,1786947751.6284173,c266868695a1d878c0bcbcec0ac25af7c2076329,Ottermoka,B,pumpswap,True,3,0.0003378,42463.74,337860.0,337860.0,466822.57,494333.94,494333.94,5721,5009,322.0,66.51047362060547,62.4,4400,9.5,0.0,0,0,1.0,30,2,1
D72zrgwrjMuzXLHZWET4ibC4hDcnFheM9SzqDrJ3pump,1786952126.2200124,e3722418bda52b6555bd1e49a23cb651b3841fca,BOMEKILN,B,pumpswap,True,2,0.0002295,35491.01,227192.0,227192.0,511234.19,769840.95,769840.95,6410,2246,60.81,69.77033354085286,88.8,4039,2.1,0.0,0,0,1.0,53,15,0
FYqWB95ggm8bjCrPxnQ5GSNCgXxWKydyGzfasW17pump,1786952126.2200124,e3722418bda52b6555bd1e49a23cb651b3841fca,POPPY,B,pumpswap,True,7,4.3e-05,14110.23,43002.0,43002.0,180853.04,180853.04,180853.04,2574,2179,37.87,45.320333540852864,72.9,1264,23.4,1.8,4,0,1.0,218,23,15
DfvXmcXWo8VYzXKLV5CLfFKUWzC7RmUAMKBhFqxNpump,1786954879.7503004,ef90571782ab94015a31b734de612c76cfc24896,Drake,B,pumpswap,True,7,5.14e-05,15440.1,51403.0,51403.0,132518.33,132518.33,132518.33,1944,1796,67.73,7.945838338216146,58.9,1501,17.8,6.8,11,0,1.0,364,26,16
FZW2bCcWdkFz8PrQgFFKKWB7S1ksbFTxVrjNyeSZpump,1786954879.7503004,ef90571782ab94015a31b734de612c76cfc24896,JOSHUA,B,pumpswap,True,5,2.891e-05,11579.43,28902.0,28902.0,376521.22,376521.22,376521.22,5086,4725,-7.26,51.895838338216144,74.6,1818,16.4,0.0,0,0,1.0,310,22,22
7mYSGRZu3QoURA6GDcZYbuu3UaeXvNirzFenm1WLpump,1786957483.7440782,2f42ebe08f65326ddd611845cce53ba666f750c0,Pepe,B,pumpswap,True,6,7.045e-05,18383.32,70451.0,70451.0,199063.45,199063.45,199063.45,3188,2083,130.0,37.47906796875,74.7,1462,20.6,0.0,0,0,1.0,213,16,13
2HtutbHpCNCy4jBux1K4taVxshFCHgarydADjUjRpump,1786963313.9821436,f9fcad9d6b946d663e2e96dfae75ed167a44c380,RUN,B,pumpswap,True,4,3.513e-05,12374.41,34004.0,34004.0,7609.71,22613.66,22613.66,136,129,28.38,129.0163690592448,35.9,446,19.8,0.0,0,0,1.0,35,15,1
HxNNTGqNmTMNP38VseuDAQMEjdFydd8xxUf2um2spump,1786963313.9821436,f9fcad9d6b946d663e2e96dfae75ed167a44c380,GOAT,B,pumpswap,True,7,5.051e-05,15228.54,50511.0,50511.0,64215.58,89563.38,89563.38,885,735,59.4,69.38303572591145,55.4,789,23.8,0.0,0,0,29.0,95,20,7
5hyq1w4ATErYGNFUomWjWDRVUBmaQVG2rvDdx5hUpump,1786965047.640721,bdcff6109eb49a23576c3c0bc16f8f4c9e3b9bc8,BILLIE,B,pumpswap,True,6,8.295e-05,19851.41,82960.0,82960.0,76480.1,76480.1,76480.1,6006,3845,114.0,23.39401201985677,47.9,590,14.5,0.0,0,0,1.0,31,14,0
512B2eBDSDg3xY88Jw3Qprqf6kGSvXLRH7L1kRaSpump,1786968163.1183226,fd26a4e7c443f3d4169b3bd9843419d18db9f85c,Lambert,B,pumpswap,True,3,0.0001412,26819.93,141254.0,141254.0,305949.85,305949.85,305949.85,2560,1706,186.0,15.368638708496094,74.3,1081,3.7,0.0,0,0,1.0,28,7,0
APQfuCeuoCqywQJaVNj5CvZuUZ3EE3abGmti9tKjpump,1786968163.1183226,fd26a4e7c443f3d4169b3bd9843419d18db9f85c,Squirrel,B,pumpswap,True,3,0.0002384,35129.51,238419.0,238419.0,336342.35,336342.35,336342.35,6649,1978,252.0,30.018638708496095,72.6,2780,6.1,0.0,0,0,1.0,10,9,0
5nTdKXtGFcGbBHwUB7EsnEyBZ1ThGMGVofZAVpkjpump,1786971647.2412393,9ca784a3668460b6cf2c5f36dfdd1728e1b782af,Cupsina,B,pumpswap,True,1,0.000421,47470.47,417826.0,417826.0,292309.53,694463.95,694463.95,6780,1032,7.22,101.82068732096354,80.4,5396,2.5,0.0,0,0,1.0,14,5,0
4skFA8FequaJV8Zd3njafvMvmX4yVbnzmBRo4jXVpump,1786974473.2354105,dbd6afa15b6848e491769678ec98b7ffefef9076,SOLCAT,B,pumpswap,True,5,0.0004079,48137.11,407919.0,407919.0,935555.8,935555.8,935555.8,2333,2513,727.0,35.98725684000651,69.2,1435,10.1,0.0,0,0,1.0,121,15,6
FMiBqDMPgGukPPj1fwTgpNvxjpLVwMCjZP8ULryKpump,1786974473.2354105,dbd6afa15b6848e491769678ec98b7ffefef9076,Karma,B,pumpswap,True,5,4.854e-05,15047.06,48494.0,48494.0,152595.39,152595.39,152595.39,2289,1869,60.53,16.203923506673178,74.6,1499,19.7,3.2,4,0,1.0,289,24,6
AAdao8JXwua6W6aMYXV5NMk1eDjms1iNsniEsDb1pump,1786978105.5145433,91177899eb46eeb77b6a64c2219c25ab0cc24d1b,BLACKCAT,B,pumpswap,True,7,7.664e-05,19082.86,76646.0,76646.0,88424.33,88424.33,88424.33,1405,1146,145.0,20.608575720214844,57.0,1239,17.5,6.1,6,0,1.0,197,17,15
2RcD4toUmZywZ7ViKsgjchVLkkhH7xcbsqqgjuYSpump,1786979470.1626854,1474a1e866ff1eece42914b323795ef1ff3e5427,Chinchinmei,B,pumpswap,True,7,2.953e-05,11236.19,29538.0,29538.0,41986.81,41986.81,41986.81,764,665,-6.61,3.636044755045573,41.2,871,21.3,0.0,0,0,1.0,214,43,6
DfJy9p8AarFgv6CU9xW38oFdEEK41qkbEXhxzUoUpump,1786984732.5954816,102d1a1dc8ecf48f45995b65a98f39178ca41492,$RECORD,B,pumpswap,True,6,7.077e-05,18565.33,70777.0,70777.0,195035.34,195035.34,195035.34,3528,971,126.0,23.35992469482422,85.0,931,5.7,0.0,0,0,1.0,272,12,2
DuBfXGHkyRWSi5u7gi21xz6Nij75XRsj4p3zSsNspump,1786986720.5391455,f80cd3cce777af4b998b92ecc247dc6269729fc9,PROAILURUS,B,pumpswap,True,3,0.0003694,46467.31,367658.0,367658.0,487555.51,1411544.68,1411544.68,2851,1873,11.38,88.7256524251302,79.6,1758,12.2,0.0,0,0,1.0,515,10,9
6Hg3hRVgUYzDmDpt7FfBKfhsHTF5mpLoza462nSupump,1786988933.1788945,ba0b31500cd3beee1c58fc56146e46d05737352e,$CZ26,B,pumpswap,True,7,0.0001084,23051.83,108499.0,108499.0,117567.08,117567.08,117567.08,1870,458,247.0,9.686314908854166,51.6,689,9.1,0.0,0,0,1.0,166,12,2
8Wbhokeyfv1WTv5xej494iQBcGE2xZ8aKXe2ixnrB529,1786988933.1788945,ba0b31500cd3beee1c58fc56146e46d05737352e,BULL500,B,pumpswap,True,7,4.622e-05,14622.16,46225.0,46225.0,173064.81,173064.81,173064.81,1496,1740,46.28,29.43631490885417,66.0,730,19.4,0.0,0,0,1.0,113,9,4
9pqWPKYYtmPfocSbweWfWRFqv7EKbHtZrhQjBQqMpump,1786988933.1788945,ba0b31500cd3beee1c58fc56146e46d05737352e,ANSUM,B,pumpswap,True,8,8.293e-05,20024.21,81356.0,81356.0,21352.16,143331.04,143331.04,4887,249,31.79,77.10298157552083,68.4,486,11.9,2.3,27,0,1.0,40,12,4
5P3skKAfTT8a9hrfcSFzP2wYpevoHDC5PU8nXGhgpump,1786993312.273318,8d33cc8ce7d126f69920ba6fb190964d24c94b3e,FEARLESS,B,pumpswap,True,9,3.217e-05,11804.45,32170.0,32170.0,22451.74,22451.74,22451.74,498,333,2.4,19.537888635253907,43.1,682,26.4,6.2,16,0,1.0,56,13,2
S98Vfo1hLHu1kxFujoNrSbmWkw1ShSntx1YEFDtpump,1786993312.273318,8d33cc8ce7d126f69920ba6fb190964d24c94b3e,ANSEM500,B,pumpswap,True,2,0.0001523,27728.47,152305.0,152305.0,301011.14,301011.14,301011.14,2765,430,76.71,31.554555301920573,81.9,2155,6.5,0.0,0,0,1.0,10,0,0
76HLfhuAXMvTGqQEFFGnYyCgypk3VkpGTzavxwA2pump,1786995329.6944911,aa53ea76b9ff6177c5a219b2aadb6cb29e87d6e6,PUMPBULL,B,pumpswap,True,2,0.0001908,31376.59,190895.0,190895.0,346405.86,346405.86,346405.86,6907,2039,198.0,43.57824152018229,78.1,3077,2.4,0.0,0,0,1.0,14,2,0
9MMXQQhhMhA4yWeTuiv7dkGTeCMzKCGmfmWgVD3ghYn7,1786999012.7282166,077f6e92adbfa9e53c685cc24a25c2c93043ed70,BOLLOCKS,B,pumpswap,True,7,0.0001011,23108.64,101160.0,101160.0,594671.28,594671.28,594671.28,6880,5905,225.0,41.91213694254557,73.1,2831,22.4,2.2,4,0,1.0,580,26,36
4s9LfXuYzbTLEfnoGa8WiKvwuwo7ERK9bZCDXpfxpump,1787000386.93854,2a31860d73c7577bffde197de36a081fca5a469a,ANSEMSHIT,B,pumpswap,True,2,0.0001521,27955.85,152169.0,152169.0,369774.05,369774.05,369774.05,4478,824,126.0,50.96564233398438,86.0,3224,5.5,0.0,0,0,1.0,10,5,0
7MQSupJTpY31HGChEHUAsS1pQhLSrHS5CCsB9bnaN3eS,1787000386.93854,2a31860d73c7577bffde197de36a081fca5a469a,Z,B,pumpswap,True,2,0.0006384,64212.7,625340.0,625340.0,356208.81,3536378.05,3536378.05,2022,1934,-17.46,204.81564233398439,75.3,5808,13.8,0.0,0,0,1.0,1000,18,50
GY53ctA7NX3LNWQQGM2YgsAPcy6w796rQiDgnsiqpump,1787009487.8071957,2e98a7283ef83e9e5493bd48603b29351c0fefcb,BULLMRKT,B,pumpswap,True,3,0.0001598,29081.98,159889.0,159889.0,606574.3,606574.3,606574.3,12362,3623,150.0,59.44678659261068,89.7,3510,3.2,0.0,0,0,1.0,44,0,0
3rC1aughedydZfETxDQXtNEfQ4xGZ5oJC1JcLVBspump,1787012802.8025444,3bf57674fc6067fc641fed0ea429c38cc5e1faf8,Bulldog,B,pumpswap,True,5,3.523e-05,12593.88,34096.0,34096.0,64928.57,124954.88,124954.88,1092,700,-30.35,87.56337574055989,73.2,1354,29.8,0.0,0,1,1.0,75,16,6
9U7SRJ3aB6SaD7RpPhuFfRmK8GypcXdDUUGvzEtPpump,1787012802.8025444,3bf57674fc6067fc641fed0ea429c38cc5e1faf8,BUTTBULL,B,pumpswap,True,3,8.14e-05,19931.82,81407.0,81407.0,222640.2,222640.2,222640.2,3233,678,58.43,33.49670907389323,89.0,2095,3.7,0.0,0,0,1.0,10,7,0
8cCV6ybhSU4WPbuCP4XubF9Hadr6TRm1djSDtyd7pump,1787018564.7604902,6a631bb3232a5303c7481928456660c98a93d1f8,BULLUNC,B,pumpswap,True,2,0.0002355,35557.99,232555.0,232555.0,284923.83,609304.94,609304.94,6180,1052,48.16,89.27934150390625,88.5,4057,5.0,0.0,0,0,1.0,6,3,0
GdMx76BW2NYPH8ipDwXjCvZiXXhFDQnfec9TKVU7pump,1787018564.7604902,6a631bb3232a5303c7481928456660c98a93d1f8,BULLBALLS,B,pumpswap,True,2,0.0001981,31891.09,198145.0,198145.0,333914.95,333914.95,333914.95,3865,587,332.0,44.54600817057292,79.6,2822,5.2,0.0,0,0,1.0,12,1,0
3JKhx3e5pPbDkwUP7oP4JFXGwk23z2NtrHWVKPVYpump,1787025207.0565772,577c90d2f55adb71b79aac8e6e31751407e9707d,TESTIBULL,B,pumpswap,True,4,0.0001189,24692.91,118952.0,118952.0,436393.86,436393.86,436393.86,6570,3943,76.96,57.93427628580729,83.1,1578,5.2,0.0,0,0,1.0,19,8,0
GseQWit8p5SREsjb1V9WB3KEJg9ETfGG2FZaChCYpump,1787025207.0565772,577c90d2f55adb71b79aac8e6e31751407e9707d,BULLY,B,pumpswap,True,3,9.3e-05,21578.15,93006.0,93006.0,318226.75,318226.75,318226.75,7794,1520,89.67,55.61760961914062,92.4,3611,3.0,0.0,0,0,1.0,55,4,0
jBZXbRBsS5detVwD49DMFSRVdTp7gaeDNHAJn1ppump,1787028310.6716852,caa6bec61c33eb9d94d497cc22acd772632f37f8,BULLION,B,pumpswap,True,2,0.0001433,26811.95,143350.0,143350.0,231438.92,231438.92,231438.92,3669,713,131.0,38.92786142171224,77.8,3012,4.9,0.0,0,0,1.0,10,1,0
5YJqprg5aKQtSwnnF5V5JraFc8Qw2EwqPKdq5dbmpump,1787030120.4002817,dc9feb99555b02e7c263ddd5a6f61d9d3c0fa4c2,ZBULL,B,pumpswap,True,2,0.0001381,26563.2,138146.0,138146.0,356375.82,356375.82,356375.82,3362,875,176.0,30.073338028971353,86.3,1806,3.3,0.0,0,0,1.0,6,10,0
9StoqCkySiJVGYjvQ3A1xbU4HU9LeDrM2VJUNDzGpump,1787030120.4002817,dc9feb99555b02e7c263ddd5a6f61d9d3c0fa4c2,GON,B,pumpswap,True,5,3.836e-05,13313.99,38365.0,38365.0,230172.28,230172.28,230172.28,4993,3553,19.02,34.156671362304685,80.8,2494,6.9,0.0,0,1,12.0,110,13,3
Drac2HBT8Fxt9SauZj8yVWUUyZbE5gZ9fNzXqL8Kpump,1787030120.4002817,dc9feb99555b02e7c263ddd5a6f61d9d3c0fa4c2,Gorikun,B,pumpswap,True,5,0.0001002,22519.88,100273.0,100273.0,361121.43,361121.43,361121.43,4184,3865,184.0,52.45667136230469,75.4,2493,14.5,0.0,0,0,1.0,45,0,2
7yqbQhuc9jVMA1XzHbN6awy6cjfUon7ZeTvNLJDvpump,1787032153.894153,4d8e3b4fd8175d4d04d8d6fa0c3be546d2c14ad4,KOTON,B,pumpswap,True,4,0.0003116,40272.51,311677.0,311677.0,307546.38,307546.38,307546.38,5501,2285,671.0,45.3315692179362,63.8,2396,11.5,0.0,0,0,1.0,27,2,0
CrKbbxStdbYKZBDaqDjJdAdM6TCkUvX4A7DHJ2NRpump,1787032153.894153,4d8e3b4fd8175d4d04d8d6fa0c3be546d2c14ad4,SHOBON,B,pumpswap,True,7,4.248e-05,13769.86,42485.0,42485.0,31613.03,31613.03,31613.03,410,384,39.19,2.7149025512695313,24.9,556,22.6,0.0,0,0,1.0,147,21,9
c9tnt7JsbiDG931okPZbRu6WUsB5nDqzL5BpbnQpump,1787036954.1218987,6dfa5b8363c3b1b141fc8caea1583e28d99346ec,BULLSEY,B,pumpswap,True,2,0.0002089,33249.46,208949.0,208949.0,400441.79,502961.64,502961.64,5677,1185,60.13,67.10203164469401,86.0,3339,3.0,0.0,0,0,1.0,19,14,0
EP5k7WwMYXPNzkAEc8wtUm2imx3sg3NDRNxyt9Ktpump,1787039835.4110024,a61fa1c6b741940882ffd8c62078c8544f7f8813,Quantdev,B,pumpswap,True,5,8.336e-05,21006.73,80315.0,80315.0,550412.18,661110.68,661110.68,24554,17959,129.0,78.05685004069011,76.5,3488,17.6,0.0,0,0,1.0,594,31,36
HKMK9zw7uCV2D24mpnmdR5491nCyrWBGhUuTQEVZpump,1787039835.4110024,a61fa1c6b741940882ffd8c62078c8544f7f8813,Bull500,B,pumpswap,True,3,0.0002546,36729.82,254671.0,254671.0,440168.74,440168.74,440168.74,9073,2676,296.0,44.856850040690105,77.2,3351,2.5,0.0,0,0,1.0,38,0,0
EJfr9PcxxAntozmGDbifiTN8ZMoMjTqiQspwEowFpump,1787049550.005668,75f4a3b6804490fe5d14a723ca6cec482585add8,BULLMAN,B,pumpswap,True,7,7.415e-05,18755.86,74104.0,74104.0,98237.35,98237.35,98237.35,8634,5350,91.04,35.0167611328125,51.5,549,13.9,0.0,0,0,1.0,59,19,0
GoY3hMdiVf2QkqkLTYLPnXRrV1HXsLjy8GJeNGjPpump,1787051431.2738588,d7191fe7b6661a80883c84e917b59dce2bc21370,Flip,B,pumpswap,True,6,2.627e-05,10601.48,26273.0,26273.0,89318.76,89318.76,89318.76,1562,878,-16.65,34.78789764811198,70.6,824,28.4,0.0,0,0,1.0,79,13,7
7ZzvPcgJGc5PMKPsMm8yjyPq2wkY7YtEmT51Qtygpump,1787053498.3277526,1707c4d04b402af64c8943840982cfdf5234c418,ZBULL,B,pumpswap,True,3,0.0001751,30139.5,175172.0,175172.0,358712.39,358712.39,358712.39,7233,2188,173.0,35.27212921142578,79.6,2882,4.3,0.0,0,0,1.0,33,0,0
DLYQBXkRo43Ct96fd9Cr7y5tZP5yQKUBLMTZU92epump,1787053498.3277526,1707c4d04b402af64c8943840982cfdf5234c418,67coin,B,pumpswap,True,6,0.0006065,61288.55,606569.0,606569.0,2053993.54,2053993.54,2053993.54,13334,13434,1823.0,18.88879587809245,73.3,4687,18.0,1.2,6,0,1.0,1000,39,62
5jifcyrUEQUkGTnrhPLfL8xUdazZzcALJGDPMenXpump,1787058756.9014425,5ea4443e667aaf28a8745a9290b05b6e269e0845,MINDV,B,pumpswap,True,2,0.0002456,35911.27,245588.0,245588.0,464374.19,464374.19,464374.19,4694,786,271.0,49.798357377115885,82.1,2961,2.9,0.0,0,0,1.0,14,11,0
DW1Za6dt2HcgXVYMu9ZKe8CP6A3ip4TbbBWuCR9bpump,1787058756.9014425,5ea4443e667aaf28a8745a9290b05b6e269e0845,69coin,B,pumpswap,True,6,0.0001234,24634.65,123418.0,123418.0,109936.62,109936.62,109936.62,1586,1165,309.0,15.981690710449218,54.6,999,19.5,0.0,0,1,1.0,85,35,3
HbvQTX1SHkktEP25fqUFijwMBLEgtmc918C8ShgCpump,1787058756.9014425,5ea4443e667aaf28a8745a9290b05b6e269e0845,MOONBULL,B,pumpswap,True,3,9.839e-05,22162.01,98393.0,98393.0,309263.12,309263.12,309263.12,5727,881,57.08,57.081690710449216,93.6,4836,2.8,0.0,0,0,1.0,6,0,0
4Y9Red7dLgEMHzBi1nTGko7ub4irPFFKxtSfs6aepump,1787061604.6981177,48ea16a4e7153259d8ed73ed1d1e4a100ccbb054,BULLS,B,pumpswap,True,2,0.0002813,38475.85,281305.0,281305.0,407268.95,407268.95,407268.95,5109,1929,325.0,54.794968627929684,71.3,2609,5.9,0.0,0,0,1.0,22,3,0
5gkuTAKAskEhhc1D6ACtF6mmstfCg2Ldm5qT4C84pump,1787061604.6981177,48ea16a4e7153259d8ed73ed1d1e4a100ccbb054,ANSEMSZN,B,pumpswap,True,4,0.0001199,24757.6,118952.0,118952.0,242427.15,374439.92,374439.92,4621,3883,15.92,78.59496862792969,80.0,1255,4.7,0.0,0,0,1.0,16,6,0
CR9vFRAbC6m3enGP7bTtoqEE12zetkwHbkFg95Dvpump,1787061604.6981177,48ea16a4e7153259d8ed73ed1d1e4a100ccbb054,Z67,B,pumpswap,True,2,0.0001625,28853.72,162576.0,162576.0,297502.82,297502.82,297502.82,6280,1607,153.0,31.278301961263022,78.8,3117,3.7,0.0,0,0,1.0,72,15,0
HJvNXZ64yZeB2aZWyFEP7D35W8eRLfLDcbfUKRyHpump,1787061604.6981177,48ea16a4e7153259d8ed73ed1d1e4a100ccbb054,CASHAPP,B,pumpswap,True,5,0.00018,32795.61,180000.0,180000.0,1310593.26,1310593.26,1310593.26,14058,13262,495.0,28.028301961263022,75.1,5089,14.6,0.9,4,0,1.0,1000,82,63
7XrokXKTBJQahMyNWKMW6VxRxTTSUxaGLoNAqEETpump,1787064267.9491794,3cba2075ba4f3afe92922863ab54121ee5bc20f3,EYE,B,pumpswap,True,5,7.672e-05,19255.13,74707.0,74707.0,18288.53,97895.92,97895.92,952,162,56.61,77.532486324056,53.3,223,12.2,0.0,0,0,29.0,14,23,0
8HWzVHr3vYVAKohiKw9GEQw5Ntg42ccdMrxgmPYkpump,1787064267.9491794,3cba2075ba4f3afe92922863ab54121ee5bc20f3,67BULL,B,pumpswap,True,2,0.0003544,43846.69,351225.0,351225.0,291267.42,510628.81,510628.81,5374,695,117.0,83.66581965738932,78.1,3866,4.9,0.0,0,0,1.0,12,0,0
GepVkouMVapm62pd5KzC5pxVh7j451n9jQJtEZjTpump,1787064267.9491794,3cba2075ba4f3afe92922863ab54121ee5bc20f3,67BULL,B,pumpswap,True,2,0.0001569,28411.93,156848.0,156848.0,286021.14,286021.14,286021.14,5446,738,151.0,40.69915299072266,82.5,4838,2.6,0.0,0,0,1.0,10,12,0
HsmX84Jkz51Seb8yMsR7Yfnbd795qv8Wmah4kiZ6pump,1787064267.9491794,3cba2075ba4f3afe92922863ab54121ee5bc20f3,MINDVIRUSES,B,pumpswap,True,3,0.0004084,47182.18,403991.0,403991.0,248899.36,542362.33,542362.33,6113,3687,97.37,92.782486324056,66.7,3150,4.4,0.0,0,0,1.0,26,16,0
UxbEbJpwXnBo6WbPTQa9qyrjhbeQ6Jidjs1XRm2pump,1787064267.9491794,3cba2075ba4f3afe92922863ab54121ee5bc20f3,NICE,B,pumpswap,True,1,0.0004659,52440.89,460585.0,460585.0,288655.69,1627387.71,1627387.71,2074,1833,-30.25,341.532486324056,76.5,4200,12.6,0.0,0,0,1.0,55,2,3
GZLNaWXkrikpxA5Kcu8tRc1fM2N5h9zaBToCWQs1pump,1787066131.3912983,91af3f78bfcefd43b44689d770c62be7f1c92ec9,67Virus,B,pumpswap,True,1,0.0001762,31120.39,174249.0,174249.0,294584.82,858668.15,858668.15,3968,923,-43.12,110.40652163899739,91.2,4701,3.3,0.0,0,0,1.0,19,2,0
CcWVFqrwzkEdHH1YpfZRjkdbKrxYQbU9BRqeC6ZGpump,1787068222.180281,6890d53094e76bb5cf11002e4aa46ec9fd573aac,ANSEMIUS,B,pumpswap,True,9,3.75e-05,12958.22,37504.0,37504.0,44932.8,44932.8,44932.8,802,598,18.55,51.719671350097656,49.0,716,23.4,2.1,6,0,1.0,115,28,1
Gc5hxBYZjxWNpt3B8XYbp4YoGCHSMfrJK7ex4GUTpump,1787071944.9010315,7ee0a4f042f8617a3865732b2772401ba2741bc8,Lenny,B,pumpswap,True,3,0.0003058,58542.14,294050.0,294050.0,136655.14,219837.96,222016.65,1007,759,167.0,537648.148350525,37.7,6961,24.3,0.0,0,0,1.0,668,0,54
4Xg9qDuEP1vMEwqMr2yWo92Yn9a7xZu5BNQBbXVfpump,1787074593.6022575,8f2409e1dafd25a082e1371283d8ea47fb0f8a6c,NEWBIE,B,pumpswap,True,7,3.238e-05,11931.95,32380.0,32380.0,29437.06,29437.06,29437.06,652,490,2.13,36.52670429280599,43.8,657,25.6,0.0,0,0,1.0,73,14,4
CDfPCmvmU6WkfAKqDhRZkv8bVHLW2FUpZCzbqa1cpump,1787074593.6022575,8f2409e1dafd25a082e1371283d8ea47fb0f8a6c,HOPPY,B,pumpswap,True,7,3.899e-05,13266.67,38997.0,38997.0,39848.24,54270.57,54270.57,1156,513,-33.81,60.91003762613932,61.0,926,23.4,0.0,0,0,1.0,70,27,4
87cRLJX67bTkHb19uKJQF2defWfLRKnr1qDLQd7jpump,1787075939.2760746,3a683146600f5af6c61d019f1d29e9e80824c92e,MEEMERS,B,pumpswap,True,7,4.396e-05,14157.94,43949.0,43949.0,56608.91,56608.91,56608.91,1044,921,38.96,32.571267911783856,45.9,683,27.4,0.0,0,0,1.0,122,25,4
9xmd52vTQomtntt87cRTZuJjQk9GWsmuMMk3ezpNpump,1787080686.6818438,5a9d47c7bf0bcd444b5eaab883dcf94eab150ea3,Zer0,B,pumpswap,True,8,4.106e-05,13715.79,41065.0,41065.0,98535.82,98535.82,98535.82,1164,1207,29.07,17.778030729166666,60.2,780,22.2,0.0,0,0,1.0,130,39,11
FqBzU27KvwRKki7ZLzVMBgtKaVjdE64nfEkL1An1pump,1787082273.9605763,d2042732951efc829a91ef86c224638ed9ffc490,ZBULL,B,pumpswap,True,3,0.0001184,24662.19,118488.0,118488.0,309174.43,309174.43,309174.43,4934,1022,127.0,34.03267627360026,87.9,3207,3.5,0.0,0,0,1.0,11,1,0
PeBVYRsRQZAiUoSnBXXhX5E9HUgBZyDURWrerYcYgiz,1787082273.9605763,d2042732951efc829a91ef86c224638ed9ffc490,agostino,B,pumpswap,True,5,0.0001713,30243.5,165301.0,165301.0,188951.58,370694.24,370694.24,1814,1547,228.0,84.68267627360026,64.9,1643,24.3,0.0,0,0,1.0,284,14,31
6LAVYbytESPF1FMBD8zaCyg9s4vRbcfhhwPN5P3Rpump,1787089940.5022898,cacc9b8f6c04b1d924792f4ed6e77167483a9394,FRANK,B,pumpswap,True,6,3.063e-05,11570.08,30635.0,30635.0,69578.82,69578.82,69578.82,747,842,-3.17,8.291704829915364,47.9,708,17.9,0.0,0,0,1.0,118,18,6
EZA5ncFF3XtYYpzFYyxcXjLPovJoxkQbFfDGSRQxpump,1787095835.9953809,90260f402c9a1f3346d7714c5a3e1b1ec24d6245,AXIUS,B,pumpswap,True,2,0.0002768,38551.43,276872.0,276872.0,410185.43,508311.46,508311.46,6047,2128,94.28,68.04992301432291,76.5,4295,3.9,0.0,0,0,1.0,14,5,0
7g2xyrq9Fk1TvFiqqcmLJAQ9jAtfHobmrdzzM9Dp2SpV,1787105089.5867617,b8709220fd1a946dfc5b9c434de8a018aa957d0c,CLUG,B,pumpswap,True,6,0.0008953,80933.05,895327.0,895327.0,5545661.34,5545661.34,5545661.34,35506,33727,2709.0,28.526446028645832,75.5,12428,13.3,1.3,8,0,1.0,1000,57,93
DPmxFPHYvwyGLWDK6iu9EiDs1yCZR35TisCz4Lygpump,1787105089.5867617,b8709220fd1a946dfc5b9c434de8a018aa957d0c,PALON,B,pumpswap,True,5,0.0001801,30957.9,180142.0,180142.0,409897.37,409897.37,409897.37,2079,1479,465.0,23.3431126953125,67.9,897,15.1,0.0,0,0,1.0,73,16,3
593nS9yVmVHr3xN9REetTDSqfGNJggTsoQUVU4ympump,1787108855.4961677,f19b8ecada64218fbefa24ef8afb3d60d0bd869a,@ansem,B,pumpswap,True,6,6.612e-05,17967.3,66130.0,66130.0,204423.96,204423.96,204423.96,3430,2306,109.0,33.12493612874349,74.9,1546,23.9,0.0,0,0,1.0,115,19,11
6hosezP1x4Ng4zgYZtDFx58e6VBnFmnQ4ojyX32wpump,1787108855.4961677,f19b8ecada64218fbefa24ef8afb3d60d0bd869a,CYBERTRUMP,B,pumpswap,True,2,0.000293,39659.69,291021.0,291021.0,307832.07,607984.18,607984.18,5840,987,-2.37,89.54160279541016,83.9,3500,3.1,0.0,0,0,1.0,18,0,0
HeXxaXU7jZS5LWjgCGSjSFjFPyzTkMkaJ4jHirzApump,1787108855.4961677,f19b8ecada64218fbefa24ef8afb3d60d0bd869a,BULLUG,B,pumpswap,True,2,0.0002354,35149.59,235415.0,235415.0,362835.74,362835.74,362835.74,4161,633,249.0,44.091602795410154,78.1,2195,5.5,0.0,0,0,1.0,22,0,0
FJBWgfc8wdEeUc2n7BN9EcmEJQUauvvpp9ZXvmF2pump,1787112196.3907773,5f8116bc90b4533a59f57f017e2f579b47ee82ef,SOLUG,B,pumpswap,True,2,0.0001364,26411.16,136407.0,136407.0,261093.21,261093.21,261093.21,3579,813,153.0,31.9898462890625,79.8,2160,5.2,0.0,0,0,1.0,25,17,0
Fw9LotRCnRPR5KWGD1GKuU6Y93E4xA8ngDds4S3Gpump,1787114828.418448,51f37fd0622100578f9124f05eda18a9c618c131,ANSEMUG,B,pumpswap,True,2,0.0002589,37081.7,258939.0,258939.0,458817.24,458817.24,458817.24,5538,1459,277.0,47.47364079996745,77.3,3304,5.5,0.0,0,0,1.0,14,10,0
CKSfQyGQAHtXPm6EYvguGb9Kd5gt73utYASdabQ9pump,1787116553.1047928,e60b79c6e07b123d11f5d3906daddf5248083bf5,KEYCAT,B,pumpswap,True,2,0.0001671,29285.22,167142.0,167142.0,223526.67,223526.67,223526.67,4452,886,158.0,17.018413212076823,75.4,2758,3.6,0.0,0,0,1.0,35,9,0
33gmnQQ8PFhF8qJTqEHNZMxydYQe25oDPRuQrMaipump,1787120347.718101,9ee8c9a9888d13b139e88d00b4c961e0b1dcde7d,stonkify,B,pumpswap,True,7,0.0001225,24817.81,122509.0,122509.0,173477.31,173477.31,173477.31,2338,2027,293.0,31.91196835123698,56.4,1351,24.5,0.0,0,0,1.0,230,22,12
2NjuvDtoj4HqSNGqMYBs4wBotq1e92gyHCCyEPKZpump,1787123435.5025785,eba0fb943d263b3e775e630623c6c20805780466,ANSEMSHIT,B,pumpswap,True,5,0.0004009,46483.11,400998.0,400998.0,239513.47,369423.47,369423.47,7359,2581,335.0,68.92504297688802,67.6,3159,3.3,0.7,5,0,1.0,37,5,0
768m4oL2PSpL832KQ7LBGDJGTLMvWQB2GETYRHM2pump,1787123435.5025785,eba0fb943d263b3e775e630623c6c20805780466,BUTTBULL,B,pumpswap,True,3,5.773e-05,16940.4,57736.0,57736.0,374658.67,397920.26,397920.26,8476,1800,-51.78,62.04170964355469,91.6,3715,3.8,0.0,0,0,1.0,48,1,0
EaaHExWS9Yiq5zDdm8fQ1Y5cXHg851PEExMxWNJPpump,1787123435.5025785,eba0fb943d263b3e775e630623c6c20805780466,BASILISK,B,pumpswap,True,7,3.761e-05,13076.3,37617.0,37617.0,93063.38,93063.38,93063.38,1256,945,17.4,11.42504297688802,56.9,846,20.2,0.0,0,1,1.0,115,25,6
3uuWyPHJhtGdeWKYWJLAtjv6J8Z2WSw3mnFpugU6pump,1787133196.7340665,c5dfc63354062647307e95e80660f92c0e291d03,Norman,B,pumpswap,True,2,0.0001472,27674.52,147262.0,147262.0,350537.12,350537.12,350537.12,6203,925,132.0,50.4955677734375,87.9,5200,2.0,0.0,0,0,1.0,6,8,0
FtateF34Xzawa91bpbVNdX72hZYo9cymRDYqBreHHbJi,1787133196.7340665,c5dfc63354062647307e95e80660f92c0e291d03,PANTS,B,pumpswap,True,5,0.0003779,44245.86,377941.0,377941.0,110453.3,110453.3,110453.3,927,729,1076.0,24.612234440104167,41.4,635,12.8,0.0,0,0,1.0,73,15,4
3gSWWRmnu27Rj4agNjPUMqoXq2SmUZ3UWo8QW4Gwpump,1787135920.3884556,b94fa480329bd96eb3ffd5b0609d3bf63dfbd4e6,Mogster,B,pumpswap,True,6,3.517e-05,12502.18,35170.0,35170.0,26100.85,37496.42,37496.42,353,288,33.65,70.92314092610677,41.3,529,25.8,0.0,0,0,1.0,117,18,11
DhvuLLW5ZMvvKVGVA9ZvUtwfJ24oVEaC5Q9opZWK7A8V,1787135920.3884556,b94fa480329bd96eb3ffd5b0609d3bf63dfbd4e6,Bullpad,B,pumpswap,True,3,0.0002438,37411.93,219282.0,219282.0,224412.21,771815.15,771815.15,2344,1848,190.0,173.5564742594401,74.0,3175,22.4,0.0,0,0,1.0,400,30,33
6BUHtXAd9Ahj3D3Rgng8Cht8EpAqihc5qimKVoVxpump,1787139852.5330467,505908fe126a0b4994c16c558fd665c2bc54b60d,Bull Coin,B,pumpswap,True,2,0.0001618,28904.64,161821.0,161821.0,227237.74,227237.74,227237.74,5409,1057,162.0,22.92555077718099,76.0,3105,4.1,0.0,0,0,1.0,44,13,0
7XWZDMVv5oSFVuVky9w6yy7aPHQcRfcAenvpjxPCpump,1787139852.5330467,505908fe126a0b4994c16c558fd665c2bc54b60d,BULLZ,B,pumpswap,True,2,0.0001889,31500.51,188964.0,188964.0,384172.39,384172.39,384172.39,4365,629,181.0,32.27555077718099,84.3,2493,2.7,0.0,0,0,1.0,10,0,0
FtXH4AAgR8KMBR8zDfTfHnYdSStw2Am3iwq8TpoHpump,1787141654.6868396,9cf23f4efa92f55488ab88bdd83cf01b3e0b8712,Intismeran,B,pumpswap,True,7,0.001136,85401.97,1136194.0,1136194.0,2744657.2,2744657.2,2744657.2,13395,15663,3411.0,14.228113993326822,61.2,5201,13.5,4.8,8,0,1.0,1000,23,75
Gy9uok5JPaHfqVYqSQ5j4VHw8Ud53NCu9kVn2HdApump,1787141654.6868396,9cf23f4efa92f55488ab88bdd83cf01b3e0b8712,TESTIBULL,B,pumpswap,True,3,0.0001092,23584.74,109241.0,109241.0,236932.95,236932.95,236932.95,4391,724,76.98,28.311447326660158,85.0,2406,2.7,0.0,0,0,1.0,68,0,0
12MtVBUwd628NCNK811KPep7KfGTdY8bcW9xQL6bpump,1787145225.2778137,1a60df0b527a2685024dfa185ca8e19b5406d92a,BERTBAG,B,pumpswap,True,2,0.0002069,33324.93,206975.0,206975.0,358265.53,358265.53,358265.53,2427,1583,201.0,52.20463022867838,70.2,1751,3.6,0.0,0,0,1.0,28,15,0
8KZhSTCKSLLMuBRAZDT4FohNmBBhdSS1aJT6DfrQpump,1787145225.2778137,1a60df0b527a2685024dfa185ca8e19b5406d92a,FISHBONE,B,pumpswap,True,2,0.0002482,39648.92,240422.0,240422.0,1042355.61,1498448.75,1498448.75,3651,2959,155.0,132.02129689534505,76.3,1036,15.4,0.0,0,1,1.0,149,22,6
2UKkazisyXfWUyLT4eqCgvEV6KNaxqwkHU49htQppump,1787148031.6076052,8d6faa870df29c7d5bfd892e0b5ec11e0d6ed142,ANSEMBULL,B,pumpswap,True,1,0.0002553,37190.78,252930.0,252930.0,281047.88,418794.14,418794.14,4969,1153,78.71,98.64346008707682,78.3,2772,1.9,0.0,0,0,1.0,6,0,0
5TrT61zqFxPHugukVD8Ce6TimgaHT5Sdqz4zfenfpump,1787148031.6076052,8d6faa870df29c7d5bfd892e0b5ec11e0d6ed142,KEYTRUDA,B,pumpswap,True,2,0.0002187,34019.89,218769.0,218769.0,257591.86,257591.86,257591.86,2744,418,221.0,30.91012675374349,74.5,2098,5.4,0.0,0,0,1.0,9,0,0
7M5k3bTN8kJj3eU5CEoL8p12nKFXSFewkdGi4kxKpump,1787148031.6076052,8d6faa870df29c7d5bfd892e0b5ec11e0d6ed142,VACCINE,B,pumpswap,True,2,0.0001635,29254.63,163573.0,163573.0,240072.18,240072.18,240072.18,6110,1246,161.0,27.876793420410156,76.6,3162,3.6,0.0,0,0,1.0,34,0,0
HJzs7y2zwBXXjvXjS1zzj56PJ1GvVUmca1mDMr1spump,1787148031.6076052,8d6faa870df29c7d5bfd892e0b5ec11e0d6ed142,Rosie,B,pumpswap,True,5,9.741e-05,22353.52,97398.0,97398.0,336290.42,336290.42,336290.42,4355,3406,25.82,51.81012675374349,75.6,801,5.0,0.0,0,0,1.0,24,13,1
4orXPB8QqxBaWCo5LKaQFmFwj8gpTSZocoqZMCYppump,1787150719.7922673,29708529ac3e16a2ec9fc28f1b6b7459861b820b,CYBERBULL,B,pumpswap,True,2,0.0004229,48524.62,418567.0,418567.0,304001.43,460758.99,460758.99,7909,1397,203.0,80.34653778889974,74.2,7555,2.2,0.0,0,0,1.0,23,10,0
4uuxPfEdy2ZHhgux9zrRHtsbVx9yrnDrtLLAPWhmdKSE,1787150719.7922673,29708529ac3e16a2ec9fc28f1b6b7459861b820b,FARTBULL,B,pumpswap,True,6,9.964e-05,22393.53,99461.0,99461.0,105862.11,105862.11,105862.11,1624,1208,208.0,17.27987112223307,55.0,1300,22.8,0.0,0,0,1.0,209,20,13
BT3X6i8JzQQDLgKDqQsHp5wPtSRN3as5VzYpnVEJpump,1787152496.2818508,e7af9342a2b4623a5861a713d2eeccc9a82e41eb,NUBBUMP,B,pumpswap,True,3,0.0001274,26403.91,127479.0,127479.0,419604.28,419604.28,419604.28,2543,1230,82.75,39.5213641805013,86.1,1129,2.4,0.0,0,0,1.0,36,3,0
HJEJGoEgsM7cE4nNv5YTY6t4Wb3PdcwE3NVkP6uVpump,1787152496.2818508,e7af9342a2b4623a5861a713d2eeccc9a82e41eb,MOOT,B,pumpswap,True,6,8.925e-05,21310.62,89257.0,89257.0,73020.82,73020.82,73020.82,4776,3307,120.0,21.68803084716797,45.9,582,14.5,0.0,0,0,1.0,40,10,4
3EV3TUbdLZ2KbiMHvGDFbRkCkgiRcvptFRw4TWSipump,1787154610.7651067,30d3aa58293148fbb4ad8eb3bcb17dcfc0da32b3,GIAC,B,pumpswap,True,5,8.296e-05,20563.69,82965.0,82965.0,43447.47,55092.51,55092.51,295,235,81.44,68.52941844482422,40.8,501,14.9,0.0,0,0,1.0,97,23,5
3YVwekptG83VNCGNB2mWRVmnNAzsxyUqMU5TBR6xpump,1787154610.7651067,30d3aa58293148fbb4ad8eb3bcb17dcfc0da32b3,Lloyd,B,pumpswap,True,3,0.00013,26832.74,126541.0,126541.0,54810.24,371321.8,371321.8,587,492,-22.72,232.1460851114909,72.9,1715,21.8,5.7,4,0,1.0,286,23,28
FitRPV7tdpqhXjXaGjsKzy6oGLK8oBnnibH96Smbpump,1787156079.4367626,12e6c4a1b5b1067e83b9549c2d763d278f7af42a,Jabulani,B,pumpswap,True,2,0.0001654,30274.95,165409.0,165409.0,462098.88,462098.88,462098.88,6026,1112,149.0,51.07394604085287,90.4,3234,3.4,0.0,0,0,1.0,10,9,0
5rJthJB5JZwDvk57je7kod1wkQ7oQgoski9XH2PXpump,1787158263.6783066,6b43d5918846574667b7afed647504378186220c,ALIVE,B,pumpswap,True,6,7.678e-05,19858.58,76736.0,76736.0,131160.03,131160.03,131160.03,4482,539,61.36,43.67797177734375,62.9,402,13.2,0.0,0,0,1.0,18,21,6
CP8GU8E6A6BFhvxmroVfoTBoTZhkzA13GPPq9a9mpump,1787159630.6408076,c9e41c0001959b4c537d8477c1e399a34d02e7ca,TRUMPBULL,B,pumpswap,True,2,0.0001184,25296.25,118409.0,118409.0,342468.38,342468.38,342468.38,7539,1507,81.51,52.82734679361979,90.8,3088,3.9,0.0,0,0,1.0,67,0,0
DZkFZtKNdyrkKx42eHWp2biM8HkzxDVsVuKFoTjjpump,1787161482.513197,188d8dfe6950c5fed8cc6f97b76a514d2f78db07,BULLFART,B,pumpswap,True,2,0.0001491,28438.58,149083.0,149083.0,325485.88,325485.88,325485.88,5352,1039,161.0,38.17521995035807,81.0,3430,11.7,0.0,0,1,1.0,36,1,4
EGWY6RWw5RhEAihJsExpmMDd2GhCJmeCWC1HUBEnpump,1787161482.513197,188d8dfe6950c5fed8cc6f97b76a514d2f78db07,PUMP,B,pumpswap,True,6,2.322e-05,10102.52,23187.0,23187.0,24105.05,24105.05,24105.05,414,446,-32.41,53.42521995035807,43.2,562,16.5,0.0,0,0,29.0,111,18,3
Hzo9meSRYtgeF87zLsv9LcdmQaqYxWamxQ1Tmycmpump,1787161482.513197,188d8dfe6950c5fed8cc6f97b76a514d2f78db07,SCOTT BESSENT,B,pumpswap,True,2,0.0003841,46798.55,384069.0,384069.0,552406.86,552406.86,552406.86,6094,974,441.0,48.658553283691404,77.8,2970,2.9,0.0,0,0,1.0,6,0,0
CuoAS9ipyuysr5bP1iZvA9sXNmvhk3pLHgu2SBx8pump,1787162607.9247973,29bf4fcc43d51fc741d0e946f7e83cda6961e45c,SNIPYCAT,B,pumpswap,True,2,0.0001429,27820.87,142874.0,142874.0,269751.55,269751.55,269751.55,6698,1391,121.0,31.648746622721355,80.9,3790,2.9,0.0,0,0,1.0,35,0,0
AKBHvAqoojLaw995SatYBcpV2hebtSaSDUDBMAfLpump,1787165351.8529127,c09b7c2a72d00ebb0d2105f69943fb3f80d6d1b1,CryptoHouse,B,pumpswap,True,2,0.000184,32007.8,184070.0,184070.0,402972.78,402972.78,402972.78,5822,1167,153.0,52.064215209960935,83.6,4197,4.4,0.0,0,0,1.0,6,1,0
C65gw5k88heBcebgtvDwztk1wS1Luo4Zg7pu7oFnpump,1787165351.8529127,c09b7c2a72d00ebb0d2105f69943fb3f80d6d1b1,PANICL8R,B,pumpswap,True,2,0.0003298,43801.42,326918.0,326918.0,437165.37,608597.58,608597.58,4051,2036,68.0,71.39754854329428,73.5,3115,4.7,0.0,0,0,1.0,32,1,0
3rKTe7vKhupBCPbcNzChy2MTMvZ3NAq15DmYrqHGpump,1787166814.5560021,5b3bf74805f396ab717b67f899c1e2b0fe195719,RCA,B,pumpswap,True,7,5.432e-05,16429.49,54330.0,54330.0,70576.01,70576.01,70576.01,590,613,58.86,41.25926670328776,46.7,662,21.0,0.0,0,0,1.0,119,0,8
DVb7fW75D3QnZDU2TR5QadF8GQ8aT5RQ5XjXwGuupump,1787166814.5560021,5b3bf74805f396ab717b67f899c1e2b0fe195719,TrumpWorld,B,pumpswap,True,5,0.000255,37857.08,255099.0,255099.0,307985.64,307985.64,307985.64,3857,850,652.0,18.70926670328776,70.1,897,5.8,0.0,0,0,1.0,263,13,1
GGXbEk3fVV1rBDt28YbJwVPh6VXaD5rPpGYXULYPpump,1787166814.5560021,5b3bf74805f396ab717b67f899c1e2b0fe195719,mRNA4157,B,pumpswap,True,2,0.0001971,33150.34,197107.0,197107.0,353016.48,353016.48,353016.48,3858,982,248.0,29.192600036621094,76.7,2441,8.3,0.0,0,0,1.0,14,2,2
3bLw2fp44SGrAp19XAtaLmutCksRDRDvjLyTbWD7iEqV,1787169797.9135551,3649343795aeb90ab53871e14192e5526bd9ff42,TROOPET,B,pumpswap,True,5,0.0009579,83126.14,957930.0,957930.0,3556057.82,3556057.82,3556057.82,21157,19016,2728.0,51.798559252929685,75.7,7188,14.4,2.4,4,0,1.0,1000,67,116
8WB6TuGytm5Q7YfSfD1LPzeQYV2LnTqgC5ASxnJZpump,1787173873.6970425,cb23312e4663c292d5f1c17ea0a47802ec02664b,BULLCUM,B,pumpswap,True,3,0.0001099,24786.43,109992.0,109992.0,211204.74,211204.74,211204.74,2859,744,101.0,23.178284041341147,78.0,1921,7.8,0.0,0,0,1.0,33,5,0
D19eh8TdZJpMFKpW43wUSW8iFa4dVBFyatbNecaCpump,1787173873.6970425,cb23312e4663c292d5f1c17ea0a47802ec02664b,BIGMYRO,B,pumpswap,True,3,0.0006077,60817.35,607735.0,607735.0,447828.57,447828.57,447828.57,3890,1299,731.0,52.82828404134115,65.8,2856,4.2,0.0,0,0,1.0,44,6,0
EkcTa8n14fXcHdfvZqCg72cTCutJnnKb19vcHwKTpump,1787173873.6970425,cb23312e4663c292d5f1c17ea0a47802ec02664b,Qenis,B,pumpswap,True,2,0.002405,160399.51,2319200.0,2319200.0,24227.11,142966.65,764930.19,131,115,10.15,9737.194950708008,35.5,14471,15.0,0.0,0,0,1.0,1000,67,116
GSLmRmE2tTQzQaswiJQST9WdGYj3V3kLbKFaa9xzpump,1787173873.6970425,cb23312e4663c292d5f1c17ea0a47802ec02664b,$PUDDLE,B,pumpswap,True,6,0.0001768,31891.48,176815.0,176815.0,217896.46,217896.46,217896.46,4016,885,357.0,18.728284041341144,67.0,767,6.2,0.0,0,0,1.0,259,11,0
9m5nwkpKjyv8SRY7M1cTVCbMVv38j97YQqS4iwtvpump,1787177258.117717,95ff52d8ffbec80a0b68a13a7473b13087fe1254,tBTC,B,pumpswap,True,2,0.0001846,32684.64,184612.0,184612.0,311101.55,311101.55,311101.55,3715,604,145.0,44.23529528401693,80.0,2598,3.3,0.0,0,0,29.0,16,0,0
B2LzKgXFkDCEnoNcfsAyFEgZWCehYvQMi1u5SgDtpump,1787177258.117717,95ff52d8ffbec80a0b68a13a7473b13087fe1254,hyperworld,B,pumpswap,True,7,0.0002083,34844.8,193174.0,193174.0,313729.1,341943.7,341943.7,3711,2310,1281.0,73.1519619506836,64.3,1934,21.4,6.9,4,0,1.0,235,10,18
HHkd676UQiyNVXVFwYwQtBa6w3VbWUKmbYbZXqEjpump,1787179520.4131892,d6abf0b9cda93d5e0f93b02763d9f46f0d35c826,OnlyPump,B,pumpswap,True,4,7.405e-05,20055.84,74054.0,74054.0,262192.71,262192.71,262192.71,7163,1535,32.14,39.973553153483074,91.6,2178,3.7,0.0,0,0,1.0,10,2,0
Ehjqf14dNJnigNCNqQ2mcFa842k73L9HKVxXKHq5pump,1787180941.7840776,8f9609af0a0f37e0b0c9c7481dd23a5cc9ef1cd1,PUMPTHING,B,pumpswap,True,2,0.0003031,42089.01,303150.0,303150.0,282446.26,282446.26,282446.26,6264,1514,343.0,28.696401293945314,70.3,3054,3.3,0.0,0,0,1.0,23,8,0
4YhFH8GEBqWjfiAfczjf31ngRdQxfSBqc8gfD4YQpump,1787182867.8320072,5fd8c214e8f7a08c111a8951973684b742fe41f8,LION,B,pumpswap,True,2,0.0002426,37923.67,242691.0,242691.0,455722.94,491658.2,491658.2,6380,1512,44.51,62.880533451334635,80.8,4391,4.7,0.0,0,0,1.0,16,1,0
6TpjRqHB5BBZH6gtKdqiHDD8u7noVqS85LhtwxySpump,1787182867.8320072,5fd8c214e8f7a08c111a8951973684b742fe41f8,MRNA,B,pumpswap,True,4,0.0002001,33996.77,200112.0,200112.0,381974.97,381974.97,381974.97,3628,2798,107.0,26.463866784667967,69.9,1527,4.8,0.0,0,0,1.0,10,11,1
FJBaZFtrcZqx5zF4Z8kSL7SGq12ptoh6FqcrUbbhkJJi,1787182867.8320072,5fd8c214e8f7a08c111a8951973684b742fe41f8,BITCAT,B,raydium,True,4,4.158e-05,24118.36,41580.0,41580.0,19941.46,20960.83,21549.65,167,73,93.6,9159.813866784669,21.8,245,23.7,0.0,0,0,7.0,0,2,0
9KbvJ3RitJ8rFDAM6rEVKKJV8Y4sKsawnYJR4QKHpump,1787190367.3911614,768ca1c91d0cc24a0e47093dbe5fc7234dcbece0,BULLTN,B,pumpswap,True,2,0.0002975,42970.91,295182.0,295182.0,452097.14,1068384.16,1068384.16,6162,3824,-40.32,104.48985268961589,83.4,3102,3.4,0.0,0,0,1.0,52,9,0
FRS2TzZZGv4X4kx9a2wiMWyrTBRN9CYDRmp9quUTpump,1787190367.3911614,768ca1c91d0cc24a0e47093dbe5fc7234dcbece0,VENUS,B,pumpswap,True,3,0.0002649,39612.54,264911.0,264911.0,458307.77,577747.28,577747.28,10445,3670,99.09,67.37318602294921,80.8,3791,1.6,0.0,0,0,1.0,67,12,1
47QmsheocjD1gsb3nghrUfPAQy6yBCbErt6wMMDdpump,1787193853.5909324,0e9bd1d67465821acc6fe2923ef68710caf7e603,Gaejuki,B,pumpswap,True,3,0.0001998,33938.19,199899.0,199899.0,348431.24,353431.68,353431.68,10433,2463,101.0,60.47651553955078,78.7,2458,3.5,0.0,0,0,1.0,10,2,0
HiY4qx8j5QuVh5UFnKyFq1DvzzDNgFkgyyhEeDXhpump,1787193853.5909324,0e9bd1d67465821acc6fe2923ef68710caf7e603,KEKODYSSEUS,B,pumpswap,True,6,0.0004608,53458.88,460877.0,460877.0,775141.39,775141.39,775141.39,915,1009,473.0,16.393182206217446,48.9,448,11.1,0.0,0,0,1.0,69,29,8
E9aqL5mdwzJqFpoCaDiutUWJ78CjBRvfVU3vfgXtpump,1787196785.508609,023c6adb4107651b53765b03b16a06275699b80b,PNDNG,B,pumpswap,True,1,0.0005318,58781.22,526608.0,526608.0,255035.38,1722784.32,1722784.32,874,639,-1.38,205.50847681884767,80.7,3495,6.3,0.0,0,0,1.0,62,0,0
DFPx9wF6oikK8drHiY3EukCA4gDBkHPL51SL573tpump,1787199498.4940867,feeb98c7740c1847e03d2c7d85d1a8a539e2974a,QENISBULL,B,pumpswap,True,2,0.0001849,32353.37,184937.0,184937.0,270976.05,270976.05,270976.05,2970,478,161.0,39.75823477783203,77.4,2285,4.5,0.0,0,0,1.0,9,13,1
3uQw7mq6aZWFsVRSY1yn31QKKu6wzX6n7JeWsXnQpump,1787201844.682841,c6a38f36fc1fab170beb9a1341c762c4aeb64130,BULLPISS,B,pumpswap,True,1,0.0002859,41469.21,282049.0,282049.0,429412.88,799138.59,799138.59,3894,1298,-1.07,95.64471401774088,85.6,4756,7.3,0.0,0,0,1.0,26,14,0
5RvzePocfbTfpUitxtrPQkF5yDN6zBKDgAGDzP18pump,1787201844.682841,c6a38f36fc1fab170beb9a1341c762c4aeb64130,BULLCHUA,B,pumpswap,True,2,0.0002008,33927.97,200852.0,200852.0,340137.44,340137.44,340137.44,4565,1104,182.0,55.39471401774089,78.2,3401,2.5,0.0,0,0,1.0,6,12,0
CHVayd2v4ffoGcZiBDpFGrWW3J8haMQXafrArSi5pump,1787201844.682841,c6a38f36fc1fab170beb9a1341c762c4aeb64130,LONGDOG,B,pumpswap,True,2,0.0005598,57982.43,548800.0,548800.0,232820.78,568115.64,568115.64,1144,1046,7.17,109.97804735107422,56.2,2462,13.4,0.0,0,0,1.0,10,7,0
2CUqkRbuiST6yTmV1uZrWmvrRFWQqKFsdSNwZkstpump,1787204355.8850386,ff9480febf441e97a5cc71d46e0c27d07e2a673c,SCALE,B,pumpswap,True,7,4.6e-05,15196.33,46004.0,46004.0,82543.41,82543.41,82543.41,1115,996,35.89,12.381417309570313,48.2,862,23.0,0.0,0,0,1.0,162,23,16
EKSqz65fJNVAnScVuX52EPCT3AvVYZjJCcAHY8C8pump,1787206682.580285,dfde94d7b3aa15b61152f9a82499c79ee65a3bce,Duky,B,pumpswap,True,5,0.0003105,43621.42,310534.0,310534.0,833221.79,833221.79,833221.79,8517,6106,801.0,32.69300475260417,74.4,3351,15.2,0.4,4,0,1.0,752,25,17
GBzKWZ2f1amBwsGGZi2wC6r2Mvz5KyoSJANnWHzBpump,1787206682.580285,dfde94d7b3aa15b61152f9a82499c79ee65a3bce,WORLDSTRT,B,pumpswap,True,5,3.818e-05,13647.93,36575.0,36575.0,10479.36,46821.6,46821.6,226,184,0.26,129.50967141927083,49.4,732,23.4,0.0,0,0,1.0,144,13,11
6zxYs3p2UM2Fa7GWNefSsMxYSq7HZ5b1XbgbU96spump,1787212799.8536978,3dde85d106a843d869c05ffef280a450c66e647b,TRUMPCHUA,B,pumpswap,True,2,0.0001374,27907.05,137487.0,137487.0,244808.59,244808.59,244808.59,2297,541,101.0,28.09756162923177,79.2,1796,2.7,0.0,0,0,1.0,16,1,0
9jSTqaJP2u35CLCuThnW9BTamDqnX5HoYzFwhaJCpump,1787212799.8536978,3dde85d106a843d869c05ffef280a450c66e647b,goober,B,pumpswap,True,4,5.703e-05,17330.8,54760.0,54760.0,44410.53,182813.42,182813.42,563,459,19.25,163.54756162923178,73.6,1440,22.6,0.0,0,0,1.0,239,30,8
EsSBTcudQscyUAA79tFrCLXWGqM4xduHg2Jqim1Lpump,1787212799.8536978,3dde85d106a843d869c05ffef280a450c66e647b,Fwogy,B,pumpswap,True,3,9.423e-05,22759.85,94239.0,94239.0,187174.68,187174.68,187174.68,2561,524,42.18,16.61422829589844,80.6,1284,6.6,0.0,0,1,1.0,14,6,0
897wEhKQtCKXuxxoDA8BH9LWnSpdTKLVzqh1J8xFpump,1787215836.2984974,ccfc0fba736f4ecc4d4c4edede8682a40e4b3548,BULLBALLS,B,pumpswap,True,1,0.0006194,62306.3,617127.0,617127.0,439567.95,755949.11,755949.11,3921,1438,91.27,92.4549749593099,70.7,2201,2.3,0.0,0,0,1.0,16,16,1
cQ1Jye1NiuoC8yvaswdNyfbn7AQn1KdWkAmba65pump,1787219650.9438224,297ee60e8a21280c25ef70ad8170143bfd9f60fb,CHILLBULL,B,pumpswap,True,5,7.243e-05,19604.33,72431.0,72431.0,34001.49,34001.49,34001.49,584,543,61.88,18.399063704427082,36.4,414,11.5,0.0,0,0,1.0,33,18,4
AeEX6gtzfK1d9NbasSV66bx7g1cHoqKRnt43evDzpump,1787222408.6502137,ccbfb3d3c3a369fc63ec4941f12f6564b659f2ee,BULLFART,B,pumpswap,True,3,0.0002403,37776.03,240311.0,240311.0,402269.52,402269.52,402269.52,9124,3427,234.0,57.36083689371745,74.4,2075,3.9,0.0,0,0,1.0,6,16,0
FGhpwjEmgivfXExogNENAHVk8Lm56VKg2TZD4iktpump,1787222408.6502137,ccbfb3d3c3a369fc63ec4941f12f6564b659f2ee,黃阿瑪,B,pumpswap,True,2,0.0002362,37503.63,236209.0,236209.0,429472.91,429472.91,429472.91,5830,1000,230.0,47.42750356038412,81.4,4757,2.3,0.0,0,0,1.0,14,8,0
5ZRKQHDiFVFgKa2cnvTx4dj1JMHmepXJz1BxtSGLpump,1787224324.1563933,82c6e331a386db52280d6e26c7cf1444997a517a,JotchuaTrump,B,pumpswap,True,2,0.0001482,29153.15,148275.0,148275.0,224062.61,224062.61,224062.61,4910,768,120.0,19.519273221842447,78.3,3314,3.8,0.0,0,0,1.0,27,19,0
7M3puYZBZJEFCsbmeMsfTGSkH1Ek36VpKh7dezhhpump,1787224324.1563933,82c6e331a386db52280d6e26c7cf1444997a517a,Nonchalant,B,pumpswap,True,3,9.812e-05,23528.9,98120.0,98120.0,288139.44,288139.44,288139.44,4234,771,37.06,34.93593988850912,92.3,2874,2.5,0.0,0,0,1.0,39,13,0
3is5vKhH667c2nqL6SSMGz2nRY1qd4dFt6zJmt1dpump,1787226409.5562918,06eaef56b1cdb0d7df8239a7bd68062018e848f2,CHRGBULL,B,pumpswap,True,3,0.0003382,45436.7,338277.0,338277.0,459114.25,459114.25,459114.25,2270,1169,543.0,41.84260486246745,68.9,1153,2.8,0.0,0,0,1.0,34,8,0
EMZYjU5e9N5UQmfFJZG4B6wNxp4NTaxXau1UQtxspump,1787226409.5562918,06eaef56b1cdb0d7df8239a7bd68062018e848f2,TOLY,B,pumpswap,True,2,0.0001262,26827.78,126209.0,126209.0,215210.77,215210.77,215210.77,1874,423,76.35,23.475938195800783,74.8,1527,13.0,0.0,0,0,1.0,6,6,0
5FQZH7yHPRinpEyXbp1JewLfFAczB9NZqHGzfnRepump,1787228150.0098743,59668277010fbcd7105eea4bf5a8946c473f4f9c,Cain,B,pumpswap,True,2,0.0002132,35429.94,213255.0,213255.0,338380.2,345740.62,345740.62,4254,686,51.36,60.650164571126304,78.9,2733,4.6,0.0,0,0,1.0,5,12,0
GrAs31PptyTSVfTabfTbJBQZCcuKQCZjZZK5z96Wpump,1787228150.0098743,59668277010fbcd7105eea4bf5a8946c473f4f9c,José,B,pumpswap,True,2,0.0002704,40078.96,270487.0,270487.0,308545.52,382179.36,382179.36,4446,1101,91.45,67.88349790445963,70.9,3373,14.1,0.0,0,0,1.0,6,4,0
2Q7MTrjLhPKpnquK75kiFJdDZ9CFTddAUtVnyNEApump,1787239170.4445188,6ea6d040d5890827d9403eb4ca94593eac2f36ec,TRYAGAIN,B,pumpswap,True,5,0.0002359,38759.27,235957.0,235957.0,1141048.77,1141048.77,1141048.77,669,586,92.41,19.19074197998047,63.9,459,10.5,0.0,0,0,1.0,66,28,5
6BhcSiLCmG1DZWCGmGBbcKVFtnkBGukzy1TjQTDcpump,1787239170.4445188,6ea6d040d5890827d9403eb4ca94593eac2f36ec,SAYLOR,B,pumpswap,True,3,0.0001761,32184.58,176172.0,176172.0,398917.94,464253.02,464253.02,11588,1742,-8.59,66.54074197998047,89.7,3206,3.7,0.0,0,0,1.0,10,1,0
DRrzocG3Ye5GC6RUd2kBr45ewKMMcPzd7ARVaMWBpump,1787239170.4445188,6ea6d040d5890827d9403eb4ca94593eac2f36ec,HOOVES,B,pumpswap,True,2,0.0001507,29386.17,150773.0,150773.0,240716.65,240716.65,240716.65,3124,478,120.0,31.14074197998047,78.8,2637,5.1,0.0,0,0,1.0,6,8,0
Hgfwz9d5iK7jNbnwhpmkWCn9dCJpYvcosksfBkZQpump,1787239170.4445188,6ea6d040d5890827d9403eb4ca94593eac2f36ec,BWCLG,B,pumpswap,True,4,0.0005354,57104.47,535340.0,535340.0,424248.16,424248.16,424248.16,2777,3087,599.0,31.824075313313802,56.0,1152,5.2,0.0,0,0,1.0,17,6,0
7Ru7kZdKBepiKF56vEfa1gEe6BNQCivYRzYQGh19pump,1787241179.097072,2baf36bef671811a8d6678dd65ffdd1d4cb4fe86,YIELDR,B,pumpswap,True,6,0.0001366,28750.78,136646.0,136646.0,585356.61,585356.61,585356.61,939,621,83.18,41.718284529622395,66.7,437,8.9,0.0,0,0,1.0,40,14,2
VJdpSDDLof7HuZiNmsRUSL4YCncsk1FGiVoHyAJpump,1787241179.097072,2baf36bef671811a8d6678dd65ffdd1d4cb4fe86,BREAKING,B,pumpswap,True,1,0.0002196,36476.51,217594.0,217594.0,185624.36,831675.12,831675.12,1356,1423,-48.02,104.28495119628906,78.2,3927,4.8,0.0,0,0,1.0,54,19,4
udPEzBjbGMzYZbuLtByqLYhc4TEs6EebG8R7fwdpump,1787244375.6829479,defde775bc30514c4dc48676edb08018d9eaef52,TEXTIT,B,pumpswap,True,3,0.0005241,57917.65,518995.0,518995.0,660185.85,1094112.6,1094112.6,3273,2699,41.89,98.97804912923178,60.8,3979,32.6,0.0,0,0,1.0,82,15,4
BhY2FZWdqd6P91peYRqwZ4dA9gLV54CsGLCfPn9zpump,1787246035.0080025,2d7ddadd139359d423b593405fbf90d079b09a18,SelfMade,B,pumpswap,True,2,0.0001643,30824.2,164366.0,164366.0,220238.71,220238.71,220238.71,2739,472,154.0,36.65013337402344,76.1,2402,3.8,0.0,0,0,1.0,5,8,0
QUESTP8xKMfot3ErcdfWXsHbG3kN9mutieAqrVNw74s,1787246035.0080025,2d7ddadd139359d423b593405fbf90d079b09a18,QUEST,B,meteora,True,1,0.04366,121816.02,7700586.0,159775353.0,1406.62,7511.0,62228.41,13,8,0.3,1560.6501333740234,47.2,7874,9.4,0.0,0,0,50.0,0,0,2
G9ALRz5jtq6wG7dijjsb1TvkGatwPNcnhbAGECVQpump,1787248178.9778109,00e2665415283dd77ca23a53b85fc750c0b5da7e,KESTREL,B,pumpswap,True,4,2.718e-05,11494.73,26236.0,26236.0,18240.52,108327.44,108327.44,269,161,21.02,109.66629684651693,72.7,857,23.3,0.0,0,0,1.0,100,16,8
HXD5YL3rwv1mrHC4giBkAb1pxW6ohCQppJsxrzJZpump,1787249799.6172996,4655e5dde65bf8a33f1940e3b8a9a800a895ba84,KEIBULL,B,pumpswap,True,4,0.0005271,57180.53,527182.0,527182.0,589045.94,614646.85,614646.85,4221,2101,174.0,62.126954992675785,67.4,1652,2.5,0.0,0,0,1.0,28,7,0
DwxFHLjyjtrJcYCHiRkHzuRejVoummWhwnwHgML6pump,1787252686.4556422,5519430c4445e4407df4dc0309516a49d2557e1e,PIXELS,B,pumpswap,True,5,6.776e-05,19305.63,67769.0,67769.0,234712.95,234712.95,234712.95,2485,3738,78.85,36.19092737223307,73.9,1518,16.3,0.0,0,0,1.0,214,21,7
E5peneUkvKstns3LYZCkq2mB8uCS6kL9dP3RmZNYpump,1787252686.4556422,5519430c4445e4407df4dc0309516a49d2557e1e,GOLDEN,B,pumpswap,True,3,0.0005597,58922.91,559743.0,559743.0,435014.97,435014.97,435014.97,2357,1609,819.0,41.79092737223307,55.0,1554,17.5,0.0,0,0,1.0,71,23,3
EsqYneVWU37VHd1hVtN7A7hw5f4eMmBYAEVGm5eFpump,1787252686.4556422,5519430c4445e4407df4dc0309516a49d2557e1e,Topless,B,pumpswap,True,7,7.784e-05,20581.04,77841.0,77841.0,118404.3,118404.3,118404.3,889,1199,118.0,9.25759403889974,40.8,792,23.6,0.0,0,0,1.0,151,15,9
FnTzTiWvTJugJP3HtVqtpWqj6MuGLk4ZM5TyfGJvpump,1787252686.4556422,5519430c4445e4407df4dc0309516a49d2557e1e,Nala,B,pumpswap,True,3,0.0002441,38188.27,244141.0,244141.0,392854.33,392854.33,392854.33,9146,2219,263.0,48.990927372233074,77.6,3429,1.9,0.0,0,0,1.0,54,12,0
GiyxNC3aPjQJcsu8baZkY9vtyTMShJsopYHguyFmpump,1787252686.4556422,5519430c4445e4407df4dc0309516a49d2557e1e,$UNBRK,B,pumpswap,True,5,0.0001158,25951.93,115862.0,115862.0,314229.57,314229.57,314229.57,6373,1475,190.0,33.57426070556641,87.4,992,5.4,0.0,0,0,1.0,263,20,2
SypcH53HXjRX2hVM8ucJEx2hJgpo9HgRevXskVApump,1787252686.4556422,5519430c4445e4407df4dc0309516a49d2557e1e,RIKA,B,pumpswap,True,3,0.000185,33003.54,185030.0,185030.0,461795.08,461795.08,461795.08,10707,1778,159.0,58.15759403889974,87.9,3277,3.6,0.0,0,0,1.0,6,0,0
Cshsbjv9kyFL8MMeGtUBwX8DbQp8cbfuRELsbY2Kpump,1787254775.1840959,d5a683ade3b42eaa5c5a9e2fee622d49e9c95f25,SOLYA,B,pumpswap,True,2,0.0002815,41276.79,279394.0,279394.0,368403.1,525035.59,525035.59,4999,1215,36.1,80.4864015991211,79.7,4549,3.4,0.0,0,0,1.0,24,0,0
KuUtSBFWLpUgr4sXPZ1CYzy1uU5F9eUbj9jcAo1pump,1787256693.9781806,b9cdcc358298e999605db01c98c5743f74c63ba8,WANT,B,pumpswap,True,7,2.22e-05,10580.28,22207.0,22207.0,431804.53,431804.53,431804.53,478,446,-64.08,11.949636344401041,46.9,313,20.3,0.0,0,0,1.0,62,12,3
BDXUaN4Bx6yaCBKAmCyGfdXd3UkRobiQwbV8mB1Kpump,1787259020.5009928,3777938d25221bf4ce9beb20a8a0b8ddba0c5517,chihuahua,B,pumpswap,True,7,8.216e-05,21378.06,82162.0,82162.0,241892.29,241892.29,241892.29,2800,2283,132.0,51.625016544596356,73.3,1576,21.8,1.2,5,0,1.0,274,30,30
2mR2Fia66XTA18pdsgvn8EWubDwWbEbSooQjWkFXpump,1787260464.9737372,4150f730ff3732c32ec58ffa140c0f1d431947fb,HAZEL,B,pumpswap,True,2,0.0002489,38443.87,248933.0,248933.0,299431.06,309536.05,309536.05,4626,1173,87.72,60.28289562174479,73.2,2730,3.0,0.0,0,0,1.0,6,8,0
DgRphhLmctWfymig9YCggLAYmxn1iuzPxKrYRApupump,1787262463.735033,51585ac23f31ef9335d4aff61a75d0852834b876,USBC,B,pumpswap,True,7,5.109e-05,16285.68,51096.0,51096.0,39672.72,39672.72,39672.72,439,595,42.0,6.162250549316406,27.1,574,21.5,0.0,0,0,1.0,131,2,3
9E7pJVvNrRthJdXsdXkrrbQuu5B3yekR51aAgzmqpump,1787269443.2765698,804dbee9fe948e8dd26285816a4f984c125754b2,NOISY,B,pumpswap,True,7,4.944e-05,16048.01,49345.0,49345.0,105777.21,105777.21,105777.21,1096,833,36.97,8.02127616373698,47.8,703,21.3,0.0,0,0,1.0,107,47,4
4wTsqNF9bbP3D5Em1qksiPufs2GDZsK5HapSvYiWpump,1787277135.5785415,55ad0ecef0161883e2c3d89a7be7463d0011e9ff,BONGO,B,pumpswap,True,3,7.912e-05,21109.2,79124.0,79124.0,161562.54,161562.54,161562.54,4727,484,117.0,21.226309025065103,84.5,2354,5.8,0.0,0,0,1.0,6,12,1
5uVwVUvzXsYP9Cc1sjRgVJE1zX3xfi3pArJNg9RNpump,1787277135.5785415,55ad0ecef0161883e2c3d89a7be7463d0011e9ff,ONIGIRI,B,pumpswap,True,4,0.0001056,24951.38,105614.0,105614.0,400365.46,400365.46,400365.46,10817,2548,55.13,56.94297569173177,91.4,3514,2.6,0.0,0,0,1.0,15,7,0
7XpUU9oVxfAsDxjSNvQnupQjhSsGywZCkoPZKzaVpump,1787277135.5785415,55ad0ecef0161883e2c3d89a7be7463d0011e9ff,STOCKCAT,B,pumpswap,True,1,0.0003597,47731.1,356941.0,356941.0,189617.54,714648.14,714648.14,2179,1486,7.82,125.55964235839843,72.9,5146,2.5,0.0,0,0,1.0,10,7,0
De15pGV5Y13e8obRxj6VuVppRgvpnjUoRtnNtHy8pump,1787277135.5785415,55ad0ecef0161883e2c3d89a7be7463d0011e9ff,dogalyst,B,pumpswap,True,1,0.0003114,44201.08,307692.0,307692.0,198859.28,577719.51,577719.51,4180,629,35.66,110.0763090250651,81.8,4486,4.7,0.0,0,0,1.0,5,9,0
GiAXHqgpNXcjMTRVDvUk2kr4ZnARePn8Zg7nCTTZpump,1787277135.5785415,55ad0ecef0161883e2c3d89a7be7463d0011e9ff,RIKA,B,pumpswap,True,4,0.0006955,66639.79,690918.0,690918.0,371551.66,625060.61,625060.61,5843,4947,379.0,84.9763090250651,58.0,1207,7.3,0.0,0,0,1.0,27,10,2
CQn2cYhvPCH3y3MHbuYXAR6eUxEU3YeBpckkzUVypump,1787285110.0598266,e38122848bf7fc964b5d6d83249ca07db9245e6f,CHOCI,B,pumpswap,True,4,0.0004912,55439.16,485744.0,485744.0,274060.4,513569.96,513569.96,9913,6506,147.0,80.20099711100261,60.0,2493,12.7,0.0,0,0,1.0,50,3,1
2VVBKWfWTpAwdkDFLCz5SsAeZDxFrzmsKHvchLc5pump,1787287815.3406281,7634d4942ac3667f80f9b8439638bd1ee938daa1,PAYROLL,B,pumpswap,True,8,4.658e-05,15866.12,46584.0,46584.0,205855.88,205855.88,205855.88,3154,2957,37.94,19.589010469563803,71.1,1653,25.5,7.2,8,0,1.0,278,27,15
Gc59DcTqMALEPLqBnEtyv6TXg4funGBNknDvGgBapump,1787287815.3406281,7634d4942ac3667f80f9b8439638bd1ee938daa1,SolFi,B,pumpswap,True,2,0.0006518,64992.39,636827.0,636827.0,353875.88,680461.51,680461.51,2964,2983,219.0,113.62234380289713,57.1,4704,9.5,0.0,0,0,1.0,33,2,6
HiXMPbH7q1nH1vnQNfd5zxH5uNYM3Lc2Y63YggH3pump,1787289594.0918846,16c07c634861325cf099d2aa3288bb0cc96c9c01,WENMOON,B,pumpswap,True,6,5.805e-05,17718.25,58057.0,58057.0,74351.54,74351.54,74351.54,4609,3606,56.65,35.001531408691406,53.9,2350,30.3,0.0,0,0,1.0,37,17,4
DZ87Nn5mizyrYnHx8SFKgTTLPJQk6pktDuWpTzDoZKXM,1787291559.1953242,088431cf239aad145e403c9188899285c6293f77,HODL,B,raydium,True,5,3.271e-05,20456.93,32717.0,32717.0,51381.41,51381.41,51381.41,669,393,528.0,55.203255403645834,46.7,387,23.8,0.0,0,0,7.0,0,0,0
26w7qBovfKv4zprC7wmPQx9McchzdzNoZYz7SXpupump,1787295702.90451,a986fabae7a26fb5e99981bbb1e5ba98377dcc08,HUMNENUF,B,pumpswap,True,3,0.0002484,39573.32,248402.0,248402.0,665486.96,665486.96,665486.96,5461,2330,374.0,47.64840850016276,83.7,1712,3.1,0.0,0,0,1.0,47,7,0
9HLhhbN4uAEmFyw8xrszyGQ9PptWh5LZNQmzN6rrpump,1787295702.90451,a986fabae7a26fb5e99981bbb1e5ba98377dcc08,GOKART,B,pumpswap,True,6,9.97e-05,24493.95,92703.0,92703.0,324956.55,518595.87,518595.87,2146,1061,6.53,84.94840850016276,84.1,2518,7.1,0.0,23,0,1.0,120,24,0
DGoWnmZ5Ji457E7Wb9EWpmDYXSgvJ1wcNQ1Z6J3kpump,1787295702.90451,a986fabae7a26fb5e99981bbb1e5ba98377dcc08,Moet,B,pumpswap,True,2,0.0003332,45823.45,329400.0,329400.0,373338.21,505876.14,505876.14,7482,1462,185.0,73.49840850016275,78.0,6472,2.1,0.0,0,0,1.0,6,12,0
EgNViFAowCT6cZu2PVpDyVigQfR3AL9rXHXGWiT4pump,1787295702.90451,a986fabae7a26fb5e99981bbb1e5ba98377dcc08,NEKO,B,pumpswap,True,2,0.0001225,27012.56,122569.0,122569.0,328242.63,328242.63,328242.63,6010,1174,104.0,49.84840850016276,88.7,3435,4.1,0.0,0,0,1.0,16,11,0
8A7LZkomdHFXr8M7wKWYnBfasWPVtrqhcMbNfAHwpump,1787298660.6421685,2abf0f9e36912706630f2c4497e7047ceb3a9e30,GLORP,B,pumpswap,True,7,2.693e-05,11525.23,26931.0,26931.0,43120.68,43120.68,43120.68,693,488,-26.51,11.694036140950521,45.1,784,26.2,0.0,0,1,1.0,154,15,5
7AmrPqSoB9xyGRyWbN15iGSk7rEE1UVWfaSMogqZpump,1787303066.1039312,54192d174d6d90040244c9b2fcb6226a3bb3366c,MEMEFI,B,pumpswap,True,2,0.0001823,33203.79,182379.0,182379.0,258255.72,258255.72,258255.72,3544,572,149.0,23.051732185872396,74.4,2860,11.3,0.0,0,0,1.0,56,2,0
7RuKSuywEi3S4urccQXHgUZRGVYdspwQS9CD4KCJpump,1787303066.1039312,54192d174d6d90040244c9b2fcb6226a3bb3366c,TAPCAT,B,pumpswap,True,3,0.0003891,50637.41,384705.0,384705.0,611663.79,745712.17,745712.17,6746,2653,196.0,63.91839885253906,77.2,2441,2.3,0.0,0,0,1.0,30,1,0
oW6jSvHLEqk54WHq88bpQjbYB9ZoKbkoNqN3j1npump,1787303066.1039312,54192d174d6d90040244c9b2fcb6226a3bb3366c,TRULL,B,pumpswap,True,2,0.000185,33918.19,179958.0,179958.0,50037.67,427404.15,427404.15,591,532,28.07,293.26839885253906,68.9,882,7.8,0.0,0,0,1.0,9,18,2
2CrafGwaXQ7tHgw1pdZG3CN6iiUsfeTaZeQA1tpHpump,1787305723.9005158,8cd6eeb1a7e78926fc46c5d1fb6c12069fea52f5,BUBU,B,pumpswap,True,6,9.823e-05,23765.1,98238.0,98238.0,72405.58,72405.58,72405.58,1488,1990,111.0,21.848341931152344,41.6,518,10.0,0.0,0,0,1.0,38,15,0
EVA2K6vSg4Fg11NfcqVKJbsVgiSxby68qLfcpn5bpump,1787305723.9005158,8cd6eeb1a7e78926fc46c5d1fb6c12069fea52f5,Grompany,B,pumpswap,True,7,0.000114,26235.69,114068.0,114068.0,304270.76,304270.76,304270.76,3417,2405,205.0,53.98167526448568,70.8,1603,25.0,6.0,9,0,1.0,200,17,13
7bQQgwnNf1qPBdTcuouKtYthsHaGLxxs2X38fgzBTq2w,1787307304.7123206,f24240f2238bfc49317010191b3626ac68d0999a,ANSEM6900,B,pumpswap,True,5,0.0001109,25728.28,109695.0,109695.0,156675.19,333724.4,333724.4,17619,869,-42.55,69.71187200927734,83.9,1543,38.0,0.0,0,0,1.0,159,47,5
CNSpk125rafCfsWWCcVQPwnSg6REBe2ewwVF55qfWXTc,1787307304.7123206,f24240f2238bfc49317010191b3626ac68d0999a,ZEROCOIN,B,raydium,True,4,1.654e-05,13005.36,16540.0,16540.0,41319.81,53940.24,53940.24,357,215,-29.43,94.62853867594401,57.4,241,23.0,0.0,0,0,7.0,0,0,1
Cy73CHAHB4brr7jMT5ERFm7AtyNwLiwvu8EE8Lospump,1787307304.7123206,f24240f2238bfc49317010191b3626ac68d0999a,MEOWFI,B,pumpswap,True,2,0.0001494,30049.45,149420.0,149420.0,326846.1,326846.1,326846.1,6343,937,105.0,42.595205342610676,85.4,5372,3.6,0.0,0,0,1.0,15,15,0
5rgXYZoaFXbc4L2ZUkV6V8iV66Jbd2w5oXL2XGvL5tsC,1787309511.1358447,e375aa8c405d7bb641d6c9ecc8fca52d8f0d893f,MIM,B,pumpswap,True,5,0.0002528,39644.57,252896.0,252896.0,443823.69,443823.69,443823.69,3038,2396,574.0,43.002264078776044,65.5,1080,11.8,0.0,0,0,16.0,145,26,16
CvjSaRcTmcrfutekYzrBEEdTWx1RmRTWDToqtXmCpump,1787309511.1358447,e375aa8c405d7bb641d6c9ecc8fca52d8f0d893f,LaPeace,B,pumpswap,True,3,0.0001078,25367.5,103099.0,103099.0,5324.59,53360.63,240504.94,76,75,22.51,1447.0689307454427,60.2,1097,25.4,0.0,0,0,1.0,199,7,30
4CwRX9ByUrEGuG8FxBKAsFpzFxMRmyEdVRBT8TZupump,1787310870.8436291,07f92cf16d1d175bdb4de5ebb9606a20f471042b,US,B,pumpswap,True,5,5.59e-05,17396.27,53450.0,53450.0,5935.77,45353.28,70866.79,110,469,-19.74,437.74739381917317,51.8,979,28.5,0.0,0,0,1.0,138,20,11
22TEmBxE6CgmcmkvMJUBGvJTVjV6sdWTCJggg4sVpump,1787314509.1153672,a84139141ea877b1d239645ea19fcef80993a9e6,Juliano,B,pumpswap,True,7,6.263e-05,18508.95,62638.0,62638.0,61308.14,61308.14,61308.14,978,629,72.0,4.085256119791667,42.6,968,20.6,0.0,0,0,1.0,226,27,9
3ck4GcvQcmUqqKraKV3fK6AmWbpr9EE7fdqRPvYupump,1787318113.1011114,1c3e8abfeb01a1b50d504ccc87ce8364d59b9920,$1,B,pumpswap,True,3,0.0001208,26899.66,120847.0,120847.0,348240.06,348240.06,348240.06,9018,2314,73.32,48.63501852213542,89.7,3259,2.5,0.0,0,0,29.0,31,15,0
G1eqTrFqbkQjxxQEgjhZVK1xqwcr64RMv9VBofJcpump,1787318113.1011114,1c3e8abfeb01a1b50d504ccc87ce8364d59b9920,SOLWIF,B,pumpswap,True,4,0.0002008,38046.37,196451.0,196451.0,1143979.73,1514124.85,1514124.85,4137,3559,85.16,74.85168518880208,75.1,1426,17.1,0.0,0,0,1.0,136,26,4
HSofDGkUAPPFFgAj5hGyJSQgeNaEB1BRKHbQgwp2pump,1787318113.1011114,1c3e8abfeb01a1b50d504ccc87ce8364d59b9920,BULLCAT,B,pumpswap,True,2,0.0001895,34121.63,187237.0,187237.0,317991.67,379762.76,379762.76,4500,726,93.12,66.73501852213542,82.9,3280,4.9,0.0,0,0,1.0,5,8,0
HmNi2EqxYsmNBuwG9MJEWVidhFPPVmJpiWfYbBj3pump,1787318113.1011114,1c3e8abfeb01a1b50d504ccc87ce8364d59b9920,ZAZU,B,pumpswap,True,2,0.0001308,28058.71,129582.0,129582.0,307170.58,409263.17,409263.17,5278,1194,-29.14,71.68501852213542,91.6,3481,2.8,0.0,0,0,1.0,26,7,0
5jg76LwAF7EUGdMV2iMYzYWPG2TtV8mYc3CgzJM5pump,1787320877.1662235,c129539b3c4ae7d8e32535216d52c7724ee0ff30,GINNAN,B,pumpswap,True,2,0.0001624,31377.77,162463.0,162463.0,339735.01,339735.01,339735.01,5767,872,176.0,29.85277039388021,84.1,3764,4.1,0.0,0,0,1.0,6,17,1
9oidz4okAdz1VQuqgaSZrJ7Uc3gJw5QVbZ73AuZSpump,1787320877.1662235,c129539b3c4ae7d8e32535216d52c7724ee0ff30,SOLCAT,B,pumpswap,True,2,0.0002125,36270.48,212595.0,212595.0,397560.84,397560.84,397560.84,7955,1325,203.0,57.98610372721354,82.0,6931,2.6,0.0,0,0,1.0,10,8,0
4HoUp5FkWNs69hoCNx7kEYJLFGN5KHSyw5xejfv7pump,1787323612.0889149,0e3a1c9386a598042e3305e67459c8bb4d98da0a,BRELLA,B,pumpswap,True,3,0.0003422,46780.48,342217.0,342217.0,543982.95,543982.95,543982.95,2923,1577,644.0,32.468148579915365,71.1,1220,2.2,0.0,0,0,1.0,23,4,2
9uZGenBKKUXbCqM7Uh9jtTtRajD3PzHHyZmrAGBNpump,1787325426.0242786,c8ac7fcac47a3c21293ab7d8e5f71dffe861418c,ERIKA,B,pumpswap,True,2,0.0001868,33834.02,186873.0,186873.0,282213.44,282213.44,282213.44,5964,1644,164.0,33.23373797607422,75.1,2913,3.6,0.0,0,0,1.0,27,9,0
EaBqbGuAum75JSmAAz69bFyce16sP5aVyCgc9ELypump,1787325426.0242786,c8ac7fcac47a3c21293ab7d8e5f71dffe861418c,PUMPIRE,B,pumpswap,True,7,9.528e-05,23696.67,95285.0,95285.0,224760.43,224760.43,224760.43,2838,2313,153.0,31.400404642740884,68.0,1556,20.4,0.0,0,0,1.0,223,41,18
6PPs7ZS8ypxutdPj5wQeHStQCY9iNU7evxRVTu2Qpump,1787327509.4710789,eb96b13081b9763ebb344814fa4ea8178b404040,vibefi,B,pumpswap,True,7,5.308e-05,17045.24,53082.0,53082.0,99065.38,99065.38,99065.38,2546,657,40.82,11.074517980957031,65.6,868,5.6,0.0,0,0,1.0,226,12,1
8mCt5QnoD4izGiBncq4C2kkzPDqJNwHY9twnxiAapump,1787327509.4710789,eb96b13081b9763ebb344814fa4ea8178b404040,CatGPT,B,pumpswap,True,4,0.0003338,52988.53,333895.0,333895.0,3777437.21,3777437.21,3777437.21,24133,23515,803.0,56.57451798095703,75.5,7554,12.8,0.0,0,0,1.0,1000,53,108
GrHhWhMbEybuHj5MQEGa5aqVjUcT84kYmJqf2NLfD4FM,1787331345.9032037,b5858b51045716915ce90367c8f4b1673408e9bb,Keroro,B,pumpswap,True,5,0.0001104,25221.38,110408.0,110408.0,60219.45,60219.45,60219.45,605,479,190.0,19.531720060221353,38.8,493,16.9,0.0,0,0,1.0,75,7,12
5fkE6w1Z6p3LSiSGnmt7pwFANi6pVKcyyM8YiicSpump,1787336115.864892,9b8227cf2bc8d931268110aed544166a67e5b10b,VRBULL,B,pumpswap,True,5,0.0005023,56762.76,502369.0,502369.0,418056.36,418056.36,418056.36,1832,1004,516.0,21.947748201497397,60.4,891,2.9,0.0,0,0,1.0,15,6,0
2RWpKFmjqSP6D6whjz7eXsytTVL1Ac4HJitSVZX3pump,1787338871.322838,7a0a2f8bc173a97f39c162b08646246d65c8688f,suckfox,B,pumpswap,True,7,6.445e-05,19330.14,64450.0,64450.0,309536.82,309536.82,309536.82,4260,2721,73.94,50.838713968912764,73.6,1772,28.9,9.6,4,0,1.0,218,45,21
9GL25zPgvXcm6WtUQ5LMjjVk6CnEt1tKiWK6Dy9bpump,1787340726.966824,bbaaf1e08eaf775adacf9f6d6b356a56ad78f0f1,Leaker,B,pumpswap,True,7,8.899e-05,22664.06,88996.0,88996.0,171622.73,171622.73,171622.73,2580,648,111.0,12.682780399576822,64.5,759,5.5,0.0,0,0,1.0,229,14,1
9KDiVdJy4jzCCrKgvJuRVqSwmEEzoemtATkYFjnWpump,1787340726.966824,bbaaf1e08eaf775adacf9f6d6b356a56ad78f0f1,QUOKKA,B,pumpswap,True,6,0.0001195,27782.87,119567.0,119567.0,1064341.66,1064341.66,1064341.66,679,576,-7.88,32.832780399576826,62.6,413,11.6,0.0,0,0,1.0,26,24,7
DwtXVuEDi4jsjjdWqC54ofPdRWKpkm3BLDEP85WRpump,1787341870.7324183,d6f65d73a598057893451efbf74f89f1ae9442c1,PIZZAGUY,B,pumpswap,True,6,9.227e-05,23481.27,92270.0,92270.0,434896.19,434896.19,434896.19,1770,5021,46.28,30.97887363688151,73.7,1033,16.9,3.3,5,0,1.0,97,8,8
AC8jUD8j1neSZzW3oZgFZ1dQHhqdNoX4f9gV1SRHpump,1787342982.461839,baafef0130db9ad4c0b6cbb6a1539e77e7df789b,MANEKI,B,pumpswap,True,2,0.0002403,38713.34,238273.0,238273.0,442743.53,470879.64,470879.64,5198,1161,28.99,65.32436398111979,81.2,4008,3.4,0.0,0,0,29.0,10,20,0
Bn1Wy74owcLz85BAmb5VVHh22Rf7BDuSf9JJKdvypump,1787345026.9002275,964862e62a9432474ec7e0589bf57296912fdf5c,RAVI,B,pumpswap,True,2,0.0001945,34457.12,194555.0,194555.0,267650.61,267650.61,267650.61,3565,713,169.0,46.84833712565104,76.0,2356,2.8,0.0,0,0,1.0,11,10,0
EhWu6QbyMzkK1fYTHRqrRnSLFEyPdenwvWkw5GQXpump,1787345026.9002275,964862e62a9432474ec7e0589bf57296912fdf5c,NYANCATE,B,pumpswap,True,2,0.0001612,31515.97,161258.0,161258.0,359666.3,359666.3,359666.3,4848,1089,144.0,29.531670458984376,81.5,2159,9.3,0.0,0,0,1.0,17,21,0
7U6ggMrnprgUZfhyW5Rhm8gVRqqzj6eEMHwG75wjpump,1787346559.5516481,4ebf1e49900441593a05b03285792f1b5f8ce9a8,SOLCAT,B,pumpswap,True,3,0.0002463,39368.19,246381.0,246381.0,514320.95,514320.95,514320.95,9314,1693,229.0,57.47586080322266,83.7,2826,2.7,0.0,0,0,1.0,6,13,0
F2Q3gTKvY3KemFLXb33Unt1QFtt1n8H54kKFqnqjpump,1787349759.0984402,06bc2aef99bab9eca7d5e4c5e3bdf18e8296e638,Solanacat,B,pumpswap,True,7,4.69e-05,16041.03,46862.0,46862.0,67418.35,67418.35,67418.35,629,660,21.63,7.651640669759114,37.1,720,24.2,0.0,0,0,1.0,124,13,2
C6TTFtfzmWRymfR5xqXGwepayteeGjvj6KVnu7gs7Lf3,1787351716.1056688,9ed0198d98918f5eeed27d1357f4db225dee43cb,ETM,B,raydium,True,4,2.517e-05,17673.21,25175.0,25175.0,16632.34,49432.47,79956.49,100,81,-28.85,728.6850944783529,56.7,349,20.8,0.0,0,0,7.0,2,0,0
6VNy4YSvkwPVDZqC1JFjPZww5P9TUAkUUBzYnMVUpump,1787355149.0049477,3e0293ce533aa5d38d0c65757b208938d2453580,Bro,B,pumpswap,True,2,0.0002006,35638.63,200686.0,200686.0,367892.62,367892.62,367892.62,9394,1034,185.0,40.133415795898436,82.3,6278,5.6,0.0,0,0,1.0,6,9,0
DGX9HZznvcyiBAyVCPKZuof3Qb7XayvWgMMJbJJhpump,1787363107.7449932,207e8bc9088d6a10eaa20ded66c8f6ce913f90b8,KERMIT,B,pumpswap,True,2,0.0003461,47483.58,343329.0,343329.0,389300.7,537386.13,537386.13,5649,1940,75.17,74.26241655273438,74.7,4904,2.0,0.0,0,0,1.0,10,0,0
GYFGQXcUFSgGs34BpHJuxSzjMMponA11x28n9pvApump,1787363107.7449932,207e8bc9088d6a10eaa20ded66c8f6ce913f90b8,PUFF,B,pumpswap,True,2,0.0002403,38985.61,240377.0,240377.0,319354.46,319354.46,319354.46,3047,635,246.0,40.79574988606771,74.4,2349,5.3,0.0,0,0,1.0,5,8,0
5NTsropykvFMWgqsbq3JYRicnKbJfPU8PYRx1jgfpump,1787366529.7479231,1e3f396461840e174d8e1f36e3be7101d963043a,Dick,B,pumpswap,True,6,2.847e-05,12279.67,28479.0,28479.0,131526.3,138412.26,138412.26,1799,1574,-13.46,60.362465384928385,73.7,1061,20.5,0.0,0,0,1.0,168,20,15
DYa7Rcnsy3XoYwh1ZLseMdcAQjBE92pQe4enpYDNpump,1787366529.7479231,1e3f396461840e174d8e1f36e3be7101d963043a,NENEM,B,pumpswap,True,1,0.000292,44502.19,288629.0,288629.0,399860.38,827329.49,827329.49,5402,2516,-0.9,119.74579871826172,85.1,4740,2.2,0.0,0,0,1.0,54,8,0
qXzaQRM9D9qJq8z6cJSTtTKpowiZHr4BD4RMU4dpump,1787366529.7479231,1e3f396461840e174d8e1f36e3be7101d963043a,YANKEE,B,pumpswap,True,4,7.537e-05,21117.25,75373.0,75373.0,158542.78,158542.78,158542.78,5018,3708,91.35,19.629132051595054,71.2,2423,7.5,0.0,0,0,1.0,98,24,4
7Dxr19j2PHovdocuQfvySft7M2XuP5pr6x8YAWHPpump,1787369301.6734202,4d03412b6e0e740a12872c87569ffba6e0eb1bcd,NAMI,B,pumpswap,True,2,0.0002516,40461.12,251606.0,251606.0,265097.29,265097.29,265097.29,4607,962,239.0,18.37789033610026,72.1,2796,4.1,0.0,0,0,1.0,34,7,0
918p2GRyDLkhsRvtAHaKZg8yrP5kXSe6CYustqTcpump,1787369301.6734202,4d03412b6e0e740a12872c87569ffba6e0eb1bcd,CATSZN,B,pumpswap,True,4,0.0009765,83227.62,972704.0,972704.0,1008436.09,1174644.9,1174644.9,9253,6024,185.0,68.01122366943359,65.5,1822,2.2,0.0,0,0,1.0,92,18,2
6LeCYgva3n6LZUxEDc74CabngyGXDzbGRxi4pqxppump,1787371738.348462,f515c4739bdc2d80de55ef8ee3d269f511aa98a9,BULL,B,pumpswap,True,5,9.034e-05,23421.23,90347.0,90347.0,163863.73,163863.73,163863.73,4288,370,43.34,43.255807702636716,61.9,322,16.2,0.0,0,0,1.0,15,20,1
DC9UJKFwVbP2G5msdqgedw1NDyqTx1XAN2KQG7Eopump,1787371738.348462,f515c4739bdc2d80de55ef8ee3d269f511aa98a9,BAOJIN,B,pumpswap,True,4,0.0004057,51584.05,405747.0,405747.0,218200.99,218200.99,218200.99,8063,4440,713.0,32.85580770263672,56.8,2364,11.8,0.0,0,0,1.0,20,14,0
EjAuFtMEP6LQDgLb11JU9bkcskhFYbgd9Q5NRXJppump,1787376961.3818429,70ccc74df837c4f05495287efdff8b3fd2c62a31,Doge2,B,pumpswap,True,7,8.967e-05,23213.98,89677.0,89677.0,243249.11,243249.11,243249.11,2423,1915,123.0,35.656364046223956,71.3,1206,21.9,2.3,4,0,1.0,174,19,19
HCrpPqRJNd2JUNnhsueXQTQZDkDbfXYDzgmz5tS9pump,1787378330.6022313,ee5018381e1c049660ee1ffae0ec2eaad927a982,Rizzstein,B,pumpswap,True,6,3.043e-05,12611.46,29553.0,29553.0,24449.17,55080.98,55080.98,233,188,-45.15,69.4600371866862,45.8,459,30.5,0.0,0,0,1.0,36,15,3
5xC8SdxnMx7ToMd4foewMsxGGQ9zTVu7mUJxfnPCpump,1787381655.656355,4e656eae3c7100fdd6a8cf529e8afeb2e8f9a8bc,BabyCate,B,pumpswap,True,6,8.119e-05,21909.23,81199.0,81199.0,172090.3,172090.3,172090.3,7689,1817,108.0,23.927605916341147,74.7,1351,23.6,0.0,0,0,1.0,127,17,9
UPwxM8cK6u4WP8dzs7T3oAKgJQVQMaGSixakKtkpump,1787381655.656355,4e656eae3c7100fdd6a8cf529e8afeb2e8f9a8bc,Pump,B,pumpswap,True,4,0.0002701,40981.38,270146.0,270146.0,117392.64,117392.64,117392.64,1782,1487,596.0,59.92760591634114,42.7,1231,35.9,0.0,0,0,29.0,2,13,1
EeJRS87pgqDQew8JHXS9RGBYjPANhXEFNfqZPuoQpump,1787384329.3146434,a648f439b185cce1399a125daccecd797dcb0f43,FINGERS,B,pumpswap,True,2,0.0002269,38192.61,226954.0,226954.0,392623.39,392623.39,392623.39,6602,808,212.0,46.20524405517578,81.9,5747,2.8,0.0,0,0,1.0,6,10,0
BrNL67ABCgRpb23w6VsnawgJ4L6FT91GdPRZp4phtyAc,1787388690.852665,e2254c27f4f622d30bb3438423fdb4402d4b69fa,ZEROCOIN,B,raydium,True,6,1.365e-05,11124.6,13658.0,13658.0,29347.1,29347.1,29347.1,372,243,149.0,37.41421108398438,47.6,192,21.6,0.0,0,0,7.0,0,0,0
44xUtxq5pRFFpwjRmdsEM3KiGhqMVoBxgsoXdAyXpump,1787391984.176088,8ae65ad3bdcda4fa61c08ad02d0f5b392f077350,Balls,B,pumpswap,True,8,4.718e-05,16301.37,47182.0,47182.0,269852.57,269852.57,269852.57,3713,2972,20.98,50.16960146891276,72.9,1596,24.8,7.1,9,0,1.0,259,37,26
Fh7mLxtPAysdvHcMcJ37A3vc6WvBVh7JVDwxmwk6pump,1787392950.7085729,b6a15da23624e7db0972566a95428ca1d10eb2ba,GBACK,B,pumpswap,True,3,0.01148,301838.64,11488176.0,11488176.0,233.53,10246.15,195377.16,7,0,1.47,434322.99514287926,48.9,4768,20.8,0.0,0,0,1.0,637,4,18
xbwGuiwLGxKEJEwUye5t2KU1SMkSbwCVzUbr6jmheBn,1787398191.210954,207b8f0cde7a5d845173f8d3ed7c3a6d641fe4a7,ZEC,B,raydium,True,4,1.495e-05,11915.42,14959.0,14959.0,25146.0,25146.0,25146.0,252,152,185.0,37.6535158976237,45.0,165,18.0,0.0,0,0,29.0,0,0,0
654ZBNYZ2oFgvvwkdQYa9e5s1jeQNHRjSvocEy1Dpump,1787400672.883719,429e1a30374c71ad9690fd7ea51ee4715e25f6b6,LUNY,B,pumpswap,True,7,6.602e-05,19302.48,66021.0,66021.0,45368.76,45368.76,45368.76,1195,445,38.59,18.23139531656901,48.7,510,13.4,0.0,0,0,1.0,50,19,2
WoFihq2bf1wdxxwzzqKAGh3VCtf9nP9AamsiTqJAtxH,1787400672.883719,429e1a30374c71ad9690fd7ea51ee4715e25f6b6,WOFI,B,meteora,True,2,0.002726,60511.82,2726972.0,2726972.0,156.39,30267.63,30267.63,17,16,0.19,242.06472864990235,26.5,133,11.3,0.0,0,0,1.0,0,0,0
7oZ2V1p8Mvmc6FPCF7S7NqYWr8cntWLW2kmDBLuSpump,1787403856.91886,57a208d493befdebf405d274a7197cb0e5e14114,TRUMPCATE,B,pumpswap,True,4,0.0004219,52586.4,418109.0,418109.0,345091.39,500908.25,500908.25,4667,2601,171.0,75.28198099772135,65.9,1866,4.7,0.0,0,0,1.0,50,7,0
7zy8gnGthn67mNzP56Hcwwzhp8Zs4edHJdn6evxHpump,1787405979.39531,4b35a75867273ff4d7c8fd35da9e7415fc94b442,LONGCAT,B,pumpswap,True,7,3.725e-05,14051.05,37254.0,37254.0,24052.93,24052.93,24052.93,387,284,-3.33,4.106588496907552,33.8,700,14.0,3.3,4,0,1.0,147,28,10
CUK9aGqcrKCu6zNNR7dqZXDpHjRCMGTzTyXCFMU3pump,1787407314.777435,73ac163e8b18d903d640a7bcc0d829bf3da33773,doge,B,pumpswap,True,8,8.226e-05,21894.68,82269.0,82269.0,101923.72,101923.72,101923.72,1383,996,116.0,10.37962391764323,48.0,1097,21.0,8.6,7,0,1.0,218,17,16
2yGsvtnYAgdBpstEkJRLacc6jfaszHj9bU4FzuXNpump,1787409074.9703422,26a42d767ed729ccff467461d95633d83ccf211d,CATGIRL,B,pumpswap,True,3,0.0001607,31839.87,160728.0,160728.0,435671.14,471024.68,471024.68,11667,4900,14.7,61.36617236735026,86.2,3356,3.5,0.0,0,0,1.0,14,7,0
3CK5Pc932qrsX2Xy6qJohuYvytgL5wTDsDe1kx5ppump,1787412629.655316,3ee2433d30dd54d6c3a664da311aaa0035884546,TRUTHCOIN,B,pumpswap,True,2,0.0001551,30933.34,155126.0,155126.0,297067.35,297067.35,297067.35,4151,717,115.0,26.660921936035155,80.1,2236,8.5,0.0,0,0,1.0,10,11,0
FxoSCwn1bBi3PvmHMmxHEyAnzJ1K1KXqWNyaxHXRpump,1787412629.655316,3ee2433d30dd54d6c3a664da311aaa0035884546,PAWIFI,B,pumpswap,True,2,0.000241,39601.91,241009.0,241009.0,682359.44,682359.44,682359.44,3828,1379,191.0,39.177588602701825,87.1,2175,1.7,0.0,0,0,1.0,18,9,0
6sAXF26gCZfkGX4ykgE6bAgTzuEwdxzZo7b7V7ENpump,1787413851.567939,23fb81901d956040f32a8197410b19d50de03fb9,Cheems,B,pumpswap,True,2,0.0002762,41842.61,276253.0,276253.0,390465.07,390465.07,390465.07,4096,788,241.0,47.72613231608073,76.3,3007,3.8,0.0,0,0,1.0,6,10,0
7h4DYp3SCCVtJXfXtuH2ru8bdvCkJwpYuKrRe2Zhpump,1787414787.4226463,9f854f6f117cc76b73903b7c9c6156bdcb71d605,MAGA,B,pumpswap,True,3,0.0003359,46102.79,335917.0,335917.0,227846.01,227846.01,227846.01,5310,1076,367.0,18.673710770670574,68.7,3014,3.5,0.0,0,0,1.0,22,10,0
AAghwLrqvKjZHb28nqhDKy7yJrzT6KgknCioVh6upump,1787414787.4226463,9f854f6f117cc76b73903b7c9c6156bdcb71d605,TRUMPCAT,B,pumpswap,True,2,0.0001477,30131.96,147727.0,147727.0,327664.86,327664.86,327664.86,3704,733,119.0,26.99037743733724,84.6,1828,2.6,0.0,0,0,1.0,6,7,1
EgzT5fP6131C5EEqZe58nXJk1bbD5v7GetJFR5kpump,1787414787.4226463,9f854f6f117cc76b73903b7c9c6156bdcb71d605,EARNBOT,B,pumpswap,True,3,0.0003785,49598.24,374309.0,374309.0,252758.2,615380.09,615380.09,1605,1632,14.13,83.39037743733724,64.7,3147,4.7,0.0,0,0,1.0,31,28,1
9ijhsVMAe5YasK9hhPN655eM1nMB5k4jYdDtX2fFpump,1787416590.4379776,3b167697903990b93dfab25471d8702398eb58b8,CRMEOW,B,pumpswap,True,2,0.0005579,61215.54,557959.0,557959.0,664145.05,664145.05,664145.05,5205,1647,574.0,38.42396629231771,71.3,2906,2.5,0.0,0,0,1.0,15,1,0
BUn5TZQtF7N7WCsSPf9LWEejoYTiySJkZnPFvd76pump,1787419791.6348567,1e1e4ed3a5da72a70580825e02941b0cec7731d9,KAI,B,pumpswap,True,6,0.00017,34726.68,170024.0,170024.0,1343600.93,1343600.93,1343600.93,15282,13458,371.0,23.81058094482422,76.0,6047,14.0,2.9,8,0,1.0,1000,108,72
HGjmGYKw4EL9JZrrA6yWyvB4LoN4XtbLQkWYX3e5E5vP,1787419791.6348567,1e1e4ed3a5da72a70580825e02941b0cec7731d9,ZEAL,B,raydium,True,4,2.513e-05,17550.55,25132.0,25132.0,23305.17,29666.28,38988.9,119,81,11.73,831.6939142781575,38.8,160,23.7,0.0,0,0,1.0,0,0,0
2LkYkeDcGRZ19j5EQbbHvrjk2XFBeGjPUbXy2D5Cpump,1787421134.673243,094dfa4ee89c300989f5aeaefa31afac7b4287bd,MCGA,B,pumpswap,True,2,0.0001853,34024.67,185351.0,185351.0,275817.07,275817.07,275817.07,2936,542,173.0,22.444554052734375,75.6,1664,8.1,0.0,0,0,1.0,6,8,1
BXrMigr38tUb2LPiVFDYzPt4PyWguH4hqRcjXc4mpump,1787421134.673243,094dfa4ee89c300989f5aeaefa31afac7b4287bd,TRUTH,B,pumpswap,True,7,4.157e-05,14979.42,41573.0,41573.0,28310.71,28310.71,28310.71,322,327,8.63,3.144554052734375,25.4,598,21.1,0.0,0,0,1.0,130,22,4
2jLyapf4bU2xcMWQZtmM2AUQSCsSEwRkxYKixEugpump,1787422320.1512606,840608d748441cfbe7df38518912dfb90c5d369b,ZOXIDE,B,pumpswap,True,8,3.923e-05,14506.0,39237.0,39237.0,54899.82,54899.82,54899.82,462,441,-0.11,32.86918767496745,36.1,370,33.5,9.8,4,0,1.0,75,25,9
5DLJu2UgaLXWqRehryDZxisS6voRp2wmBaXvhfsPpump,1787422320.1512606,840608d748441cfbe7df38518912dfb90c5d369b,SPEEDY,B,pumpswap,True,7,4.695e-05,16045.22,46947.0,46947.0,40919.15,40919.15,40919.15,564,449,21.13,9.835854341634114,43.2,1494,20.6,1.1,4,0,1.0,151,14,9
DdyPH6rwXHeAk1QFr6yFHpxg5HkmsK881HXyDaoapump,1787422320.1512606,840608d748441cfbe7df38518912dfb90c5d369b,memes,B,pumpswap,True,5,6.513e-05,19220.52,65135.0,65135.0,80653.18,80653.18,80653.18,1067,777,70.49,7.619187674967448,48.2,1051,16.3,0.0,0,0,1.0,245,25,20
JAWFbz2FDLURWvJGTj3uA9DiKQBBsDZHqm4NCnAepump,1787422320.1512606,840608d748441cfbe7df38518912dfb90c5d369b,もちまる,B,pumpswap,True,2,0.0001607,31686.11,160718.0,160718.0,338421.33,338421.33,338421.33,4564,909,114.0,43.75252100830078,83.2,3244,3.2,0.0,0,0,1.0,6,8,1
4hBjqFqmGT1rj9YvgVcoXPxLWgnvCSPfFumHDpWwpump,1787424724.114043,9e0ceb344ce70ac580eb088e5133c85eb463aec6,FIGHT,B,pumpswap,True,2,0.0002082,36281.76,208215.0,208215.0,348089.03,348089.03,348089.03,3476,755,197.0,52.8685673828125,78.3,2763,3.4,0.0,0,0,29.0,9,14,1
8DwgzQeTfFkcqmytqmEGZ6ttAn8EadRLq8NgL1GZpump,1787424724.114043,9e0ceb344ce70ac580eb088e5133c85eb463aec6,CATEBULL,B,pumpswap,True,7,6.06e-05,18511.8,60603.0,60603.0,96747.67,96747.67,96747.67,984,1149,56.32,12.2185673828125,43.3,770,21.3,0.0,0,0,1.0,109,13,4
3M9mwjx1Z7RmCUuNHx8DUpiaqCgGhKQBKNaa5bXTpump,1787428836.632282,1eaf449f945d6af437d80938560bef6c2994d210,CATSEM,B,pumpswap,True,4,0.0003553,48015.33,355334.0,355334.0,357370.75,357370.75,357370.75,8420,2465,388.0,35.22720469970703,69.7,3234,3.6,0.0,0,0,1.0,53,1,1
BXhsR8dnacXoKLJahfm2NnRuXENNufZDQrZLV4kpump,1787428836.632282,1eaf449f945d6af437d80938560bef6c2994d210,MEOWDRV,B,pumpswap,True,2,0.000345,47576.57,344915.0,344915.0,485679.97,485679.97,485679.97,2582,1071,311.0,26.377204699707033,70.7,1315,4.4,0.0,0,0,1.0,10,1,0
FW6R4QQeP4fzqRwDHbBkpjHx3ecvYwhd5g7chKg8pump,1787428836.632282,1eaf449f945d6af437d80938560bef6c2994d210,WINNING,B,pumpswap,True,2,0.0007197,69720.97,719719.0,719719.0,754329.45,754329.45,754329.45,8259,845,490.0,54.72720469970703,75.5,5819,3.3,0.0,0,0,1.0,25,0,1
CUz3n2VjRArmj8LYTq42Vie5LjnfyXkvfLb75ARBpump,1787430833.177769,6855e91acc74976d679697416abcc05412515f27,CIACAT,B,pumpswap,True,6,7.099e-05,20164.85,70305.0,70305.0,58450.6,58450.6,58450.6,805,821,79.89,38.53629615071615,49.6,1223,23.3,0.0,0,0,1.0,110,15,5
D931womcrNwEUxf5khyPAWnxz5PXvz8VdfpR3eQYpump,1787430833.177769,6855e91acc74976d679697416abcc05412515f27,POPCATE,B,pumpswap,True,7,6.582e-05,19530.48,65821.0,65821.0,134349.18,134349.18,134349.18,1138,1326,69.47,12.286296150716145,50.1,870,22.0,0.0,0,0,1.0,127,14,2
DFz1x1pedB3DUM2cwWdgqYmGhjRvQkneHBj1GEm4pump,1787430833.177769,6855e91acc74976d679697416abcc05412515f27,EIGENSLUR,B,pumpswap,True,8,0.001264,96957.06,1264578.0,1264578.0,2000527.14,2000527.14,2000527.14,10424,12217,3267.0,32.56962948404948,55.5,4530,27.6,5.1,11,0,1.0,1000,76,69
2B1DmRh6G3Fy7tgNHXeA4z2FgqdmEM2mEwQcMBdDpump,1787432082.6655989,27264079d25ec980069157df0a4ff79aceab35db,TSUTSUJI,B,pumpswap,True,3,0.0002846,43112.06,281764.0,281764.0,432432.9,524065.77,524065.77,6438,2126,77.09,69.69442664794921,58.7,0,0.0,0.0,0,0,1.0,36,5,1
AJHqMoBpMpujUnbE4vSmPbBduzJBB9GZyeuqZ7M7pump,1787434223.384537,33affd25303f1daf2e9238cf738e5bf60d58756e,neko,B,pumpswap,True,6,8.351e-05,22103.11,83511.0,83511.0,134639.58,134639.58,134639.58,5106,483,41.32,37.03974228108724,59.5,312,16.0,0.0,0,0,1.0,2,18,3
GZBxyrYtnewK7298kcMooczGgnCrDL6BQjfZCf1kpump,1787434223.384537,33affd25303f1daf2e9238cf738e5bf60d58756e,DONALDJR,B,pumpswap,True,2,0.0002901,43283.75,286827.0,286827.0,339988.08,448784.57,448784.57,4575,884,110.0,73.08974228108724,77.7,3091,3.8,0.0,0,0,1.0,5,12,1
4W9tjQc16hFpL5jbGLajnyyonMhft3QtKtHFQGW8pump,1787435483.4568877,e0d495c6ce47e12aae4c9b30aafe4730139665ac,POPCATE,B,pumpswap,True,2,0.0002137,36564.28,213785.0,213785.0,332560.26,332560.26,332560.26,3790,707,170.0,42.490948128255205,77.9,2806,3.5,0.0,0,0,1.0,7,3,0
GzMGdjzn4JPUWGKUzhA34PHcqVXGnKm6Se2rjCqWmCCt,1787436439.121843,7dde1235be0f6f267c59ba04a0e279f7a18f6ed1,GOOBER,B,raydium,True,7,2.768e-05,18204.98,27685.0,27685.0,22851.43,22851.43,22851.43,378,176,415.0,23.268697383626304,38.7,310,25.7,0.0,0,0,7.0,29,2,2
3uZpCyWBrCyvL4BMVgtgtxiPJm73fzxTegxrwUu8pump,1787438535.6011827,215bf9ebe9e7d2955a9016023f9a0fbacfb27be1,LUCKY,B,pumpswap,True,5,8.648e-05,23282.62,86488.0,86488.0,436472.5,436472.5,436472.5,20930,7611,32.62,33.11001971028646,82.9,1219,17.3,0.0,0,0,1.0,120,6,15
FnZfD1mVTDMcNs3ExCjpK9MdBosR51QJQmNF54UBpump,1787438535.6011827,215bf9ebe9e7d2955a9016023f9a0fbacfb27be1,BULL3D,B,pumpswap,True,5,0.0007542,71389.37,754202.0,754202.0,647556.87,647556.87,647556.87,1884,1878,815.0,39.99335304361979,57.6,995,2.3,0.0,0,0,1.0,30,6,0
4978aTN9W3CDuUREGxAQaBYqhPXt8142N4o4Sfgzpump,1787451060.0920277,a943669a54d5463f86aa134f7a2f96b2e1bf00ac,YOMOGI,B,pumpswap,True,6,0.0001332,30377.39,125796.0,125796.0,944306.7,1057884.22,1057884.22,9208,7361,113.0,71.53486712646485,62.2,0,0.0,1.8,14,0,1.0,533,19,31
8FNsX6k1ovm6uqZZTj91q5ip8JxHRt37qf2A9Qsgpump,1787451060.0920277,a943669a54d5463f86aa134f7a2f96b2e1bf00ac,CAC,B,pumpswap,True,4,9.91e-05,25208.08,98934.0,98934.0,454008.78,454008.78,454008.78,1929,1601,151.0,13.968200459798178,53.8,0,0.0,0.0,0,0,1.0,153,15,1
FraL7qvcGGSy93vs7xRwJPdyu214iCa6CsuV1Pn4pump,1787451060.0920277,a943669a54d5463f86aa134f7a2f96b2e1bf00ac,TRILLY,B,pumpswap,True,2,0.0003314,46831.9,327536.0,327536.0,244331.34,473571.92,473571.92,4720,1561,162.0,104.16820045979817,54.5,0,0.0,0.0,0,0,1.0,17,0,0
XVTWySJscWWGf7rasayZ1AL9m85SYPWX8CxNxxppump,1787451060.0920277,a943669a54d5463f86aa134f7a2f96b2e1bf00ac,EARNBOT,B,pumpswap,True,2,0.0008507,76660.4,844362.0,844362.0,222500.63,898667.91,898667.91,1143,1270,154.0,114.48486712646485,40.6,0,0.0,0.0,0,0,1.0,47,15,3
d8ed1gwSmD45qwEK5wZGMb1Kh1MQ9PXipKsHevtpump,1787451060.0920277,a943669a54d5463f86aa134f7a2f96b2e1bf00ac,NIKY,B,raydium,True,5,4.141e-05,19263.26,41404.0,41406.0,40847.15,94123.39,94123.39,282,138,25.72,882392.1682004598,66.1,4043,0.0,8.9,8,0,1.0,231,0,3
Gh99PvKLnm9JBC9t4udunTgBvkAxCnyBZby3N6Atpump,1787455497.9803543,49186f2b93940c2bed58c9bf3e2feee6e437768f,SATO,B,pumpswap,True,4,0.0002377,38923.33,237764.0,237764.0,339226.32,339226.32,339226.32,7495,1916,226.0,39.066339237467446,58.9,310,0.0,0.0,0,0,1.0,27,0,0
BKaXDgZxUSC9njpX89xpQ5USh2pnK1yzZvgk8Mg7pump,1787458718.675619,905d9ba989ce08330fc5fb46567aa0b9bff42c26,CATLIST,B,pumpswap,True,3,0.0008731,78328.66,867363.0,867363.0,981180.76,1416011.89,1416011.89,9678,2604,170.0,80.17792698160807,76.8,1026,2.9,0.0,0,0,1.0,81,7,0
HBoNJ5v8g71s2boRivrHnfSB5MVPLDHHyVjruPfhGkvL,1787458718.675619,905d9ba989ce08330fc5fb46567aa0b9bff42c26,PURPE,B,raydium,True,1,1.716e-05,498169.26,7221530.0,7221316.0,22064.22,140786.88,617687.22,474,357,-6.47,1149872.5445936483,36.9,141062,8.7,0.0,0,0,1.0,943,805,9
DvVXHjpUyAunQFry3WjsLnZnriZ9QyzwiZ97eJQCpump,1787460936.9891758,5eecd8e68190b4e82079054d4e7a3f828a1047cf,Farte,B,pumpswap,True,4,8.762e-05,27240.9,87625.0,87625.0,33346.82,33346.82,33346.82,360,312,51.03,30.24981959635417,35.2,0,0.0,0.0,0,0,1.0,63,12,1
EKSZLgVMFzwBbBgteCJFdaZig8G5g4TkNNkWMA7pump,1787463475.9077468,d74cc7d929d325f9d3a1d70416143a2c214f56eb,DIDDY,B,pumpswap,True,6,0.0002829,42089.15,282951.0,282951.0,275321.3,275321.3,275321.3,2770,2141,671.0,22.781795780436198,53.7,741,5.6,0.0,0,0,1.0,132,59,34
GCP3qLdpfGpjS5F1afwDwrTSZpuKktz6qVemfpx1pump,1787465773.247408,f5a69e41ecf1df1548167448450183d847ef160a,SIMBA,B,pumpswap,True,6,3.121e-05,12637.68,31214.0,31214.0,41142.99,41142.99,41142.99,730,512,-16.27,9.137456799316407,41.8,679,17.1,0.0,0,0,1.0,164,15,9
GVqEasmDypXNM3LFYXY4h8uXaE8ivoZnS9AJCZyXpump,1787465773.247408,f5a69e41ecf1df1548167448450183d847ef160a,GLITCH,B,pumpswap,True,5,3.259e-05,12943.82,29707.0,29707.0,4387.76,24917.15,24917.15,148,35,37.09,163.22079013264974,44.1,211,18.4,2.0,4,0,1.0,74,14,6
7fmHqRpJLgpVsJFTvrv24CEjkz9c4o5uVX4Zdur1hz35,1787471020.6081011,ed317ccada602b966aa7a685a074fa23cabe7e72,Dinger,B,pumpswap,True,6,0.0004304,54917.5,408178.0,408178.0,911806.95,987779.33,993822.87,6844,4931,144.0,25876.493468351237,56.1,3288,21.3,0.0,21,0,1.0,643,11,29
J2hyZSVokSTuy3bG85A5xfs3umCeGtqZZEdKtGTTpump,1787472706.334744,9be2c41dae539de11e295b0dd7f2531e1d6561f8,CYB,B,pumpswap,True,6,5.208e-05,17103.81,49644.0,49644.0,122949.66,191498.25,191498.25,1793,1382,13.9,69.30557906494141,70.5,1396,32.4,2.5,4,1,1.0,191,28,13
2WXUVeGq53qJ7QZacDWNRhyxsomCsZeBNsfYixY1pump,1787475146.2689197,90dd530881550c2f130c26c9e91861df7e56599f,Coffer,B,pumpswap,True,7,8.351e-05,22072.07,83513.0,83513.0,179295.52,179295.52,179295.52,2246,1629,124.0,38.58781532796224,66.7,1327,21.1,1.6,4,0,1.0,154,31,15
7sAnqhZvNCVKqc3Jj6QVDrdqtmnZJY3NePgXTqRtpump,1787477815.4881608,f969e2f2f5f98a01a49712ba46ab00cab9705d86,CallCat,A,pumpswap,True,0,0.0008289,81322.3,822259.0,822259.0,173643.73,1295822.33,4489136.7,3130,1070,26.85,1740.8414693481445,84.6,11503,1.4,0.0,0,0,1.0,52,3,1
G3pi7rdWYy2U6TtiEbSwh8mHwXn5LpX64h1whupDpump,1787477815.4881608,f969e2f2f5f98a01a49712ba46ab00cab9705d86,黃阿瑪,B,pumpswap,True,1,0.0004496,54495.51,444848.0,444848.0,309359.14,683734.97,683734.97,17399,3215,17.5,97.19146934814454,78.1,12510,2.7,0.0,0,0,1.0,19,2,0
7hDD4AQKVaWxSd4AKfELpSYEULraNvFns8y14SCBpump,1787482503.7291389,c182b0ec5b0ae7497fb1ad4e05a9b1567d78772b,RIKA,B,pumpswap,True,8,4.646e-05,16046.38,46466.0,46466.0,133784.22,133784.22,133784.22,2231,1469,28.14,34.89548564860026,75.4,998,19.8,8.3,10,0,1.0,123,13,4
4cvZwC17oMiUA7peKX5GhbaUWv4U5Lwrd8118xnFpump,1787490342.1362069,08fba46d5fabf21f82c87a804647d3ea7eab631c,CATALORIAN,B,pumpswap,True,4,0.002287,127196.25,2281299.0,2281299.0,1047796.48,1536779.3,1536779.3,6650,5797,323.0,80.88560344645182,56.6,1862,4.0,0.0,0,0,1.0,36,0,3
7S8tqYmatHc2UkpYXmpEiFCecHCF1N8ABNL6UYFFpump,1787490342.1362069,08fba46d5fabf21f82c87a804647d3ea7eab631c,moneybag,B,pumpswap,True,5,9.588e-05,24891.54,95886.0,95886.0,615038.91,615038.91,615038.91,2576,2193,144.0,15.70227011311849,75.9,1105,15.1,0.0,0,0,1.0,122,39,1
C8WeLr31vA1EmwD6yBsxBL3DsSpJLCx5XsmFFbuvpump,1787490342.1362069,08fba46d5fabf21f82c87a804647d3ea7eab631c,buzzland,B,pumpswap,True,6,4.408e-05,16037.72,42165.0,42165.0,25522.52,374297.16,374297.16,355,299,-1.31,207.0856034464518,73.1,1914,22.9,8.0,12,0,1.0,154,19,13
7rj3WNZLK1iU1uR4YmH8xTLTq8FGSw2a9tQwdwqQjedN,1787492494.801152,e65d93c1d8c19b1bc33cfa2a81fcd9513e39dfe7,VOR,B,pumpswap,True,5,0.0001796,34715.02,174179.0,174179.0,401041.93,666370.39,666370.39,5282,3592,82.31,87.73001920166016,77.3,2636,17.3,6.8,4,0,1.0,229,25,22
DkdeMtqaaRY3kNHRe1v9gJKeGpyP1PXe5TrrRkWspump,1787492494.801152,e65d93c1d8c19b1bc33cfa2a81fcd9513e39dfe7,PCAT,B,pumpswap,True,2,0.0001481,30284.3,148182.0,148182.0,185715.04,185715.04,185715.04,4594,1164,273.0,23.76335253499349,71.9,2770,6.7,0.0,0,0,1.0,5,0,1
5BLEcYuGrQVznBqnkaY7u2z6GHNSPhHkXZxJLkoDLeek,1787493953.0048556,41924f77a88fbb71e0cd7cd2557f95c0644804dd,Leek,B,pumpswap,True,4,0.0001425,29505.48,137472.0,137472.0,28753.17,107323.19,107323.19,201,162,48.4,198.8834142618815,42.7,684,24.8,0.0,0,0,1.0,77,7,5
CmcEhy1rfCG4BMtEdnZjPRfqpr7yvjcx6VavVGGnpump,1787493953.0048556,41924f77a88fbb71e0cd7cd2557f95c0644804dd,CRYPTO,B,pumpswap,True,4,9.922e-05,26056.88,99226.0,99226.0,939065.56,939065.56,939065.56,3590,3138,151.0,24.266747595214845,75.5,1236,15.6,0.0,0,0,29.0,161,22,1
GBxoYLFsX4ZgVifmYH44gMg15ChPoGPrBnsezo2Epump,1787493953.0048556,41924f77a88fbb71e0cd7cd2557f95c0644804dd,ARCHER,B,pumpswap,True,2,0.0001635,32025.5,163510.0,163510.0,285007.82,285007.82,285007.82,3099,513,137.0,23.33341426188151,80.0,1575,4.8,0.0,0,0,1.0,6,11,0
C3bajJW843KN9Uu441JkXN7zVMs4VM2HvdAGyGiBpump,1787496977.6002822,460329283ae5af1621650aeb3a0d96c9768c69b6,CVXV666,B,pumpswap,True,3,0.0003409,48750.03,326719.0,326719.0,870340.8,1118654.45,1118654.45,5134,4107,313.0,200.71000470377604,75.2,2930,18.8,0.0,0,0,1.0,492,37,38
4JEkMTE8yewAAea8AZvSKLW7J6r8WLLVrmhCLWtPpump,1787499106.932635,e46a0e27ab0f0bdd4511cbefe36129bdf3e35ac9,CATELEEK,B,pumpswap,True,2,0.0002024,36140.23,200126.0,200126.0,350969.27,392385.29,392385.29,5025,1266,41.65,65.39887725016276,79.8,3028,4.8,0.0,0,0,1.0,9,7,0
Es14VgLestfPFeG9nmvn9Ye1xTRaBNShkNvDikxwvb9v,1787499106.932635,e46a0e27ab0f0bdd4511cbefe36129bdf3e35ac9,BUCKZ,B,raydium,True,4,1.737e-05,13129.23,17376.0,17376.0,4757.57,20697.4,20697.4,84,76,107.0,123.39887725016276,32.4,132,28.0,0.0,0,0,7.0,0,0,0
FPi4Mt6cAqA3riPS72L1TFrd9eAbxP8YF7EXt1szpump,1787499106.932635,e46a0e27ab0f0bdd4511cbefe36129bdf3e35ac9,lickingcat,B,pumpswap,True,2,0.0002395,39662.06,239584.0,239584.0,454067.26,454067.26,454067.26,6568,1458,286.0,50.282210583496095,80.5,4642,3.3,0.0,0,0,1.0,23,19,0
33Rz4AQpQcbUkwGJ993mnD1LgEbjRscrAv5zcdTxpump,1787501470.1005065,d4982754220276f22f8f5139edb58c914415a6b5,CYBERTRUMP,B,pumpswap,True,4,9.741e-05,24095.17,97416.0,97416.0,103472.01,103472.01,103472.01,1409,448,144.0,7.318341776529948,57.3,1394,6.1,0.0,0,0,1.0,47,28,3
AuWsWDQxDjqAzhT62z73PWZDhzCzcEuD7iKfytN6pump,1787501470.1005065,d4982754220276f22f8f5139edb58c914415a6b5,まる,B,pumpswap,True,2,0.0001553,31211.85,155384.0,155384.0,273025.18,273025.18,273025.18,4181,577,104.0,26.551675109863282,80.4,3551,6.3,0.0,0,0,1.0,7,9,0
Dmv4iDf89mxkLh4kwSQ4wFs7VeHoEDADeRm9Rw5pump,1787501470.1005065,d4982754220276f22f8f5139edb58c914415a6b5,MIKA,B,pumpswap,True,2,0.0001112,26437.37,111250.0,111250.0,416004.7,416004.7,416004.7,6531,1449,55.84,42.16834177652995,91.9,4914,2.1,0.0,0,0,1.0,19,6,0
3LhExM1v9JFoM2ZHQnXvBbuthSWa96Yc2ubhPYw9pump,1787503551.6209679,2a9cfe2e8c40b17e7ded658baea24c5bf9439b08,CATE-1,B,pumpswap,True,2,0.000172,33327.24,172056.0,172056.0,467856.74,467856.74,467856.74,6921,1190,167.0,46.210349462890626,90.0,4378,3.4,0.0,0,0,1.0,7,9,0
5iMdqvTu7NqYVsxHZnqMshp2ZVejQicWHA8y5gv4pump,1787503551.6209679,2a9cfe2e8c40b17e7ded658baea24c5bf9439b08,TRUCATE,B,pumpswap,True,6,5.395e-05,17429.85,53954.0,53954.0,33305.15,33305.15,33305.15,537,388,37.37,6.293682796223958,36.3,768,14.5,0.0,0,0,1.0,134,28,5
DAujm7LtjCoUGTu7MzVM51qHqM8CyNKYdEB7Qdrupump,1787503551.6209679,2a9cfe2e8c40b17e7ded658baea24c5bf9439b08,STONKCAT,B,pumpswap,True,2,0.0003066,44914.33,306653.0,306653.0,419311.58,419311.58,419311.58,7153,1226,316.0,40.97701612955729,74.9,3485,7.9,0.0,0,0,1.0,6,20,0
9WdDJ65qfL7c9wv5sf2nKFLD67rzA6w9NwF4Tw83pump,1787504787.3138719,7a943b22634c13773da7b189640fa759b3ba339e,CYBERBULL,B,pumpswap,True,4,8.885e-05,23024.73,88859.0,88859.0,132676.67,132676.67,132676.67,1932,642,123.0,9.22189786376953,62.1,1688,6.6,0.0,0,0,1.0,49,24,0
ErWFD2gFDxxvvo2bVY9PLS6cNqP5EZtRz8PjBp7Epump,1787506319.475277,d2817fac531c76417a650f54b76382b385a163d8,CYBERCOIN,B,pumpswap,True,3,0.0005595,60821.35,559536.0,559536.0,382646.47,382646.47,382646.47,11155,1828,870.0,46.40792128092448,69.4,7193,4.9,0.0,0,0,1.0,10,8,0
HpQhjvHw37xitgSTJvfV43XCWcnG1hh7ZDztCBCi39pn,1787506319.475277,d2817fac531c76417a650f54b76382b385a163d8,ECC,B,raydium,True,4,4.686e-05,25188.86,46862.0,46862.0,104507.16,104507.16,104507.16,684,557,786.0,58.15792128092448,52.5,414,19.1,1.6,4,0,7.0,0,0,0
3C8uxrxJBF5XH9ZgdRxmrMqJCbASFSvBhmPRfqXjpump,1787507494.4588952,740881acea44cba7826d73e79dbed2432d7c472c,CyberELON,B,pumpswap,True,3,0.0001014,24837.01,101446.0,101446.0,202152.08,202152.08,202152.08,3227,1383,160.0,17.3743149210612,75.9,2438,5.4,0.0,0,0,1.0,68,20,0
FV3w8mVtaSkVqUELBzYMaSagD821ZVduPf7hA4e3pump,1787507494.4588952,740881acea44cba7826d73e79dbed2432d7c472c,CYBERBULL,B,pumpswap,True,7,5.907e-05,18270.6,59075.0,59075.0,31091.99,31091.99,31091.99,330,279,50.99,21.1243149210612,27.3,335,34.8,0.0,0,0,50.0,69,15,3
9ddBkYDHiqVvxecCG7RM6Tmen9fTeTPPquhLLwTopump,1787511101.656678,ea56e3fb71c2e1984226b7ee049ba533c34dcb83,MISO,B,pumpswap,True,4,0.0002753,43264.06,275394.0,275394.0,687912.22,687912.22,687912.22,17603,12448,478.0,37.11094463297526,72.5,3102,15.7,0.0,0,0,1.0,628,26,4
215UoqLTUoW75bsck1biuUhMLQKTNBG4kRUPPA7tpump,1787512361.2771223,92616c3995603105e70ef356e403b6676821825c,Moji,B,pumpswap,True,6,2.96e-05,12421.58,29601.0,29601.0,52480.04,52480.04,52480.04,555,478,-24.39,26.987952038574218,51.0,518,16.4,0.0,0,0,1.0,85,26,1
AdYHGgcLYCQSpaSuJPWNJsMKE9RoFQFiBkxr5x88pump,1787512361.2771223,92616c3995603105e70ef356e403b6676821825c,CYBERTROLL,B,pumpswap,True,4,9.12e-05,23482.08,91203.0,91203.0,222593.58,222593.58,222593.58,4113,1618,133.0,24.571285371907553,81.2,1577,5.0,0.0,0,0,1.0,40,29,1
HwUoczAW6sV7deh4hCPHcUBsgxtBA7oHBpyMBpGBpump,1787514003.384331,ab3e7fd40e7a99cb840c0b073d3361eaba1430a7,FARTCATE,B,pumpswap,True,7,5.062e-05,16811.86,50625.0,50625.0,73784.64,73784.64,73784.64,721,810,33.76,8.823072184244792,37.6,663,21.2,0.0,0,0,1.0,102,28,5
BeDmy2E3dc72eTmdzUpHLqkDMJaEagy9kqEaEHjBpump,1787515204.7384574,72e70dfd27969549301c567f615152336877e858,VII,B,pumpswap,True,7,9.123e-05,24091.88,91232.0,91232.0,505050.96,505050.96,505050.96,2525,1706,134.0,26.645640958658856,64.0,444,15.8,0.0,0,0,1.0,81,7,3
GyrPx2REsimD1akdvUZgj8NHxCK7Fer8sbSSD1N2pump,1787515204.7384574,72e70dfd27969549301c567f615152336877e858,OnlyCats,B,pumpswap,True,3,0.0001959,35128.76,195955.0,195955.0,212699.83,212699.83,212699.83,3547,1267,241.0,19.57897429199219,68.8,2094,4.1,0.0,0,0,1.0,20,0,1
2o5nokFpVgYkw2gXC7qMpxyTGV3WFPRUx7o2WDQfpump,1787517238.3911383,c62c2f6d080389c30db8f88f194887c810cfdc91,CYBERPEPE,B,pumpswap,True,3,9.047e-05,23573.96,90477.0,90477.0,293120.41,293120.41,293120.41,5246,1961,128.0,23.656518973795574,87.6,2834,4.1,0.0,0,0,1.0,62,24,4
AJvN8udbYbASjPr9CRXhL7o1XmctdFCbhXfo7XFepump,1787517238.3911383,c62c2f6d080389c30db8f88f194887c810cfdc91,tm20,B,pumpswap,True,5,7.587e-05,21230.89,75872.0,75872.0,233637.44,233637.44,233637.44,2258,1835,94.27,30.156518973795574,74.5,1403,20.2,0.0,0,0,1.0,275,16,28
3MaU6uQJWtv3S3d8M9VL6JHWRJE6JwSEXCxDV6wcpump,1787518475.232055,9198ed0ba905c439082b199458de316dd07fe220,XCATE,B,pumpswap,True,2,0.0002705,42090.49,270501.0,270501.0,510534.97,510534.97,510534.97,3676,1232,239.0,38.820534248860675,77.2,2420,4.4,0.0,0,0,1.0,15,1,1
FxkG9P5Pn6djkfcwn4LTpCGomuvjPFVnrkFVvHXfpump,1787518475.232055,9198ed0ba905c439082b199458de316dd07fe220,ARO,B,pumpswap,True,6,0.0001185,27743.8,118353.0,118353.0,506969.63,506969.63,506969.63,2667,1591,198.0,31.587200915527344,65.0,429,15.5,0.0,0,0,1.0,86,13,3
8atwAU9zEKuwooVoXV2aM1aKEH8WfftNFBWGSvMDpump,1787520622.3637235,d3ae9d309bcce8098c4e81f737c4e33bfb8a7288,TikTok,B,pumpswap,True,6,7.024e-05,20372.86,70246.0,70246.0,144289.58,144289.58,144289.58,2026,1730,80.91,4.8227287272135415,51.5,1399,21.5,0.0,0,0,1.0,263,37,20
12SFro5AeU3z4b3exEpLczbwcm49EvwU312j1JvB5ogi,1787521864.915298,ce7d06f0a2524ed5a11340ff4d180a33763d7232,OGI,B,raydium,True,2,0.001049,42672.27,1049841.0,1049841.0,24107.89,31120.02,33027.4,154,56,1.16,150237.56525496827,37.2,1180,23.9,0.0,0,0,1.0,53,3,4
4YTQ2bmCycn4vLiKWjWLe8swEFDWkxByJDE2uCWUpump,1787524483.1145227,96829ed002998c7c713b1adf66e68dec03dc1834,CATBULL,B,pumpswap,True,7,4.818e-05,16348.92,48185.0,48185.0,21577.83,21577.83,21577.83,302,324,22.67,3.201908711751302,21.3,533,21.6,0.0,0,0,1.0,93,20,3
nWnDYs4dR57Cek8nsK1W8iWEqKiKZE1hW1CLvP3pump,1787524483.1145227,96829ed002998c7c713b1adf66e68dec03dc1834,Clussy,B,pumpswap,True,4,0.0006399,70254.86,616922.0,616922.0,20511.05,299500.67,470598.67,156,131,5.21,14110.485242045084,40.3,2818,14.9,7.0,8,0,1.0,374,10,53
BVeW1Yzs5QFzh86YX8MY8VGdXC8r4mbMkF9ygGCVpump,1787525653.8615894,8748e32f4452305153e847037654c9ce72b698d4,DELUSIONAL,B,pumpswap,True,8,5.151e-05,17026.34,51514.0,51514.0,75882.43,75882.43,75882.43,1153,904,38.11,41.947693155924476,47.2,589,25.7,0.0,0,0,1.0,110,11,9
2QFVUpLtMB8QVfteVQuWnxtc1mB1GV2Pa4R6D5gRpump,1787537363.3783674,88ce19a7103c7ca5fa2108aa18a8b079a847de96,LARRY,B,pumpswap,True,2,0.0001079,25750.25,107927.0,107927.0,315988.62,315988.62,315988.62,8983,1396,136.0,45.95630612386068,93.0,5716,2.5,0.0,0,0,1.0,52,4,2
3Zogtb9AgUrXyG9YW2dnmFfT1xYPFukxmxqqFfAHpump,1787542020.049352,cf2ba349b5aab0dfe2c9f6bff67b59bafe0b09bc,MIRALIE,B,pumpswap,True,3,0.0002139,36847.14,210978.0,210978.0,311759.98,437697.79,437697.79,10976,4247,24.69,72.55082253417969,75.8,2469,10.2,0.0,0,0,1.0,60,2,0
GnWgtFHNbv3CEFm1LtDAWTx69UuLySs7J7S5VNAupump,1787542020.049352,cf2ba349b5aab0dfe2c9f6bff67b59bafe0b09bc,MoonCoin,B,pumpswap,True,5,0.000146,30152.21,145991.0,145991.0,272415.22,272415.22,272415.22,4359,4620,230.0,54.13415586751302,63.8,2442,13.0,0.0,0,1,1.0,118,6,2
9CjhM6w13YTqyVjHFnZ1TyCHCh4xaBTuEX1QFspdpump,1787545470.686756,e5e9ff20ffbe8b097c912a36ec0bc449af559c6c,YUREI,B,pumpswap,True,6,4.755e-05,16613.87,45838.0,45838.0,370702.12,398677.29,398677.29,3763,2828,-34.96,66.82811259765624,80.5,2518,6.2,0.0,25,1,1.0,173,21,2
DRWnf86Z2MjdMGLq7LFSF875iK9Ajo94RVtjK4owpump,1787545470.686756,e5e9ff20ffbe8b097c912a36ec0bc449af559c6c,trickshot,B,pumpswap,True,6,0.0002404,39382.38,240430.0,240430.0,370135.03,370135.03,370135.03,3398,2837,533.0,39.71144593098958,58.0,1969,24.6,0.0,0,0,1.0,402,21,21
66ZEoQSgY3g5KEijP8ZUucth9ZmrxwYg8ngzwgP6pump,1787548910.1059864,66bb2b8e0bac284b16cb23af950f0564a1c47593,CATCUS,B,pumpswap,True,3,0.0001484,30238.48,144959.0,144959.0,62166.79,245878.45,245878.45,394,550,27.15,246.3517664388021,49.4,837,35.9,0.0,0,0,33.0,6,14,2
AALr9xpQDrE2cP5v31qLbx5xA9XEJnKMZVJiCugrpump,1787548910.1059864,66bb2b8e0bac284b16cb23af950f0564a1c47593,Smudge,B,pumpswap,True,2,0.0002166,37228.51,214068.0,214068.0,370671.62,465214.29,465214.29,7753,998,48.9,65.71843310546875,82.3,3156,12.9,0.0,0,0,1.0,14,25,0
HLScXDXbyULoVe611BhcoYuYowHu4ycH1t4YBkVFpump,1787548910.1059864,66bb2b8e0bac284b16cb23af950f0564a1c47593,Kiss ,B,pumpswap,True,8,3.142e-05,12820.54,31424.0,31424.0,37358.93,37358.93,37358.93,433,361,-19.27,8.91843310546875,26.5,256,21.4,0.0,0,0,1.0,96,9,7
2JquisPdmWgrLAVqPCboHfaJEWBbcFq3A7PJSvbxpump,1787551133.454443,1c5ff7e33d2f5d287485c83cac4e437e91922aa9,CATEUS,B,pumpswap,True,4,9.732e-05,24268.25,97325.0,97325.0,237717.46,237717.46,237717.46,8840,1225,104.0,31.40757404785156,84.2,1419,14.4,0.0,0,0,1.0,11,27,1
4ziCBFjaByxYmfaXoPgzBTYxLj9to6KpxnrSsGJepump,1787551133.454443,1c5ff7e33d2f5d287485c83cac4e437e91922aa9,BORTY,B,pumpswap,True,4,0.000669,70695.46,657466.0,657466.0,1232252.94,1993180.47,1993180.47,3000,2489,105.0,88.50757404785156,81.1,1114,2.0,0.0,0,0,1.0,163,24,6
8kiFjBVtj2oDn8dDBRnTMJALvvMMCWtrUccBHufDpump,1787551133.454443,1c5ff7e33d2f5d287485c83cac4e437e91922aa9,cunc,B,pumpswap,True,3,0.0003842,50660.3,375279.0,375279.0,398521.64,652055.9,652055.9,10542,5543,58.0,82.35757404785156,72.4,2728,3.2,0.0,0,0,1.0,42,14,0
CHUUnzp36ZSJbUL6d2xZvu4bgNpuK4s3Q7ECgHZApump,1787555673.9300132,6c2720d7968b69ee512e41ae63ddb88ec58a9a2f,GLOB,B,pumpswap,True,7,3.728e-05,14179.98,37287.0,37287.0,62532.37,62532.37,62532.37,1032,787,-1.53,10.898833553059896,41.1,661,27.5,0.0,0,0,1.0,210,29,9
4qHAqsakh8oBgDpSHccmPHV4rPZDq1MgrQnsZ1QZpump,1787558823.83127,b6e91e517ce5a25e53d77139c2a96d261b43aba4,beluga,B,pumpswap,True,4,8.757e-05,22802.3,85955.0,85955.0,18106.18,183777.42,183777.42,336,179,4.58,120.84718783365885,57.5,0,0.0,0.2,4,0,1.0,2,22,4
8GigNuJwZNixuECrF22cssjHMaBr76nyZFXb3c46pump,1787558823.83127,b6e91e517ce5a25e53d77139c2a96d261b43aba4,GHOUSE,B,pumpswap,True,3,0.0001227,28326.4,122729.0,122729.0,692046.77,692046.77,692046.77,2513,2201,216.0,27.313854500325522,61.3,0,0.0,0.0,0,0,1.0,79,20,1
ARRAFe6ypmUGPWQVBiQQauzHiwft5cgWxrfuavompump,1787558823.83127,b6e91e517ce5a25e53d77139c2a96d261b43aba4,ONLYCYBER,B,pumpswap,True,3,0.0001201,26899.61,120200.0,120200.0,160771.2,160771.2,160771.2,5090,692,210.0,18.16385450032552,58.6,0,0.0,0.0,0,0,1.0,118,20,2
DBvU4CDo5RpWU9htYbXXowrvNYD9nFgJbDVLLNYXpump,1787558823.83127,b6e91e517ce5a25e53d77139c2a96d261b43aba4,MARU,B,pumpswap,True,3,0.0001489,30408.84,148819.0,148819.0,264142.25,264142.25,264142.25,6163,1032,218.0,28.297187833658853,62.0,0,0.0,0.0,0,0,1.0,26,1,1
HUPvAoT8ZPCwPY7om6n6Zp4YufunEhTLamLWzpv5pump,1787558823.83127,b6e91e517ce5a25e53d77139c2a96d261b43aba4,CYBERCOIN,B,pumpswap,True,4,9.867e-05,24779.61,98671.0,98671.0,400339.38,400339.38,400339.38,7987,3152,150.0,41.147187833658855,68.7,0,0.0,0.0,0,0,1.0,73,43,4
4JGvYrTbLw8yUduczE551CxCVbNbES3r448fM64Ypump,1787562072.5277264,47ddb571eb4f65b784b6557522efe859001c7d92,SKYZIP,B,pumpswap,True,3,0.0002719,42591.49,271921.0,271921.0,762087.34,762087.34,762087.34,6084,2107,531.0,58.30879543863932,85.9,1196,4.8,0.0,0,0,1.0,25,21,0
77wvPgk8otNJNsXbCs7nERU8fxh4sgGeouzEVP5Zpump,1787565448.306997,9f62ac7a7b676bedd4a3a31516e717adafc468cf,CATCULT,B,pumpswap,True,6,0.0001233,27458.61,123381.0,123381.0,203452.92,203452.92,203452.92,10448,2430,156.0,54.22178328450521,67.0,704,12.0,0.0,0,0,1.0,56,26,5
6ABMQVGdHCzrmTdj31eZFctPtrsXT7LJZ8YGRc1ypump,1787568481.818174,a15c3d1dc860d33f160e3e52ba98d07d5f0618a1,MGNOPE,B,pumpswap,True,3,0.0001613,32841.66,159576.0,159576.0,656096.63,963428.91,963428.91,5404,4196,18.68,73.36363623046876,62.5,0,0.0,0.0,0,0,1.0,55,27,0
9mLT5GfEoD7wSrwAoqAMK8y53cQKeBwFoUk8Y1Epump,1787568481.818174,a15c3d1dc860d33f160e3e52ba98d07d5f0618a1,ENDORPHS,B,pumpswap,True,5,3.741e-05,14163.35,37417.0,37417.0,33711.06,34593.96,34593.96,659,406,-8.17,60.196969563802085,44.0,0,0.0,0.0,0,1,1.0,120,21,10
BXs1GwKmoXoSHqWoiyTrSoeUBpJKbjNXDpAtjPT2pump,1787568481.818174,a15c3d1dc860d33f160e3e52ba98d07d5f0618a1,VAMPURR,B,pumpswap,True,2,0.0002039,36533.52,199452.0,199452.0,60733.17,482483.5,542979.36,569,506,9.59,407.88030289713544,58.2,0,0.0,0.0,0,0,1.0,10,20,1
CGmBrG4GRiMvFSGaEiB7cwEd9uDYiqrXzkoyR2Qa3KrC,1787568481.818174,a15c3d1dc860d33f160e3e52ba98d07d5f0618a1,TILLY,B,pumpswap,True,4,0.00021,36031.69,210044.0,210044.0,113725.81,113725.81,113725.81,934,686,434.0,13.296969563802083,30.1,0,0.0,0.0,0,0,1.0,127,21,10
BwJ4jiFVWXiNwFnA9DJvWkyS1E65EFRNV1uETJ3Bpump,1787570057.4841673,9cdf8c22290850f524d893904a28bcd010843d91,CYBERMORTY,B,pumpswap,True,3,0.0001004,24741.4,100438.0,100438.0,234356.68,234356.68,234356.68,5012,1488,154.0,22.641402787272135,82.2,2282,5.3,0.0,0,0,1.0,63,35,5
9HHTQ7YMx82E987cNqF9KczyZrfKgqvKNyA2yHSVpump,1787583358.4998949,0bb361ecddb617b9141c8cf5693d3abd3228d064,CYBERCAT,B,pumpswap,True,4,0.0001401,35057.86,137418.0,137418.0,69017.54,385303.4,4755388.85,516,458,-27.47,1522.2083315795899,69.8,10973,19.9,1.5,11,0,1.0,746,25,20
82oCCbBEjBhj7o5FRAHdB3ysVaTBmYTLiPUoYJ3fpump,1787586603.096262,c936873a7752369d4fa02de2b7f24a5289bb6653,Maurice,B,pumpswap,True,2,0.0001279,28314.46,127748.0,127748.0,234177.7,234177.7,234177.7,4785,1131,218.0,20.568271032714843,79.1,2846,4.3,0.0,0,0,1.0,23,40,2
HBDkJT9kMc12usUrcZDpWyfr7kvTTEfvbeyofL1gpump,1787586603.096262,c936873a7752369d4fa02de2b7f24a5289bb6653,csvoss,B,pumpswap,True,2,0.0001441,30240.63,144063.0,144063.0,284766.9,284766.9,284766.9,1989,707,119.0,23.35160436604818,77.2,1298,5.5,0.0,0,0,1.0,24,28,0
8iwHSrQiWAdsB9w4eJX38Bp2gVistxpTtTkesADpump,1787588343.4615073,c9741a45856f202b6d5ed20f2ca03b797d64eee0,BIGBALLS,B,pumpswap,True,3,0.000426,54696.07,421664.0,421664.0,702978.41,829009.27,829009.27,2791,2762,79.57,67.44102512207031,67.3,2628,6.5,0.0,0,0,1.0,40,31,5
GUt3ebbJm6SJCvpa8SfFzZe132a78qZDyc2yXAP1pump,1787588343.4615073,c9741a45856f202b6d5ed20f2ca03b797d64eee0,100CATS,B,pumpswap,True,1,0.0008177,77205.1,811399.0,811399.0,137010.77,1386833.57,1386833.57,4384,790,23.96,262.7410251220703,80.1,6520,2.4,0.0,0,0,1.0,36,11,1
Gd8JxP9W2i9ccnC6psU7gVbVzE9DHHYwNgVtQ3tWpump,1787588343.4615073,c9741a45856f202b6d5ed20f2ca03b797d64eee0,CYBERKILLER,B,pumpswap,True,3,0.0001333,29107.34,133285.0,133285.0,227867.36,227867.36,227867.36,3840,1242,128.0,13.724358455403646,67.5,2480,4.5,0.0,0,0,1.0,45,22,0
9tuuE5PgGEkN2g9QoJfTrkuCGroDdPNwc7wRncF4pump,1787590799.5094647,0f89c08e7fb5874f51a11f9f10875f16dea95292,CATIUS,B,pumpswap,True,3,0.0002099,37069.11,209939.0,209939.0,416762.36,416762.36,416762.36,8620,5592,290.0,44.37515774739583,71.5,1312,7.1,0.0,0,0,1.0,33,2,1
7En4udXkF45E5kd2FSk4WKYSCYksdzUwMk7ocuAUpump,1787593128.6764193,cf94dc90d751953460ad55c7e95f784cbb7e81ea,TORQUE,B,pumpswap,True,1,0.0005801,62839.03,574856.0,574856.0,251891.59,668970.28,668970.28,4405,622,116.0,108.57794031982422,75.1,4773,4.3,0.0,0,0,1.0,9,19,0
AP8Wnu37Gf9RHgugPKGvpHe6LcTE2yp5GDy7pL5Upump,1787593128.6764193,cf94dc90d751953460ad55c7e95f784cbb7e81ea,ARCHITECTURE,B,pumpswap,True,4,0.0001621,32769.0,162148.0,162148.0,627774.33,627774.33,627774.33,5798,4799,311.0,30.644606986490885,76.6,2797,14.2,0.0,0,0,1.0,593,20,34
BB7aqj7WAwrZNUR3dLT5gLMVQg2pjUpN946MCXSJpump,1787593128.6764193,cf94dc90d751953460ad55c7e95f784cbb7e81ea,Life,B,pumpswap,True,6,7.002e-05,20484.9,70026.0,70026.0,255045.82,255045.82,255045.82,4581,1228,77.11,25.977940319824217,88.8,980,6.0,0.0,0,0,1.0,188,13,1
5sXYkaLPcBW6SyY5SKvYzEBQY4YJQbHNUieSPLLQpump,1787598272.050942,395f2244cc5faab5cddef825e9cc1c13320a5044,KOL,B,pumpswap,True,6,4.003e-05,14991.02,38844.0,38844.0,123523.06,157951.1,157951.1,542,612,-28.28,63.91751569824219,59.1,384,14.6,0.0,0,0,1.0,39,30,5
6XPcEY6XbhjKmfnrvA3y6QQvNp4rYLV6v3Hm5b4Mpump,1787598272.050942,395f2244cc5faab5cddef825e9cc1c13320a5044,Allocate,B,pumpswap,True,4,0.0002495,41903.75,246269.0,246269.0,463216.09,902113.34,902113.34,5260,6526,112.0,85.50084903157553,75.3,2881,12.6,0.0,0,0,1.0,548,8,11
DFzboGhkFF9jPM4nPToBiLNWkukwoZBKQKu5iJnppump,1787598272.050942,395f2244cc5faab5cddef825e9cc1c13320a5044,Rick,B,pumpswap,True,4,5.282e-05,17563.67,51524.0,51524.0,14380.25,77361.82,210639.0,176,189,37.27,526.3008490315755,68.7,1038,28.6,0.0,0,0,1.0,119,13,8
DUPeGi6stKK5zGgVQLc4V8GkZ9o11MucZ5CNXDoYpump,1787598272.050942,395f2244cc5faab5cddef825e9cc1c13320a5044,bcat,B,pumpswap,True,3,0.0001829,34017.22,182854.0,182854.0,195969.38,195969.38,195969.38,4031,1077,215.0,14.634182364908854,63.2,2287,3.9,0.0,0,0,1.0,27,7,0
8YVakcmrbeaZUJtpc1ifFjkUKNYLJvXXH6suuFSYpump,1787600299.6483486,cab098c10f2a84d1a65b07f65ddaf4ba16ddcd9b,BULLY,B,pumpswap,True,7,6.369e-05,19155.28,63699.0,63699.0,40131.98,40131.98,40131.98,627,423,61.73,12.360805810546875,33.2,655,25.3,0.0,0,0,1.0,59,17,5
3QwPmTFxDWTtkPGSdwqNGLHTG3xxffDE6ZyvSXo6pump,1787604727.7920194,449afe984f0de17d540e51fd0933e1890f38bd5d,TUBBIES ,B,pumpswap,True,4,0.0001274,28902.59,125256.0,125256.0,105209.54,509492.23,509492.23,1648,1109,34.2,78.14653365478516,70.3,646,12.7,0.0,0,0,1.0,32,39,10
CFbChHeejJBFDLVEx6Tcb9umSwVdA4L3xyenrhTapump,1787604727.7920194,449afe984f0de17d540e51fd0933e1890f38bd5d,Norman,B,pumpswap,True,3,4.856e-05,16741.08,48568.0,48568.0,185644.48,185644.48,185644.48,3856,926,-16.19,18.513200321451823,90.4,2226,4.8,0.0,0,0,1.0,13,25,0
F9RenTXkjT1RW26swmAB6mutkqwFLo1Fbc4W8pHGpump,1787608083.4307187,bd2fae99c74e3ad112c6598180359020b223c6f8,1meme,B,pumpswap,True,6,0.0001257,28132.25,125703.0,125703.0,203088.23,203088.23,203088.23,22208,14831,173.0,57.357178645833336,58.5,721,12.5,0.0,0,0,1.0,56,30,1
6b7KQsXqb6JR5Nmeer5zGRmo51dwDfttM5b5Nu2rpump,1787609390.1597621,9d0025f031eb91bdb45e76eb7de7767a26ed80dc,kylie,B,pumpswap,True,4,0.0001661,37648.01,166137.0,166137.0,4228771.89,4228771.89,4228771.89,28785,25488,313.0,27.61932937011719,75.5,9647,15.2,0.0,0,0,1.0,1000,30,91
24rX1SutpnUTcDpYLdE6Bg2aK16m2kWYrdyKTfuFpump,1787614850.1337981,0fefd74778e87c6180ec7ceca00451e3593377b6,もちまる,B,pumpswap,True,3,6.848e-05,20873.98,68481.0,68481.0,457897.36,457897.36,457897.36,12782,2206,35.38,50.23556330159505,93.0,5701,3.0,0.0,0,0,1.0,59,17,1
5dkPngQmeqTUN57RqhxdA6xCaz7AKdzQoHLdk9xhpump,1787614850.1337981,0fefd74778e87c6180ec7ceca00451e3593377b6,fckstr,B,pumpswap,True,2,0.0001518,33994.06,149132.0,149132.0,215322.5,1774637.98,1774637.98,1962,1348,-49.53,169.61889663492838,78.6,4245,13.7,0.0,0,0,1.0,611,46,17
HM75x3BeEtSYfg5GfZWKHdMWPAKWbf8S8h7Gtfhjpump,1787616124.529813,e51f74ae98c3a742c5abf15ceb406404e89e05d9,buck,B,pumpswap,True,6,3.609e-05,14163.51,36040.0,36040.0,63604.68,63604.68,63604.68,937,733,-11.86,34.24216354980469,57.4,758,17.8,0.0,0,0,1.0,96,17,5
4H8qamG1mat9w6ZuSjg6MAWHxT8MxXYvnEAHUXN9pump,1787625961.3502464,5efb6271455ac1eddecb129f9354421605539f73,cock,B,pumpswap,True,7,3.239e-05,13441.46,32395.0,32395.0,48955.53,48955.53,48955.53,1351,692,-22.55,6.372504105631511,46.0,773,21.6,0.0,0,0,1.0,137,22,4
D3Efp1SCsbhokYbVeiJZVbNF3Z1Ar2woWhvRSDriKfun,1787625961.3502464,5efb6271455ac1eddecb129f9354421605539f73,.fun,B,pumpswap,True,6,3.652e-05,14510.05,36523.0,36523.0,151003.28,151003.28,151003.28,2036,1577,-8.11,36.689170772298176,73.4,1112,24.3,0.0,0,0,1.0,140,39,11
52ZzDVDPk8S4T1rfKNWSvtDnzhLN8omMK1xLCBBWpump,1787628888.7885144,fe73e3de33cd53ef5a4232e9ef46084b2babdc21,MrCate,B,pumpswap,True,4,0.0001756,34543.96,175692.0,175692.0,492857.54,492857.54,492857.54,4798,3669,52.55,47.39647524007162,71.3,700,5.2,0.0,0,0,1.0,6,18,0
8RqKstbnjiiHmZKvMgUGdDrPdwoddYjtopcsAHjnpump,1787628888.7885144,fe73e3de33cd53ef5a4232e9ef46084b2babdc21,MPGAC,B,pumpswap,True,3,0.0001935,37691.08,193538.0,193538.0,819996.07,819996.07,819996.07,2981,2560,360.0,28.36314190673828,76.3,1280,14.0,0.0,0,0,1.0,93,15,1
HsrJz1Crk8cNWiFu9eRMYvgnVu8zzti3Rz7rWRNkpump,1787628888.7885144,fe73e3de33cd53ef5a4232e9ef46084b2babdc21,Tailing,B,pumpswap,True,6,3.269e-05,13815.97,31781.0,31781.0,65113.4,280982.36,280982.36,971,846,24.06,85.07980857340495,71.8,1637,25.5,2.4,4,0,1.0,150,14,33
6hDfuLG675uDxQh33e4roc9xg5PSL2opJ8dzwmnWpump,1787631623.2790186,eb3225521868acf2717815a9c438643fc65ceacd,Toma ,B,pumpswap,True,7,0.0001662,33128.84,166241.0,166241.0,200129.87,200129.87,200129.87,2130,1753,293.0,15.421316975911457,53.9,926,22.0,0.0,0,0,1.0,333,46,29
39fNg98hhpyiRTGD8Gf8y5MwFVgJJZEnDyTMKdDZpump,1787633963.9622219,5b878b83409da880b23d1d311f836d31c23d461d,SEYONGPARK,B,pumpswap,True,6,2.317e-05,11223.56,23180.0,23180.0,221968.66,221968.66,221968.66,3169,2506,-43.63,23.13270369873047,72.2,1536,27.1,0.0,0,0,1.0,208,35,13
DdSWN7sLXoJ3Bi4F6uW3SnBMYCp6FBE1WjVKjXLTpump,1787633963.9622219,5b878b83409da880b23d1d311f836d31c23d461d,NATHAN,B,pumpswap,True,5,5.186e-05,17626.48,49604.0,49604.0,8843.36,25368.92,80766.64,298,96,45.26,1963.5827036987305,61.3,1228,26.2,1.2,4,0,1.0,247,9,22
5xrGXVNZjdyuGerGcLuGqk5tg38BG3eK5kTcF8QGpump,1787636416.3890798,1e4caba00097ae3b1217aabcb46e753d473e5b93,CASHCAT,B,pumpswap,True,2,0.0003335,48390.13,333558.0,333558.0,485210.88,485210.88,485210.88,3547,1576,300.0,36.489817997233075,71.2,1930,2.9,0.0,0,0,1.0,56,2,1
78YrJ8hacDMWgdUZHohunxGPVQ85fW1Jjft2ho8epump,1787636416.3890798,1e4caba00097ae3b1217aabcb46e753d473e5b93,Goopy,B,pumpswap,True,7,2.261e-05,10986.27,22617.0,22617.0,57824.63,57824.63,57824.63,748,591,-45.31,20.339817997233073,60.1,627,22.7,0.0,0,0,1.0,89,9,4
D9qNfYpFtP9E3YpjBJDCD5PuWoD3445cC9K6PMX5pump,1787636416.3890798,1e4caba00097ae3b1217aabcb46e753d473e5b93,TRENCHERS,A,pumpswap,True,0,0.0002061,38037.87,201764.0,201764.0,100602.18,510106.0,570812.95,563,742,13.65,410.23981799723305,75.5,1363,6.9,0.0,0,0,1.0,24,27,5
HtTYHz1Kf3rrQo6AqDLmss7gq5WrkWAaXn3tupUZbonk,1787636416.3890798,1e4caba00097ae3b1217aabcb46e753d473e5b93,KORI,B,raydium,True,1,0.002446,414392.07,2446896.0,2446896.0,44619.44,57917.15,72266.61,243,164,19.68,674904.8898179972,34.1,40816,17.4,0.0,0,0,1.0,1000,5,48
2vLZz5EGx7CjVRqxjvdm6138aVX2M3mqZjZGBjUFpump,1787638714.8944213,d8d37f2c2a66fa8a556f79708857ca04dce8287c,MAYA,B,pumpswap,True,3,0.0001123,27669.03,110629.0,110629.0,441880.35,618687.16,618687.16,12640,3847,82.6,66.93157368977865,89.7,3789,2.5,0.0,0,0,1.0,60,23,1
AqgtHrC5TwPcvTf9dmgQhWwUhmVbaGynop1LxvU9pump,1787642001.103072,0fb782584078b62fb9c73eb126612fbb56a53bcf,CATECOIN,B,pumpswap,True,4,0.0002483,43434.09,248370.0,248370.0,999393.51,999393.51,999393.51,9579,7800,498.0,19.468384533691406,76.3,1428,15.2,0.0,0,0,1.0,358,32,4
8RRDLdszPMLq44BX2VjriuCQmaLeag2ueG6hPiFKpump,1787644934.8263128,cf5f5e4dcb8e0a6cdc0d4fd8a44b272ee0cb1c67,Froog,B,pumpswap,True,4,0.0001465,30952.69,146590.0,146590.0,286174.89,286174.89,286174.89,5476,4843,209.0,36.69710521240234,65.5,2396,14.1,0.0,0,1,1.0,63,3,0
EZW4pq5vMqkk8v6x56XDsNqn665GoRg3z7dknq6opump,1787644934.8263128,cf5f5e4dcb8e0a6cdc0d4fd8a44b272ee0cb1c67,MEWCAT,B,pumpswap,True,4,0.0001154,27453.51,115473.0,115473.0,529652.42,529652.42,529652.42,4592,994,0.41,37.19710521240234,90.8,3527,5.6,3.4,8,0,1.0,6,25,0
De3uNV7rJpN5uJuchVUHmzEji88ov1jxUrHBpGTypump,1787648012.6415765,2132c8f8bab666cc93b27266e49314c41d02d8d3,SIRIUS,B,pumpswap,True,8,4.241e-05,15593.61,42412.0,42412.0,79026.12,79026.12,79026.12,1269,1015,4.1,49.2273596069336,59.9,929,24.5,0.7,5,0,1.0,148,14,8
7xpKxK2ktFXtPLQBAPcaLp71a5CU1UdvyfgQ3dWJpump,1787651177.1780908,caa14aed7f846b938d7c1156659f342b1993926b,LOKI,B,pumpswap,True,4,0.0002335,39465.3,233531.0,233531.0,176550.76,176550.76,176550.76,3507,1908,285.0,21.95296818033854,61.0,1773,6.6,0.0,0,0,1.0,10,23,1
AJQ9BpSYugBQ8C7gWYssjES6r69T5eAnu3MFqewqpump,1787651177.1780908,caa14aed7f846b938d7c1156659f342b1993926b,mNAV,B,pumpswap,True,6,5.775e-05,19195.24,55891.0,55891.0,236659.36,428822.07,428822.07,2844,2085,0.83,78.16963484700521,76.2,2341,18.4,5.3,13,0,1.0,344,32,21
4kdU5fKaRb3ZDP84vAm2N8PY2Bq3PBtT5NkgzfAnpump,1787652936.7974348,1eccecd8320f530e3e2a339435d691e389cbaa4a,MEOWCAT,B,pumpswap,True,2,0.0002355,39862.11,235565.0,235565.0,384048.7,384048.7,384048.7,3075,1009,226.0,34.81329058024089,75.2,1928,3.3,0.0,0,0,1.0,20,0,0
6DBZZt8i1sHU4XggrSNUjGZDwJa7SF61DEMYLN9Rpump,1787652936.7974348,1eccecd8320f530e3e2a339435d691e389cbaa4a,X,B,pumpswap,True,6,0.0001023,25456.36,102320.0,102320.0,267880.29,267880.29,267880.29,3381,2591,149.0,11.596623913574218,62.8,1854,18.2,2.9,4,0,1.0,355,42,17
Gb7Mmi5F3VmjGtvdw1mgcXoGBPp2DrbgqWSo6d4tDD1g,1787652936.7974348,1eccecd8320f530e3e2a339435d691e389cbaa4a,PENSION,B,raydium,True,4,4.936e-05,25863.16,49361.0,49361.0,23789.69,31745.15,31745.15,139,113,207.0,197.57995724690755,28.6,206,26.7,0.0,0,0,7.0,19,2,4
31TBAGQ4cydajbZYCqvuyA9SqmKV7zvtdmohkLAJpump,1787657794.0143347,5152ec70fe423fde1edc3033fe53374fe5dc7d44,KERMIT,B,pumpswap,True,4,0.0001343,29395.7,134351.0,134351.0,270069.6,270069.6,270069.6,1222,517,87.43,17.216905578613282,67.5,635,4.3,0.0,0,0,1.0,11,24,0
AVKQT851Cn3i1K5wDQsBfomYkiqdciqPE2bhZ5Egpump,1787657794.0143347,5152ec70fe423fde1edc3033fe53374fe5dc7d44,WAKO,B,pumpswap,True,3,8.882e-05,23574.43,88822.0,88822.0,213852.87,213852.87,213852.87,5429,2344,48.02,26.650238911946616,79.8,2767,5.9,0.0,0,0,1.0,13,30,1
GCr352ouzNZkNQd3KZqs6jFuQb8LiYnWsEJSUpSfpump,1787657794.0143347,5152ec70fe423fde1edc3033fe53374fe5dc7d44,GASSPAS,B,pumpswap,True,6,0.0007233,73443.11,723306.0,723306.0,1530687.4,1530687.4,1530687.4,7390,3212,327.0,45.983572245279944,60.7,408,9.4,0.0,0,0,1.0,33,24,8
3RXfvoL5tDYRQfZZ9rweeHwCpv5kbdZ4BWrqxWLzpump,1787659181.7261693,8c2b88423b8e69d2b6b5aad8b7f7e201eb4a9fe3,CATVERSAL,B,pumpswap,True,6,0.000106,25634.02,106067.0,106067.0,115292.06,115292.06,115292.06,5391,1174,110.0,23.06210282389323,63.3,720,9.0,0.0,0,0,1.0,51,28,4
8dphQxaQpvt7qbjRZrBkriYNN3MBZRTikZ7S17XSpump,1787659181.7261693,8c2b88423b8e69d2b6b5aad8b7f7e201eb4a9fe3,COCK,B,pumpswap,True,5,3.298e-05,13398.98,31168.0,31168.0,3429.57,11614.58,22480.41,141,58,16.91,514.1621028238932,42.8,530,28.0,4.9,4,0,1.0,38,27,2
BTKfTUMRYsS5W5RXfbtMcgJf9fqoz1rhRcJtESyPpump,1787666350.1989965,f3bdf6c1512d1681ba6007bc9a3b8e78caacac79,BARK,B,pumpswap,True,7,0.0002093,37524.58,209316.0,209316.0,580131.76,580131.76,580131.76,5264,4243,421.0,25.60331660970052,72.3,2620,20.1,2.5,9,0,1.0,375,24,25
E1KQmMoyRKt69pYva2ejSQ1FB7P1czCvmZgRiypVpump,1787666350.1989965,f3bdf6c1512d1681ba6007bc9a3b8e78caacac79,GOGH,B,pumpswap,True,6,2.6e-05,11905.7,26007.0,26007.0,282289.98,282289.98,282289.98,3039,2573,-31.59,20.80331660970052,74.7,1575,18.6,6.0,5,0,1.0,243,16,19
FLF1qFm5Y6DMKZngUF78ohLmPfFVfLFtTHryHmPpump,1787666350.1989965,f3bdf6c1512d1681ba6007bc9a3b8e78caacac79,KAT,B,pumpswap,True,3,0.0004818,57266.23,481868.0,481868.0,583724.29,583724.29,583724.29,3120,2401,572.0,55.06998327636719,58.5,2057,16.5,0.0,0,0,1.0,66,20,2
6FPpLK4EzKe1sjC5oyZXfBcVhNbjjJE9pxunpWCTpump,1787669789.7883239,69aed4f332d2f623df3abe35f3b5fe93dc31b1e8,VICECATE,B,pumpswap,True,2,0.0002027,36625.47,202747.0,202747.0,384769.98,384769.98,384769.98,7332,877,207.0,46.32980539957682,82.9,3480,4.8,0.0,0,0,1.0,13,28,0
DzCzXJAR1suw7f9By4DTfc1d94wfHAFfV7ouDFa9pump,1787669789.7883239,69aed4f332d2f623df3abe35f3b5fe93dc31b1e8,PMT,B,pumpswap,True,6,3.943e-05,14797.18,39430.0,39430.0,20533.36,20533.36,20533.36,363,349,-1.62,50.52980539957682,36.9,495,16.3,0.0,0,0,1.0,88,13,5
6ESmK8y4rugurH1ZQWyEBCTYjfjatnALi1iNcY7rpump,1787676557.4058604,e31c8f51156d2105e17dfd91c6155a83eeec3ff6,APPLECAT,B,pumpswap,True,3,0.0006866,69584.99,673945.0,673945.0,338012.44,741625.25,741625.25,9773,5123,87.24,101.94009767252604,66.0,4267,3.2,0.0,0,0,1.0,38,12,0
9orRZbVL3zontHSVC92p9LSUTdCFbYtqCdSDdKPpump,1787676557.4058604,e31c8f51156d2105e17dfd91c6155a83eeec3ff6,长毛,B,pumpswap,True,1,0.000227,39396.64,221148.0,221148.0,192829.21,581593.57,581593.57,6446,2749,31.7,118.4567643391927,83.1,8947,3.4,0.0,0,0,1.0,42,28,1
FojFAR8uj6zn3327KD9WfFBVTbjvCwsVR5D3dyvSpump,1787676557.4058604,e31c8f51156d2105e17dfd91c6155a83eeec3ff6,Otter,B,pumpswap,True,1,0.0002311,39303.96,229039.0,229039.0,165830.38,498858.66,498858.66,10540,1412,-6.28,106.4067643391927,82.7,11774,11.6,0.0,0,0,1.0,38,30,0
4kKgb1AyKo3xpbspPk6PkRxaaUtiYw3FLPbSpbZxpump,1787678352.9663606,2318c68e993d02dbc873285949e15c19c27fb420,Ash,B,pumpswap,True,6,0.0001441,30385.71,144122.0,144122.0,265338.22,265338.22,265338.22,2009,1741,262.0,25.616106009928384,61.3,1106,22.7,0.0,0,0,1.0,136,18,13
GDstqxcHxtSj4FWip88DXGASwjwxnDNynLbNFHYppump,1787678352.9663606,2318c68e993d02dbc873285949e15c19c27fb420,$LAKE,B,pumpswap,True,6,9.686e-05,24598.85,96862.0,96862.0,208756.33,208756.33,208756.33,3554,803,106.0,20.316106009928387,75.4,733,5.5,0.0,0,0,1.0,167,10,0
3CCFFVtM1gS4ZU9Go146iDYut6VuNLG4NDgQWh3Rpump,1787680172.8956695,ba1b6ed5fcc00d3986c16c19316ececef68fa059,ANSEMCOIN,B,pumpswap,True,5,0.0001049,25376.38,104903.0,104903.0,74952.81,74952.81,74952.81,699,782,164.0,15.281594490559895,40.5,559,15.1,0.0,0,0,1.0,37,14,4
7nLukVng5teXze14rum9v57juXLjUp7JJnCveko1pump,1787681882.159249,173b92d4c7f88e2e47336f7872527bda6a135728,Martians,B,pumpswap,True,6,0.002446,146290.9,2343880.0,2343880.0,4537379.72,4545026.5,4553943.58,14590,12692,6549.0,33807.10265415039,49.3,5968,21.3,7.9,18,0,1.0,1000,10,100
FBCStPyNtdW5gnEmsmdFY1whJ7jxEuPggN6un416oJ77,1787684596.1900663,763a0628260078fec55f1652f2b3341b079f1bc3,FBCS,B,meteora,True,2,0.0004533,52068.84,453303.0,453303.0,10126.06,35311.74,35311.74,39,48,1594.0,155.06983444010416,24.1,131,17.8,0.0,0,0,1.0,0,0,0
GShWswpuW27nadAacS1mMEhxvrYe9Db2QpfK7Hwrpump,1787684596.1900663,763a0628260078fec55f1652f2b3341b079f1bc3,ATCHOUM,B,pumpswap,True,2,0.0001063,26116.84,106388.0,106388.0,307483.86,307483.86,307483.86,8086,1322,109.0,30.636501106770833,92.5,6003,2.1,0.0,0,0,1.0,43,5,1
USCSiKDUVap6hj33JvRDYq6bEmiBwVm3BvE6o5fNgRf,1787684596.1900663,763a0628260078fec55f1652f2b3341b079f1bc3,USCS,B,meteora,True,2,0.0004543,52130.53,454353.0,454353.0,5861.24,31046.92,31046.92,34,34,1598.0,148.6531677734375,24.0,133,17.8,0.0,0,0,1.0,0,0,0
4mxp6WN2uAtDBd8BHNPSTYUEy6mD7R3gejzayWGBpump,1787686802.9387825,00b2013ed66ba0d64364bf0a021199dddcc24eda,豹拉,B,pumpswap,True,5,0.0001111,27046.4,111191.0,111191.0,526153.36,526153.36,526153.36,392,476,32.69,49.93231304117838,57.5,289,12.6,0.0,0,0,1.0,25,10,5
772iJKecjhdRHX9LXkgzXipnofsYxmDcMJKWS7c9pump,1787686802.9387825,00b2013ed66ba0d64364bf0a021199dddcc24eda,TERMINUS,B,pumpswap,True,2,0.0001886,35040.46,188630.0,188630.0,315880.17,315880.17,315880.17,4325,673,176.0,27.182313041178386,80.0,2412,3.6,0.0,0,0,1.0,5,15,0
EiRnsSVCo6bfY91q4e48KDgHVhnh82qY9i1qwwo7pump,1787688658.9196322,0a90534af00d3f6f0d259a4dcf36306c54eeedec,BEAVERS,B,pumpswap,True,6,5.74e-05,18477.25,57406.0,57406.0,174591.67,174591.67,174591.67,2260,1705,45.65,5.531993868001302,62.4,1432,21.8,0.0,0,0,1.0,286,32,16
7aZuFpStG2CQRAr4RbWYGeCf21PLsLL15QjRpYN8pump,1787691001.8755393,4d21bfd8e878200d68ebbbc06da89e096ab10090,distrocoin,B,pumpswap,True,7,2.977e-05,12550.33,29777.0,29777.0,65660.19,65660.19,65660.19,1001,757,-25.75,13.447925655110677,49.3,674,24.2,0.0,0,0,1.0,80,36,6
ANsvYRPb1ePR9jhdMLZe35E59NMJg4qfieNU3p4vpump,1787691001.8755393,4d21bfd8e878200d68ebbbc06da89e096ab10090,BATCAT,B,pumpswap,True,8,3.537e-05,13818.58,35376.0,35376.0,27888.58,27888.58,27888.58,501,328,-10.49,34.48125898844401,54.1,998,21.1,3.2,4,0,1.0,95,11,6
5RhPVzDsj4K6WMyYJ71yEXAGfhuT25bbSesfKNFEpump,1787694462.8241243,982a05a38e16fb777e22454a709badd3b3ed4c3f,SNIPY,B,pumpswap,True,2,0.0002964,44188.72,296486.0,296486.0,324795.82,324795.82,324795.82,6529,1440,299.0,23.697068737792968,72.6,3205,3.1,0.0,0,0,1.0,16,2,0
HhSDQs8y8vQivndqj4e46LqQGasDVNmt9jaSvia9pump,1787694462.8241243,982a05a38e16fb777e22454a709badd3b3ed4c3f,MDOT,B,pumpswap,True,2,0.0002698,42627.95,269880.0,269880.0,552743.66,552743.66,552743.66,3340,1467,512.0,37.030402071126304,77.3,1888,2.5,0.0,0,0,1.0,12,5,0
7h3jTPnEF7QT36YZ68eBRS1pg5pqBfj9XmFFbNfqpump,1787695742.3771715,cedc7c746dddfbf2bb485be2e321e442b1be6d61,MARSCAT,B,pumpswap,True,2,0.000106,25697.07,106085.0,106085.0,196251.34,196251.34,196251.34,3900,548,115.0,18.83961952718099,79.2,2320,11.8,0.0,0,0,1.0,11,28,1
EDxJPcUVHM85Nxq6bbaQ3J2udRbTG5N4DbwKwoUTpump,1787698126.9608376,6ab1ca82cb36a353530413818501d3a8362b9c89,FORBIDDEN,B,pumpswap,True,8,3.441e-05,13755.27,34417.0,34417.0,92487.23,92487.23,92487.23,1070,910,-13.17,28.699347294108073,63.6,791,25.8,5.9,4,0,1.0,113,26,5
2sLKA6PzFVjeTUaiKBCkDbDiS8MuoZAeXxZMgs9Apump,1787701352.3032777,352d5df6f64cabfc9d04a3aded3fbcc68fd1413c,C4T,B,pumpswap,True,3,0.000561,64397.91,561090.0,561090.0,1467318.3,1467318.3,1467318.3,4290,2742,1252.0,47.338387963867184,75.3,2540,14.1,0.0,0,0,1.0,316,45,20
4kqEkiDmkkyQWayzQB5B3dUP6whgAL3becLH5jexpump,1787701352.3032777,352d5df6f64cabfc9d04a3aded3fbcc68fd1413c,George,B,pumpswap,True,5,0.0007074,74262.26,677902.0,677902.0,1790907.31,2148821.03,2148821.03,10398,9551,138.0,77.40505463053385,73.0,5184,21.0,0.0,0,0,1.0,837,35,37
8wpWpXtXgiGqRYERWa4Ns3Ydu8mzu2u18sqqHsJCpump,1787701352.3032777,352d5df6f64cabfc9d04a3aded3fbcc68fd1413c,Choad,B,pumpswap,True,7,4.588e-05,15993.44,45882.0,45882.0,49472.61,49472.61,49472.61,767,538,13.92,3.6883879638671875,38.6,904,27.1,0.0,0,0,1.0,209,36,10
GAYMGsgvudP3cUCVE1HZMnuXiFthcGkecpVoj44hpump,1787701352.3032777,352d5df6f64cabfc9d04a3aded3fbcc68fd1413c,Sned,B,pumpswap,True,6,2.378e-05,11084.13,23782.0,23782.0,143737.27,143737.27,143737.27,2053,1799,-40.56,54.438387963867186,72.8,1089,22.8,0.0,0,0,1.0,147,20,7
3vewHEY3p6GA6BtaEUUtPmm89DUGbsRbw3XTyGK9jNRb,1787702569.120747,2f82a1b3b6ff4af0c535d525a95c6a0236cd0b5e,QNTX,B,meteora,True,3,0.005426,178106.94,5426775.0,5426775.0,11264.05,168476.87,168476.87,174,211,-6.08,90.58534578450521,27.6,233,9.5,0.0,0,0,50.0,52,0,4
2WbTSrJHr1hNCtmYBjuSetZNdsZWZ2eZTuK9GjNPpump,1787714053.0161443,1001204e4e8f8218fd3ea9fcd18e05b41331d50b,Pistacia,B,pumpswap,True,4,0.0003752,50032.99,375281.0,375281.0,438686.1,438686.1,438686.1,3762,1930,290.0,16.26693573811849,66.5,1826,4.4,0.0,0,0,1.0,18,12,0
57L636DoJzp23Jzb3iLzhYj1FcF2LEK63s6tFg9Wpump,1787714053.0161443,1001204e4e8f8218fd3ea9fcd18e05b41331d50b,RedLeek,B,pumpswap,True,4,0.0001536,30982.26,153669.0,153669.0,117450.84,117450.84,117450.84,4033,3127,282.0,15.083602404785156,51.6,2546,22.9,0.0,0,0,1.0,88,17,0
CSZnMhi3MLu5Z2W3unxgMjZM4usKC7eNspXiZfgQpump,1787714053.0161443,1001204e4e8f8218fd3ea9fcd18e05b41331d50b,Catetacio,B,pumpswap,True,1,0.0003594,50066.37,354492.0,354492.0,517061.07,840043.68,840043.68,10072,3080,58.89,91.33360240478515,83.6,5093,1.9,0.0,0,0,1.0,64,2,0
ECLDS9hrEws6pGLpW8JhYJMpHvawaxJG71ae8oE6pump,1787714053.0161443,1001204e4e8f8218fd3ea9fcd18e05b41331d50b,PEPSTACIO,B,pumpswap,True,3,9.809e-05,24589.71,96147.0,96147.0,19604.1,197623.74,197623.74,385,205,-14.1,151.18360240478515,64.0,642,10.0,0.0,0,0,30.0,6,19,1
V6MaeengXCRYCdBHSFV9odNrwj1jim8UU1FGZ1upump,1787714053.0161443,1001204e4e8f8218fd3ea9fcd18e05b41331d50b,BADGERS,B,pumpswap,True,5,0.0002611,42126.78,261105.0,261105.0,748930.29,748930.29,748930.29,7071,5747,561.0,41.73360240478516,71.4,2775,25.0,0.0,0,0,1.0,336,35,22
2FZjoWKuAZB2gyTwUSSGiDN1GVtydZ2T2smkCReJpump,1787717197.4650064,ec53356bd7957b28327e10c38110c8e6e906bc12,BADGER,B,pumpswap,True,9,5.592e-05,18084.28,53733.0,53733.0,127503.04,176906.98,176906.98,1828,1594,31.67,75.30775010579427,65.5,938,38.1,2.3,4,0,1.0,106,22,12
DUsxzGppjqvSeYkvNVYW1SGxkxnaAt43FNxuQRLfpump,1787717197.4650064,ec53356bd7957b28327e10c38110c8e6e906bc12,eˣ,B,pumpswap,True,5,5.004e-05,17006.56,50043.0,50043.0,187640.21,187640.21,187640.21,2769,2196,25.54,25.041083439127604,72.9,1905,25.1,0.0,0,0,1.0,213,21,12
wraeuVRXjp5YibVC7zRY6xMjz35GrZnQttqSJAgpump,1787717197.4650064,ec53356bd7957b28327e10c38110c8e6e906bc12,fish,B,pumpswap,True,6,0.0001475,31700.69,147543.0,147543.0,695038.72,695038.72,695038.72,8482,7255,270.0,45.80775010579427,76.0,3161,14.7,3.0,13,0,1.0,573,12,19
3YVwvY2ysuAe9B7bJbcuBFGy7tJnZNUdwk9pA18ipump,1787719952.7242527,646ca1907464fbf6adfac8b54f47064b7b204f6e,WUF,B,pumpswap,True,6,0.0001987,35916.49,198715.0,198715.0,267186.72,267186.72,267186.72,2985,3224,391.0,31.54540421142578,55.5,1564,21.2,0.0,0,1,1.0,127,26,6
8GB6MhYXzu2VEVMxbUq6REAmHowmYXwdoUUdSrSKpump,1787719952.7242527,646ca1907464fbf6adfac8b54f47064b7b204f6e,NEEGON,B,pumpswap,True,4,0.0001417,30055.74,141749.0,141749.0,305315.74,305315.74,305315.74,5568,4291,255.0,33.27873754475912,71.8,2469,6.3,0.0,0,1,1.0,63,14,0
AEeYTijohQT1XejCCLs3Ms3eoVgzRZ2fVZZyCzxepump,1787719952.7242527,646ca1907464fbf6adfac8b54f47064b7b204f6e,ThreeUI,B,pumpswap,True,10,5.144e-05,17112.79,51443.0,51443.0,67125.04,67125.04,67125.04,2266,756,27.04,22.81207087809245,53.9,622,25.9,4.5,23,0,1.0,100,28,5
DPxk9o57vZPpSBHrTF1DaTWMV6vziQq3zN36EY8kpump,1787719952.7242527,646ca1907464fbf6adfac8b54f47064b7b204f6e,RATMAN,B,pumpswap,True,3,7.911e-05,22152.9,79117.0,79117.0,333460.09,333460.09,333460.09,14362,1819,60.84,49.52873754475912,94.5,5731,2.6,0.0,0,0,1.0,6,21,0
34AnX3vhKG8GfuzbeWKA3BYF8avq2uki9ngYuTrmpump,1787723002.898038,f501486d59eef238d5c47b1fe17c44a58e6f096d,Pistache,B,pumpswap,True,6,4.645e-05,16429.73,46451.0,46451.0,250223.57,250223.57,250223.57,3647,3020,21.11,19.51496729736328,73.9,2045,21.4,0.0,0,0,1.0,362,34,11
6hekwc4iXJTMZzzz8Zws9CkDeKey7xhqYYL6W1n7pump,1787728455.1191638,3b0a940b3910b81b4b96404ff7e96fbe8143b723,Joguman ,B,pumpswap,True,5,9.014e-05,23388.4,90141.0,90141.0,166780.0,166780.0,166780.0,710,601,125.0,45.86865273030599,52.3,493,13.9,0.0,0,0,1.0,6,15,1
EumP1q4oc1DVcZAJ4mRBeXpbTRtvkyr8xRrLL4qApump,1787728455.1191638,3b0a940b3910b81b4b96404ff7e96fbe8143b723,TRUMPPISTA,B,pumpswap,True,2,0.000378,51242.25,373212.0,373212.0,301706.74,783650.53,783650.53,10096,4779,26.61,102.55198606363932,77.0,4084,3.0,0.0,0,0,1.0,46,5,0
HzxQ54wrYxh2RYsX3m9TXAAsucQRxYPe4maVmEUZpump,1787728455.1191638,3b0a940b3910b81b4b96404ff7e96fbe8143b723,MVA,B,pumpswap,True,7,5.068e-05,16944.87,50683.0,50683.0,74643.74,74643.74,74643.74,827,757,29.27,55.50198606363932,44.1,545,27.1,0.0,0,0,1.0,89,15,6
DMoRRheiQrGVRm6Z76Hfg5XxqJF5kJ4vX9A2cDNKpump,1787734602.8400972,213487145262cea51337d5554f282ed3caadee25,Dogtasio,B,pumpswap,True,3,8.013e-05,22772.8,76981.0,76981.0,356989.33,700545.32,700545.32,1387,844,-4.44,107.84733495279949,80.1,2890,12.8,0.0,0,0,1.0,113,7,2
G5jV5wtNvUais1iaRnJsuRa8Q2DCubcaZ1Ftjxaapump,1787734602.8400972,213487145262cea51337d5554f282ed3caadee25,WASTACIO,B,pumpswap,True,5,0.0001292,28891.34,129211.0,129211.0,350175.14,350175.14,350175.14,8423,1609,150.0,41.01400161946614,89.5,2967,3.2,7.8,23,0,1.0,11,20,0
9ezNGxFRiM5T7HqmGxvRA3mcmZ4CS89FEFA48pMRpump,1787737933.5693483,c4e20c31050fdd417e6f0f39784fdc3fe6fa4751,GoonBot,B,pumpswap,True,6,7.249e-05,20513.26,69446.0,69446.0,21281.47,34074.65,34074.65,186,144,68.74,72.39282247314453,29.6,358,31.6,0.0,0,0,1.0,47,8,7
FzJ1Cm4kwEjiPmfna8WXWwjC7i41KnB9oi9wz3nHpump,1787737933.5693483,c4e20c31050fdd417e6f0f39784fdc3fe6fa4751,Frug,B,pumpswap,True,4,0.0003755,51563.54,375532.0,375532.0,1181352.92,1181352.92,1181352.92,10514,9281,861.0,19.626155806477865,75.0,3986,16.6,0.0,0,0,1.0,1000,34,35
CsVBNQijeDY28yG4GLkeGE5p3Nic1BPv5M4mX6wTpump,1787746748.6868203,b693312bdd73a3fa22d5a2026627278929e8f526,MARPO,B,pumpswap,True,2,0.0002087,36854.95,208728.0,208728.0,337034.74,337034.74,337034.74,7400,1693,208.0,32.278113671875,77.3,4167,3.6,0.0,0,0,1.0,20,13,0
8deKqTJUarkegWEhZAE5iF7wfbdSu7aFdyfpiitpump,1787759767.9782236,574acdf6de9dd352700f0e74b104c69379658b50,PISTARD,B,pumpswap,True,1,0.0002081,37088.62,202744.0,202744.0,57025.84,527069.85,527069.85,630,542,23.34,343.0829703938802,74.4,994,7.8,0.0,0,0,1.0,6,23,3
2cm7HRJjQnaM2cbBe8c7DCjFdrWY1wUjmgAzzZVKpump,1787763268.4707427,d056aed1463eb39f6d48948fa2f063a992fea2eb,Pisstacio,B,pumpswap,True,2,0.0002736,42862.82,269970.0,269970.0,352001.82,640137.31,640137.31,8924,855,74.15,84.0745123779297,89.2,4689,2.6,0.0,0,0,1.0,35,6,0
9KWZaQbLtFo4DkcwFoGtSqgKZ81G2wZSDDY4T8SEpump,1787763268.4707427,d056aed1463eb39f6d48948fa2f063a992fea2eb,PISTAS,B,pumpswap,True,1,0.0002023,36909.52,199185.0,199185.0,216802.6,693864.83,693864.83,3794,2456,13.76,119.44117904459635,81.9,2453,6.3,0.0,0,0,1.0,11,11,0
GW7oTjyMfjdS91akDWVre4KQNmnD3ckZeSti74BDpump,1787763268.4707427,d056aed1463eb39f6d48948fa2f063a992fea2eb,fihtrump,B,pumpswap,True,2,0.0001049,25267.51,104883.0,104883.0,154507.02,154507.02,154507.02,3581,414,88.89,17.441179044596353,78.6,2376,5.2,0.0,0,0,1.0,8,20,0
CcgRSw62atZK9EEAQVGyTcsshgtGJxtLHK2ZGwZ7pump,1787771681.5434682,51f5e68a5fd35eff002be5f3b5ed9b7d3253f938,Sky,B,pumpswap,True,2,0.003245,156685.32,3201488.0,3201488.0,182874.99,940542.85,3818324.95,2918,1779,7.36,1268.7590578043619,59.3,14591,11.8,0.0,0,0,1.0,40,1,0
24GWZn5HerwLTVoZuC3H7Kxg6jLFMvroA1hTU4uWpump,1787782729.109261,327e6b6d34e0767d4dba2ebb61d956f7eb3d4e09,cat,B,pumpswap,True,1,0.0001025,26329.86,100452.0,100452.0,44634.3,583065.15,583065.15,599,577,-36.58,177.86848768310546,73.4,2146,18.5,0.0,0,0,1.0,100,26,10
2TvUVvuQeVcUwVFp6WVy61wwpnSMG6kNzYpdvEkMpump,1787782729.109261,327e6b6d34e0767d4dba2ebb61d956f7eb3d4e09,MEAT,B,pumpswap,True,6,0.0003499,53372.88,349597.0,349597.0,2424030.58,2424030.58,2424030.58,14242,12784,770.0,28.135154349772137,72.8,5886,22.0,1.2,4,0,1.0,1000,21,87
77zPPem2Cp3WoyDmTtcgRK35SzHw3JsnvNihRqLvpump,1787782729.109261,327e6b6d34e0767d4dba2ebb61d956f7eb3d4e09,doggy,B,pumpswap,True,4,8.408e-05,23691.27,83029.0,83029.0,429810.52,699270.71,699270.71,11265,4089,-60.69,80.6018210164388,87.9,4134,3.8,0.0,0,0,1.0,73,22,0
GXfpsVmvcsymr1q7mBKBXe3ELtvJQAC8F96ASV32pump,1787782729.109261,327e6b6d34e0767d4dba2ebb61d956f7eb3d4e09,Trumptacio,B,pumpswap,True,6,6.729e-05,20045.95,67294.0,67294.0,24496.33,24496.33,24496.33,448,261,65.22,3.418487683105469,32.8,753,17.7,0.0,0,0,1.0,124,16,6
HXfHv8JDXHtBGffBVa6LyFRyfvCRR5Wkh5vmL89pump,1787782729.109261,327e6b6d34e0767d4dba2ebb61d956f7eb3d4e09,FTRUG,B,pumpswap,True,3,0.0002916,44481.3,291518.0,291518.0,361415.85,361415.85,361415.85,1797,711,547.0,17.951821016438803,69.4,1105,4.5,0.0,0,0,1.0,25,22,0
3JFTKtQM96LShPaZWGGg66MmL8ScjvWfRHfBJYGk8mkS,1787800975.921965,94fbfce50378626981f31c0ce2e6c3a79a185fe5,MOFUSAND,B,pumpswap,True,9,2.571e-05,11779.14,25686.0,25686.0,34725.09,34725.09,34725.09,381,345,-38.19,26.082032747395832,41.6,448,24.2,6.3,6,0,1.0,69,6,13
HavpAp4PqYUfiwyFpd9qcCKWrEVi52Z7CYJuXfQqpump,1787800975.921965,94fbfce50378626981f31c0ce2e6c3a79a185fe5,Beagle,B,pumpswap,True,1,0.0006654,69756.86,662194.0,662194.0,137892.84,1081072.11,1081072.11,2375,1219,-13.3,164.76536608072917,71.2,1915,4.2,0.0,0,0,1.0,36,9,0
54hnNKFzSwcCv4cJ8TCjekX3BHFVzc7ooY53FjHJpump,1787841278.61261,354991f182cb7184cbc0ce35ad3a146f443e9fbc,Bare,B,pumpswap,True,4,9.749e-05,25575.98,97495.0,97495.0,273017.94,273017.94,273017.94,3798,2997,129.0,18.793543501790364,74.9,2264,14.5,0.0,0,0,1.0,280,19,7
Dwa2kXQZdb2XduBCHBNYDRAxJp1LzRyW3x3MBrLLpump,1787841278.61261,354991f182cb7184cbc0ce35ad3a146f443e9fbc,apewifhat,B,pumpswap,True,1,0.000154,34030.14,152696.0,152696.0,188052.06,1090502.38,1090502.38,5482,1193,18.41,148.2268768351237,91.7,6449,3.0,0.0,0,0,1.0,72,4,0
pRDTsjfAZjWeV4FAuamh2GFu9Zc3Mqs4UDgPdfSpump,1787841278.61261,354991f182cb7184cbc0ce35ad3a146f443e9fbc,中国黑牛,B,pumpswap,True,3,0.0001496,33210.74,147684.0,147684.0,240229.34,808717.84,808717.84,6253,2193,-17.43,120.5768768351237,88.6,9757,2.6,1.1,6,0,1.0,25,15,0
4PFGKQbJYRZbk8SHNzqQf4DcpyrKJ7r5UKwj4f37pump,1787875015.9512126,a8b58b3fae815516f687e12a6c926590722c4977,RAX,B,pumpswap,True,4,0.0003144,53214.63,314406.0,314406.0,3837697.14,3837697.14,3837697.14,24652,20651,582.0,54.38252021077474,76.8,8810,13.3,0.0,0,0,1.0,1000,29,55
85bq8HiHFs9czQNXRsDLCVuyshXtVjERW8jDn958pump,1787875015.9512126,a8b58b3fae815516f687e12a6c926590722c4977,Grokstreet,B,pumpswap,True,2,0.0002128,40096.9,199008.0,199008.0,239414.2,425283.11,707853.0,1767,1237,134.0,402.6825202107747,76.9,1328,17.4,1.7,4,0,1.0,241,13,44
9uEeSZSdxMm1PaoqQ1VNDwcuDMM9RHqkp2p89Je5pump,1787875015.9512126,a8b58b3fae815516f687e12a6c926590722c4977,AFD,B,pumpswap,True,4,0.0001224,29554.69,119545.0,119545.0,41221.09,261141.12,366891.17,1958,1719,6.39,452.03252021077475,64.0,472,10.1,0.0,0,0,1.0,100,36,4
AUsU7BR5RrPxJ7C7MoPJ7bV8sxnzfvcHzNdKq4zqpump,1787875015.9512126,a8b58b3fae815516f687e12a6c926590722c4977,kall,B,pumpswap,True,4,2.783e-05,13733.0,27162.0,27162.0,1030.07,648205.91,969030.44,14,33,12.3,384.2158535441081,61.4,409,10.1,0.0,0,0,1.0,182,39,12
EhHJSjF7EzHognd9DwjUJAMtFpEudjMoXZcZgbyBpump,1787875015.9512126,a8b58b3fae815516f687e12a6c926590722c4977,TOGETHER,B,pumpswap,True,1,0.0001111,29131.93,109414.0,109414.0,244630.72,986158.2,986158.2,5949,1855,-45.08,187.4491868774414,89.7,4855,2.2,0.0,0,0,1.0,150,23,0
4o1ov5siUZH1BEJWvKxj9LHqBAXLEz1tddN6bRnLpump,1787915647.8613975,9f067bfea4c9d91eee6145faef4cbf32e1648263,LAAMA,B,pumpswap,True,2,5.129e-05,18470.83,49888.0,49888.0,4245.91,430341.09,583248.02,305,45,22.09,431.66435662434895,90.0,1850,12.4,0.0,0,0,1.0,123,0,1
7ursFQJE7UykT95cMCBErzq5sqEq9AJ6q11cWzAqMp5,1787915647.8613975,9f067bfea4c9d91eee6145faef4cbf32e1648263,COUGH,B,pumpswap,True,2,0.0001325,30804.97,127437.0,127437.0,10608.92,60052.9,621209.55,114,120,1.59,1000.6810232910157,70.2,1662,20.2,0.0,0,0,1.0,324,5,34
AVLHDtkj5K1zPxACnUbGybWQACBq9H9uatF42h7Kpump,1787915647.8613975,9f067bfea4c9d91eee6145faef4cbf32e1648263,GTAAPE,B,pumpswap,True,1,0.0004461,58231.09,440715.0,440715.0,158788.92,909075.88,909075.88,1751,525,-13.45,260.88102329101565,80.1,6212,3.5,0.0,0,0,1.0,8,29,0
GNGhPhcLt5HJ6WjUHQSYoY3KhBFsksxu6FpvLpCFpump,1787915647.8613975,9f067bfea4c9d91eee6145faef4cbf32e1648263,invest,B,pumpswap,True,4,0.0002447,41794.67,244778.0,244778.0,380855.72,380855.72,380855.72,4830,2655,159.0,24.231023291015624,68.6,1581,7.5,0.0,0,0,1.0,6,26,0
HG3sZ52NRmNpm2BueL1MSBM3krr5M6YJtQohjNyhpump,1787915647.8613975,9f067bfea4c9d91eee6145faef4cbf32e1648263,BANDOS,B,pumpswap,True,3,2.342e-05,13518.41,23273.0,23273.0,1392.99,12655.42,4560354.52,34,48,1.91,690.214356624349,73.5,9683,14.2,0.0,0,0,1.0,1000,12,52
3MXLA9wxYva79QNsP7AjrNttogHncNyHKC8SBn8vpump,1787952427.5568464,9fe4dcb1d862ec1e65f8692f17010a01af17c1da,PINKOTC,B,pumpswap,True,2,0.0008513,80432.66,839861.0,839861.0,243983.8,1164282.8,1164282.8,8131,4655,20.44,164.4926141072591,68.2,4429,2.9,0.0,0,0,1.0,60,23,0
A7mTBXj5J4D92BkTVQEzbF4d7gvbEPFbotgmjad9pump,1787952427.5568464,9fe4dcb1d862ec1e65f8692f17010a01af17c1da,CATOTC,B,pumpswap,True,2,0.0001551,32363.99,155172.0,155172.0,239499.42,239499.42,239499.42,5145,770,162.0,31.909280773925783,79.2,3251,2.8,0.0,0,0,1.0,35,1,0
CdcFwa6eGBFraXaHpNNetgZyisuTMMsMH6hVgdfnpump,1787952427.5568464,9fe4dcb1d862ec1e65f8692f17010a01af17c1da,apesemfone,B,pumpswap,True,1,0.0002664,45027.08,263865.0,263865.0,192737.28,1638162.64,1638162.64,6331,1551,-32.08,220.27594744059246,91.4,8822,2.0,0.0,0,0,1.0,199,3,0
35M9BcmFRQ86TnmoFMfUmteZrQrmUm2n7ZiV5gacpump,1787973581.861264,950df8382f49d01eb3b50b511196028d4ca80832,trumponfone,B,pumpswap,True,6,9.004e-05,24153.57,90043.0,90043.0,157180.22,157180.22,157180.22,4420,616,47.45,25.63102106526693,63.4,473,16.0,0.0,0,0,1.0,17,15,1
5CwpF2UsgWvNKeDQaKZPjQCd6jM4K32yNVRVCuh1pump,1787973581.861264,950df8382f49d01eb3b50b511196028d4ca80832,KURO,B,pumpswap,True,5,0.0002169,42163.92,212828.0,212828.0,19140.08,168548.12,998714.66,115,93,14.15,1490.6643543986002,69.2,3621,24.1,3.6,8,0,1.0,458,21,48
5tG8efhw51r5yKJ65hfZ9nU5MJaqn9GEtwbfmDatpump,1787973581.861264,950df8382f49d01eb3b50b511196028d4ca80832,pinkfone,B,pumpswap,True,2,0.0003057,46527.6,305751.0,305751.0,396134.63,396134.63,396134.63,3652,721,321.0,29.597687731933593,74.6,2419,4.6,0.0,0,0,1.0,9,20,0
3cMeyogu2sPzyQP8vwLLHQHcUt6tFWNsTZv8Mhywpump,1787998446.3808439,1f27c93d0d7dc85fa778b7b3b61e97117c20e18a,CrayonEater,B,pumpswap,True,6,7.321e-05,21520.86,73219.0,73219.0,140168.25,140168.25,140168.25,1729,1394,71.7,4.82301406656901,48.6,1324,27.0,0.0,0,0,1.0,247,16,19
5HTeFAka8LgGQBoSgzsPry3Yv56zFkv2dWY2sks8pump,1787998446.3808439,1f27c93d0d7dc85fa778b7b3b61e97117c20e18a,VEGA,B,pumpswap,True,2,0.0001288,29303.53,128808.0,128808.0,261230.68,261230.68,261230.68,6197,823,71.95,39.439680733235676,84.4,3955,3.3,0.0,0,0,1.0,12,4,1
5mFZZzyUawGknigAxf3zkQQtSpnYqSGUg5bRz3b3pump,1787998446.3808439,1f27c93d0d7dc85fa778b7b3b61e97117c20e18a,CHILLAPE,B,pumpswap,True,3,0.0002665,43452.7,260705.0,260705.0,220742.44,489603.45,489603.45,11324,8040,38.36,133.373014066569,67.4,1246,12.7,0.0,0,0,1.0,18,29,0
9jRKQFo7SnAQYAndkwLCBx8D2RLkdspX5dCMSMaZpump,1787998446.3808439,1f27c93d0d7dc85fa778b7b3b61e97117c20e18a,BIRDHOUSE,B,pumpswap,True,5,2.032e-05,11087.73,19675.0,19675.0,14603.61,909901.0,909901.0,337,294,-34.27,213.35634739990235,74.7,3275,17.7,2.6,9,0,1.0,425,21,26
APsZ9cXdHXkj1dfuG622X5xeCMJapJ7LBPuLKvi8pump,1787998446.3808439,1f27c93d0d7dc85fa778b7b3b61e97117c20e18a,GT,B,pumpswap,True,4,2.798e-05,12579.89,27056.0,27056.0,38883.9,174695.55,174695.55,570,476,-29.45,94.30634739990235,73.0,1339,23.4,0.0,0,0,1.0,190,21,17
DTdDsWkaXimkyMQgr6mKTiTfsuFQBM6dHS478N6Apump,1787998446.3808439,1f27c93d0d7dc85fa778b7b3b61e97117c20e18a,BAILEY,B,pumpswap,True,2,0.0008984,83386.33,878163.0,878163.0,274418.64,1231144.45,1231144.45,8163,4693,65.58,231.45634739990234,68.3,8809,2.8,0.0,0,0,1.0,23,16,1
7VVmK93JJgnKe9uWCqkCWMtWtWnpGJZyJjjUi3RZpump,1788016000.158602,a49b66eb1ad795962fe8175429b9649623367538,CopperApe,B,pumpswap,True,2,0.0001192,28484.65,119201.0,119201.0,352108.39,352108.39,352108.39,2832,899,63.6,47.10264336751302,87.8,2016,5.5,0.0,0,0,1.0,6,20,0
95TDpd91E9KcwiuU6kkG7BUVkAR3yvBNEC5pHHGNpump,1788016000.158602,a49b66eb1ad795962fe8175429b9649623367538,IQ,B,pumpswap,True,6,3.826e-05,15788.66,36655.0,36655.0,13909.07,600236.71,755824.57,213,205,-21.81,446.352643367513,68.5,1741,31.0,4.6,8,0,1.0,189,23,31
AfGdjAp9djSaqJxzYo3t6jy8tJA3o2aDPHoZ57Egpump,1788016000.158602,a49b66eb1ad795962fe8175429b9649623367538,Greyson,B,pumpswap,True,3,0.001403,103691.6,1391340.0,1391340.0,278909.28,934073.92,934073.92,8456,5802,126.0,115.50264336751302,59.1,1878,3.6,0.0,0,0,1.0,15,11,0
BJbUiYM22WhpL1jtTqkvrQuYhkYymdUNGZjbrE87pump,1788016000.158602,a49b66eb1ad795962fe8175429b9649623367538,WPLEB,B,pumpswap,True,2,8.664e-05,24366.85,82972.0,82972.0,233940.54,456738.63,456738.63,2317,2126,-1.85,120.13597670084636,79.2,2546,4.5,0.0,0,0,1.0,4,22,0
D1cdMQobt76zpSsLdffG54R5fiZDS7wKX7yR6gg4pump,1788016000.158602,a49b66eb1ad795962fe8175429b9649623367538,ApeTrump,B,pumpswap,True,2,0.0003233,49206.25,319331.0,319331.0,711102.07,921173.07,921173.07,11738,1723,141.0,73.85264336751302,92.9,6427,2.2,0.0,0,0,1.0,51,0,1
62gahMxD7cvSK3GuEyn3SvPwVY1366j8Z12B62mvpump,1788027896.046439,e8e34da3fd338fb23cda3f7b6eade899cc7684da,CHIBI,B,pumpswap,True,3,9.529e-05,25069.0,93646.0,93646.0,117087.35,205255.76,205255.76,4581,420,-16.98,66.58410731608073,72.5,478,7.9,0.0,0,0,31.0,25,19,2
8AFPG5SDGyQbVo4ez1gd4dpYKBtVByFmkykkzAaHpump,1788027896.046439,e8e34da3fd338fb23cda3f7b6eade899cc7684da,pinktacio,B,pumpswap,True,1,0.0007225,74640.56,713671.0,713671.0,247945.14,1154417.9,1154417.9,6672,1818,5.67,137.18410731608074,76.6,6263,2.7,0.0,0,0,1.0,97,0,0
FHyXHtJwwZs2fyt61ECE35EimiaQmCsfjpBuodp8pump,1788027896.046439,e8e34da3fd338fb23cda3f7b6eade899cc7684da,LT,B,pumpswap,True,6,9.956e-05,26232.86,99564.0,99564.0,508875.03,508875.03,508875.03,1977,1655,131.0,20.650773982747396,65.2,569,15.5,0.0,0,0,1.0,50,24,3
51B4WNPGzGpnu4BrA5DEBavu9KimHdzm2wPRzSQppump,1788037713.176142,9484159507df4c1109040de75862bc8434f25854,APE,B,pumpswap,True,5,6.423e-05,20395.31,62213.0,62213.0,31822.25,263711.92,263711.92,134,122,6.34,72.48626903483073,55.5,239,17.1,0.0,0,0,1.0,13,33,0
5FkdrLryVefo7HDKd9EATV3q1u6cQDJhBmQubYzupump,1788037713.176142,9484159507df4c1109040de75862bc8434f25854,catonfone,B,pumpswap,True,5,0.0001848,36535.13,184850.0,184850.0,521915.2,521915.2,521915.2,860,7319,148.0,50.78626903483073,58.8,398,11.7,0.0,0,0,1.0,32,24,5
gHNvRdZLtJFsfJuEnwePNtgiDCy9sbgTc5Mfi2Upump,1788037713.176142,9484159507df4c1109040de75862bc8434f25854,401k,B,pumpswap,True,1,0.0002341,41329.77,233135.0,233135.0,303697.55,775851.55,775851.55,5226,2424,-21.39,105.16960236816406,86.4,10025,2.3,0.0,0,0,1.0,37,4,2
7LQBEx9qz2HRBzWckaPzVkRGSgLNP7wNsCTzRBqrpump,1788045886.5160363,ba76a51c30667add678c554c36e99b5fefe98df5,ApeChad,B,pumpswap,True,2,0.0001635,33960.4,161481.0,161481.0,465626.02,465626.02,465626.02,8184,1286,121.0,53.35860060628255,91.8,5684,4.2,0.0,0,0,1.0,7,3,0
59iQSbZvRcGb67FLVRPDWekRTELjq7ykC98UJbPipump,1788074466.2217062,2df37012f12b29896c622a12822260fbc63ff751,TRUMPSTACY,B,pumpswap,True,3,0.0002145,39201.62,214581.0,214581.0,447007.26,447007.26,447007.26,12198,3781,192.0,51.32036176757813,80.2,5080,3.1,0.0,0,0,1.0,19,9,0
5dc7xmKWk2dS3xRXiXq6f8t9pRG6R29e1ZXdfqNGpump,1788074466.2217062,2df37012f12b29896c622a12822260fbc63ff751,popcat,B,pumpswap,True,2,0.0002345,40816.94,234581.0,234581.0,340260.44,340260.44,340260.44,7490,1273,242.0,25.553695100911458,77.3,3294,3.7,0.0,0,0,29.0,39,8,0
6appX6iqPUuVcuoeivweB87mbLPnmYHJrM2aDmDzpump,1788074466.2217062,2df37012f12b29896c622a12822260fbc63ff751,snoop,B,pumpswap,True,5,5.643e-05,18661.48,56440.0,56440.0,62224.89,62224.89,62224.89,1771,1109,28.07,34.77036176757812,57.0,1272,23.0,0.0,0,0,1.0,15,19,0
8Pez2sy1p5wJHmR7RpP1yNuP1C8k1iat5jZzKAwjpump,1788074466.2217062,2df37012f12b29896c622a12822260fbc63ff751,apetrench,B,pumpswap,True,1,0.0003017,47974.79,298816.0,298816.0,323730.85,977882.9,977882.9,10331,2577,47.53,131.90369510091145,91.2,6166,2.0,0.0,0,0,1.0,45,18,0
9HugK4guVF3rYZsTCZULjpmcjxY7AP2t8nw9W6igpump,1788074466.2217062,2df37012f12b29896c622a12822260fbc63ff751,Francis,B,pumpswap,True,5,2.684e-05,12344.09,26848.0,26848.0,125664.91,125664.91,125664.91,2143,1759,-37.92,8.203695100911458,64.4,1520,17.9,0.0,0,0,1.0,259,43,14
GUhxjTzQz2hw4A7mnLGU5TpTPQxkLtWURwJnEgoLpump,1788074466.2217062,2df37012f12b29896c622a12822260fbc63ff751,catgirl,B,pumpswap,True,2,8.454e-05,23600.71,82564.0,82564.0,17192.67,213487.66,213487.66,320,145,-6.56,346.92036176757813,74.9,797,9.0,0.0,0,0,30.0,5,18,1
tbhtBAwZ4B7H6J3tjUCNq7rtUdq8LP36Wq38N2Upump,1788094857.9405055,d40a407d92e41772b3349990cd6f165359bb7357,stonkape,B,pumpswap,True,1,0.0005484,64688.54,538281.0,538281.0,342489.37,773951.41,773951.41,8088,2466,135.0,107.91567509358724,73.1,11120,5.1,0.0,0,0,1.0,22,10,0
3zFqvYiFwtVU749ngPAjEARjTrYYNmwirMZwLYngpump,1788110508.9855037,ad4202a13cf94a1cbeee8419474e5422e8dff17e,BULLISHAPE,B,pumpswap,True,3,0.0002444,43454.85,244427.0,244427.0,1297377.27,1297377.27,1297377.27,9850,6033,188.0,34.83309172770182,84.4,2979,1.0,0.0,0,0,30.0,25,11,1
CvepWqy7S6YngubvTxAUM4fQQr7bfduaZPYrL3PDpump,1788110508.9855037,ad4202a13cf94a1cbeee8419474e5422e8dff17e,9-5er,B,pumpswap,True,8,4.928e-05,17365.49,49286.0,49286.0,52062.66,52062.66,52062.66,933,693,12.25,41.28309172770182,52.4,921,24.5,3.9,6,0,1.0,53,15,5
Femuy4XPWMumb1L8ErHiWuXGweXCyqCyfrZxxxxqpump,1788110508.9855037,ad4202a13cf94a1cbeee8419474e5422e8dff17e,RAMCOIN,B,pumpswap,True,1,0.0004443,58966.71,436738.0,436738.0,296065.84,1083402.83,1083402.83,11335,3560,62.05,173.4497583943685,84.5,6635,2.0,0.0,0,0,1.0,23,4,1
CAamcCFZg1J8DbegjjUuaVAfXWFgswQbuePFRNjopump,1788119622.8895276,a7e7dcd5cc26dbdadce4d60091cfb353dd45af89,SIRIUS,B,pumpswap,True,4,3.451e-05,14156.04,32649.0,32649.0,3067.78,26624.28,26624.28,52,52,-14.52,171.66482545979818,52.0,1443,16.4,0.0,0,0,1.0,71,21,8
FgKCVNnWmCWHCd97UhxuhBa21LqLnCWpqwoFR3yFpump,1788119622.8895276,a7e7dcd5cc26dbdadce4d60091cfb353dd45af89,stafone,B,pumpswap,True,2,0.000496,61363.17,486167.0,486167.0,231852.4,890750.95,890750.95,6079,3147,39.38,155.01482545979817,73.2,13655,4.0,1.2,4,0,1.0,38,18,0
G9FGtfqT5GY73Tb2d1sR5Jws6HY73fmK4nR34fjbpump,1788119622.8895276,a7e7dcd5cc26dbdadce4d60091cfb353dd45af89,ApeChad,B,pumpswap,True,2,0.0002046,38035.46,201850.0,201850.0,325921.67,404368.44,404368.44,7024,705,54.83,72.01482545979817,84.8,3511,4.3,0.0,0,0,1.0,5,20,0
GrT9hTTAfBWGRWDxHoFNvLmLhdMN33WdWar6WWwEpump,1788119622.8895276,a7e7dcd5cc26dbdadce4d60091cfb353dd45af89,Wukong,B,pumpswap,True,6,7.518e-05,21896.7,75183.0,75183.0,117513.55,117513.55,117513.55,1653,1856,75.9,47.98149212646484,56.4,1293,24.7,0.0,0,0,1.0,151,27,7
Hs8Ge1zny1PUc9j3iCB3Mp7EhrgB91HzdZdAGsy7pump,1788119622.8895276,a7e7dcd5cc26dbdadce4d60091cfb353dd45af89,apefone,B,pumpswap,True,2,0.0002186,40280.02,216028.0,216028.0,508643.23,859806.87,859806.87,10034,4169,95.71,90.88149212646485,87.7,3952,1.6,0.0,0,0,1.0,31,20,0
BVEaDToN2Ufn8m1Jnqy8rtwwCiiMC7JcFtvmKPxTpump,1788129625.724376,17e34fb6003150d7147832be192ae245d86d336c,GTA,B,pumpswap,True,5,6.591e-05,27750.7,64154.0,64154.0,8262.57,143513.97,146728.83,53,85,-5.77,26344.97873959961,49.9,14602,25.3,7.6,23,0,1.0,1000,17,124
DnQu6xQd9zzW5dWpKppjNTRcTYFS6JDpK5xLXEZypump,1788129625.724376,17e34fb6003150d7147832be192ae245d86d336c,catfish,B,pumpswap,True,5,0.0001004,25300.72,100470.0,100470.0,38417.65,38417.65,38417.65,992,214,62.99,7.278739599609375,36.9,390,8.7,0.0,0,0,1.0,9,21,0
F2k82EcxLtzekq1bfoGVdgp6EXZ5dLT1jE7g3LvQpump,1788129625.724376,17e34fb6003150d7147832be192ae245d86d336c,PENGO,B,pumpswap,True,2,0.001048,100669.27,1048739.0,1048739.0,4804.5,34580.88,51201.23,19,11,-3.94,466977.86207293294,35.0,6590,19.4,0.0,0,0,1.0,424,6,25
6s66PhuZmLuPPWeBd6EsHFWU6VdfeBxDHEEZ6jMgpump,1788137700.4450684,a32c1386624a587fe6e2dc77e3461a44ad39ce07,BABYFONE,B,pumpswap,True,2,0.0001334,30347.85,128616.0,128616.0,185707.08,481670.38,481670.38,2975,1978,263.0,102.70741780598958,77.9,3086,16.4,0.0,0,0,1.0,247,35,9
9kUgR9ZEtMgJqSrrLYXDoRzLaCV45H77Xr5rngwKpump,1788137700.4450684,a32c1386624a587fe6e2dc77e3461a44ad39ce07,BABYSAFEMOON,B,pumpswap,True,4,0.000132,29962.77,129617.0,129617.0,451404.92,457466.64,457466.64,5016,1910,26.38,61.72408447265625,86.6,2817,6.3,1.9,12,0,1.0,6,10,0
DLvpmv8R4oTbC1DixU5yHLbBcmnvfTckGF3XFzLTpump,1788137700.4450684,a32c1386624a587fe6e2dc77e3461a44ad39ce07,APEWIF,B,pumpswap,True,5,8.527e-05,23334.07,82008.0,82008.0,22919.04,43016.47,120627.45,348,267,3.69,1741.5074178059897,50.4,794,18.8,3.9,5,0,1.0,109,45,4
GxqQ4V6mYWzPe3jyZQCJANDkq3tuyY1RcYRRZSg9pump,1788137700.4450684,a32c1386624a587fe6e2dc77e3461a44ad39ce07,GROKPOCKET,B,pumpswap,True,6,5.587e-05,18332.11,55876.0,55876.0,88793.33,88793.33,88793.33,1500,1058,32.69,9.940751139322916,51.2,1188,21.6,0.0,0,0,1.0,174,40,6
HcRLc9VDgjLeK154xDawfb1dmVJ98DoSqcwTHGqiDeJR,1788137700.4450684,a32c1386624a587fe6e2dc77e3461a44ad39ce07,ZCAT,B,raydium,True,5,0.0004132,83002.95,413224.0,413224.0,697883.72,724976.87,724976.87,3638,2062,1250.0,85.09075113932292,65.6,2118,19.8,0.9,11,0,1.0,70,9,11
pump3WayMj4S48ERaM5zfETRXMzspN1ZfPVknQNHhR9,1788137700.4450684,a32c1386624a587fe6e2dc77e3461a44ad39ce07,pandacoin,B,pumpswap,True,4,0.0001166,27228.59,112989.0,112989.0,16251.09,28680.92,28680.92,188,141,57.18,90.25741780598959,32.7,241,9.8,4.1,10,0,1.0,9,8,3
77LJr4ZDJJn7PpKxKG1TBEX83LzjCsXPv1EgYJQYpump,1788159423.8546686,9585e182da21397b369ae49a408baef1ba17e12d,TRUMPDUCK,B,pumpswap,True,3,9.354e-05,25276.37,93540.0,93540.0,616409.26,616409.26,616409.26,9999,2054,17.86,34.047577811686196,92.4,3673,2.2,0.0,0,0,1.0,22,3,0
ANJR7QNkxLWa6eHHFjVAwb1mi5GFkVQHroyG8xSopump,1788159423.8546686,9585e182da21397b369ae49a408baef1ba17e12d,APEUS,B,pumpswap,True,2,0.001671,120199.71,1653209.0,1653209.0,189627.66,4210696.85,4210696.85,11120,6111,-24.01,255.53091114501953,81.0,5505,0.7,0.0,0,0,1.0,187,13,2
6GBMJWXfCjtdNViCijgQrDoDdRgkpVCQrvmBfRTdpump,1788188470.8136668,efb93319302afdbb5c53d3fa46b4f45cc79470f9,Donkey,B,pumpswap,True,1,0.0004326,56348.88,426994.0,426994.0,296971.23,821564.13,821564.13,7356,3530,-2.52,120.86356111246745,75.5,5361,2.0,0.0,0,0,1.0,17,0,0
HgWZ9faEs7QMugQDCN6o8nxnWPnfimPFzHgvQMoWpump,1788188470.8136668,efb93319302afdbb5c53d3fa46b4f45cc79470f9,Happy,B,pumpswap,True,3,0.0002479,42337.71,247949.0,247949.0,736436.29,736436.29,736436.29,12432,3182,213.0,52.84689444580078,90.9,4069,1.6,0.0,0,0,1.0,14,0,0
3C6nz382qU71aDiEvk5xsmJrzd5Ey6iNXdpTgrjVpump,1788209174.320624,7ddef6899536600aefc42153d8f54f608616c57a,Syndicate,B,pumpswap,True,2,0.0004807,63230.23,475940.0,475940.0,306786.71,2129718.73,2129718.73,3252,3233,20.21,134.53867706705728,75.5,6158,12.1,0.0,0,0,1.0,1000,9,6
7mKUPnaZSUeoWh44p2rXSRroEyn55669JgKszkzwpump,1788209174.320624,7ddef6899536600aefc42153d8f54f608616c57a,UPTEMBER,B,pumpswap,True,6,2.656e-05,12151.51,25392.0,25392.0,17813.91,92434.35,94136.88,272,194,19.97,7159.2886770670575,62.3,1357,20.1,7.5,9,1,1.0,99,15,14
AUFk4hnNFTxkJ6DWbYB6ZkL7urYcRFzHdKxeUTpxpump,1788209174.320624,7ddef6899536600aefc42153d8f54f608616c57a,Ape-1,B,pumpswap,True,2,0.0003651,51411.95,360684.0,360684.0,128188.93,615169.72,615169.72,1278,1156,18.57,129.75534373372395,66.6,5694,3.9,0.0,0,0,1.0,7,5,0
CDYzQPJs89TR8iKYqPdkFAC14j5Dx3pTR6KCGyJ4pump,1788209174.320624,7ddef6899536600aefc42153d8f54f608616c57a,$NOTHING,B,pumpswap,True,6,8.426e-05,23413.51,84265.0,84265.0,233623.68,233623.68,233623.68,3948,1022,95.48,18.272010400390624,84.1,907,8.2,0.0,0,0,1.0,170,19,2
x95HN3DWvbfCBtTjGm587z8suK3ec6cwQwgZNLbWKyp,1788209174.320624,7ddef6899536600aefc42153d8f54f608616c57a,$HACHI,B,meteora,True,1,1.961e-09,72666.01,1895145.0,1895145.0,3895.17,40350.38,66645.51,64,52,7.14,399225.1720104004,35.7,90684,8.5,0.0,0,0,1.0,1000,26,76
BE7Q9rB9u1T4VApMaKYoyxP59GEZxZMTxckS6r18pump,1788221231.6824422,2269a14c9b30f0082858bc3c05f729bbd22474f4,Speero,B,pumpswap,True,6,5.498e-05,18381.27,50396.0,50396.0,52448.23,73737.76,137194.15,655,446,53.71,3014.1113740356445,63.7,1020,21.9,6.7,9,0,1.0,147,25,17
Cm69mN91iMmuHUggqZKM9PRZ36XRBJLKoLKvaRtHDRGS,1788221231.6824422,2269a14c9b30f0082858bc3c05f729bbd22474f4,1,B,pumpswap,True,6,9.774e-05,25355.8,97745.0,97745.0,313244.38,313244.38,313244.38,5056,3826,131.0,14.528040702311198,67.1,2524,21.2,0.0,0,0,1.0,420,63,19
HD3JBABeFkdZwUgKwhwJYqjLNrPWXEaDVfH4uMqRpump,1788221231.6824422,2269a14c9b30f0082858bc3c05f729bbd22474f4,USEFUL,B,pumpswap,True,3,0.0001424,62098.39,142372.0,142372.0,6878.31,21618.86,31920.3,1443,927,-5.49,593127.2613740356,30.6,22751,33.2,0.0,0,0,1.0,1000,15,29
ADcF26nFGKMuRZ7va5361H2PCHCDRi2FmeJBkX3Spump,1788238870.5306609,e39c190f22ff4241c165ba520ce65b51bb451854,$TAP,B,pumpswap,True,5,8.136e-05,22595.68,77905.0,77905.0,2203.72,16793.54,50955.1,32,8,29.21,1207.4255110148113,36.4,384,36.9,0.0,0,0,1.0,61,26,3
BH3WrGte3e6XYCW8gFea7D8nVnkrUGvyoKqzHA4ypump,1788238870.5306609,e39c190f22ff4241c165ba520ce65b51bb451854,oomf,B,pumpswap,True,7,7.257e-05,21342.03,72572.0,72572.0,125404.85,125404.85,125404.85,2152,1441,70.03,9.292177681477865,51.8,1266,24.1,9.4,4,0,1.0,233,18,18
4eXGQJMBZp656x9eqerEc1hepSoe27zvuXBtNuqjpump,1788256662.1762025,0b02487e88cb42582da1255776de75fd85be355d,084BEAR,B,pumpswap,True,1,0.0001129,27775.49,99584.0,99584.0,106560.49,554556.85,554556.85,623,554,-34.08,305.96960337727864,75.6,3558,14.8,0.0,0,0,1.0,12,16,2
7WJ3ksZauPhEQJjcWbopPY5SrtRhSSHKR973fRR3pump,1788256662.1762025,0b02487e88cb42582da1255776de75fd85be355d,DONK,B,pumpswap,True,1,0.0001396,32073.24,136004.0,136004.0,256760.96,1242974.2,1242974.2,1549,1541,-11.66,224.48627004394532,77.4,4998,7.0,0.0,0,0,1.0,95,19,2
8K5X85PAJHAAVSvYaAzgVPPAPsqqHmvx16ZyBiscYF8L,1788256662.1762025,0b02487e88cb42582da1255776de75fd85be355d,CTO,B,meteora,True,5,0.004273,188935.76,4273066.0,4273066.0,2466984.94,2534400.99,2534400.99,4279,4069,42.49,72.76960337727864,49.3,3771,18.9,3.4,4,0,1.0,1000,5,27
91X4ErT2VPRbK6SHsEBQ8J1T25twwFeTJhrHxJv7pump,1788256662.1762025,0b02487e88cb42582da1255776de75fd85be355d,NICKGPRO,B,pumpswap,True,2,0.001448,107277.25,1432458.0,1432458.0,145064.73,2101867.11,2101867.11,6543,4011,-16.47,311.60293671061197,68.9,4843,1.4,0.0,0,0,1.0,10,11,0
CTPoyCwkjMvoJwU4xvZZqoD8tiYk6yDchySiN5gGpump,1788256662.1762025,0b02487e88cb42582da1255776de75fd85be355d,fone,B,pumpswap,True,4,0.01692,704897.39,16754282.0,16754264.0,235214.2,2275739.04,9362327.72,564,566,5.39,7793.969603377279,37.8,74913,11.4,3.3,17,0,1.0,1000,69,280
ChxxxU8mxpgBRtAFx7hXz1nKZKA6NyyZ543Lqdtnpump,1788256662.1762025,0b02487e88cb42582da1255776de75fd85be355d,OLDWEB,A,pumpswap,True,0,0.0001962,37155.27,191596.0,191596.0,84353.04,379496.0,666168.06,943,1540,-17.89,644.6196033772786,75.9,1441,8.4,0.0,0,0,1.0,8,18,6
EeZ67jpgcxe55R3qGg9oF14eQ293bbSFyKL3VkKvFH3F,1788256662.1762025,0b02487e88cb42582da1255776de75fd85be355d,MICRO,B,pumpswap,True,3,0.0001187,28935.24,116151.0,116151.0,65062.63,726695.23,726695.23,723,488,0.88,236.61960337727865,74.8,2276,24.3,0.0,0,0,1.0,224,17,36
3trZJN24RBWW3qGaYYwmuZVrXXgwB6TDstaPK1bNpump,1788273916.7081876,7d2a09b6dab15b937a08aa70e24221354d6ea8d5,SOLDOGE,B,pumpswap,True,2,0.00018,35430.92,180047.0,180047.0,649242.66,649242.66,649242.66,7132,2325,97.33,22.378469791666667,89.8,3869,1.0,0.0,0,0,31.0,54,0,0
B5yU1iTwfJ462o9VQBkVhCpj5XHn51utWBm3t37epump,1788273916.7081876,7d2a09b6dab15b937a08aa70e24221354d6ea8d5,PEPEFART,B,pumpswap,True,2,0.0003718,51694.78,365309.0,365309.0,383066.88,558961.36,558961.36,17555,4728,172.0,75.72846979166667,75.7,9925,2.9,0.0,0,0,1.0,49,1,0
Gd2igp4YL8Sn1nag3F8U98Eo2eJrgFxjk6DSaRorpump,1788273916.7081876,7d2a09b6dab15b937a08aa70e24221354d6ea8d5,Flip,B,pumpswap,True,4,0.0001544,32337.72,154462.0,154462.0,314289.98,314289.98,314289.98,3745,2182,172.0,13.995136458333333,66.3,1048,3.5,0.0,0,0,1.0,37,22,0
HT3vTUGsYfWQMQqbL9dNG87tYbSStkU7CTjBba2jpump,1788273916.7081876,7d2a09b6dab15b937a08aa70e24221354d6ea8d5,HELPFUL,B,pumpswap,True,8,2.614e-05,12038.82,26148.0,26148.0,114263.18,114263.18,114263.18,1177,1672,-37.75,41.678469791666664,64.1,758,26.2,0.0,0,0,1.0,75,25,7
CgypxZcmmZMVQMERA6D59hkh8maPEnj31pYRKM9cpump,1788285563.7423239,3d178231bec220db23400b4bc33d61049068a682,DICKBUTT,B,pumpswap,True,6,0.0003576,51215.38,357646.0,357646.0,915113.42,915113.42,915113.42,9434,7873,763.0,38.36237206624349,69.2,3441,21.8,0.0,0,0,1.0,551,63,50
ESuCxMF8quZ1DjHKu3GDoVifECw1gGUkbkJVdpwwpump,1788285563.7423239,3d178231bec220db23400b4bc33d61049068a682,64COIN,B,pumpswap,True,4,3.598e-05,14465.34,34607.0,34607.0,28723.95,270399.12,270399.12,479,480,-41.63,155.41237206624348,70.7,1715,24.8,0.0,0,0,1.0,169,20,5
2wA2beVvKC83cCS2s1Zq1a2XuA5S4SPqhiQLfkVspump,1788296250.3584013,d0081339867dd85395220bfb815cedca6a01f8dd,stonkape,B,pumpswap,True,1,0.0003844,52705.39,379544.0,379544.0,105838.73,909798.79,909798.79,1246,1062,10.11,290.77264002278645,74.3,6022,3.5,0.0,0,0,1.0,7,19,0
Ge2x1ERWLtQxuPCgaSwipZwADL7fsnfx9oGVx5nYpump,1788296250.3584013,d0081339867dd85395220bfb815cedca6a01f8dd,APEBUTT,B,pumpswap,True,2,0.0002078,37491.93,207832.0,207832.0,393388.72,393388.72,393388.72,12769,3298,219.0,42.82264002278646,79.5,5819,3.2,0.0,0,0,1.0,11,1,0
72NtVkCkBC2mKCT6paAdo9g4KptUrRH8aRU3xzBVQHDW,1788311080.3888972,a483ef8bcdb336a67d7725ab93660d871dcd9417,alon,B,pumpswap,True,7,6.469e-05,19950.1,64691.0,64691.0,239705.11,239705.11,239705.11,3269,2384,60.2,9.106481620279949,63.9,1654,23.3,0.0,0,0,29.0,363,41,23
BA4iCAoJWfhsjDNNJHbd4NQbxLbYgR5QiLojAHGVpump,1788311080.3888972,a483ef8bcdb336a67d7725ab93660d871dcd9417,AI,B,pumpswap,True,6,8.573e-05,22909.11,85736.0,85736.0,78342.45,78342.45,78342.45,4771,641,41.91,49.03981495361328,61.9,650,10.0,0.0,0,0,1.0,5,16,0
BrikD3tfzSL7deBUQsxzKjWdYkAHKpFKmt89KySxpump,1788311080.3888972,a483ef8bcdb336a67d7725ab93660d871dcd9417,brik,B,pumpswap,True,7,3.678e-05,14396.42,36784.0,36784.0,79518.2,79518.2,79518.2,1065,929,-16.96,28.48981495361328,63.0,915,20.9,0.0,0,0,1.0,142,26,10
99XjLY8VUSuwHcLcbTnqXvhwC3nWShMqqffamanAytMA,1788327848.395914,4a2501b5feaed766bf050a5733b388c4a7eae951,Boomer,B,pumpswap,True,7,0.0001598,33192.15,159870.0,159870.0,615469.86,615469.86,615469.86,8951,6225,295.0,41.25659856770833,75.7,3181,21.0,4.0,6,0,1.0,543,49,29
ANM35KbUcfKdEVBXzSjZBoT6ceSwYRs3fuc79fp7kRqP,1788327848.395914,4a2501b5feaed766bf050a5733b388c4a7eae951,Pumpcat,B,pumpswap,True,4,0.0003575,58937.69,353013.0,353013.0,163566.57,6292911.76,6292911.76,1553,1012,-40.68,270.73993190104164,78.2,10486,16.1,3.6,10,0,1.0,1000,23,98
C2k7d3WL3tpd8jXcgkRgAbyTqaVATWbvHVpRac2Apump,1788327848.395914,4a2501b5feaed766bf050a5733b388c4a7eae951,OTC,B,pumpswap,True,2,0.0001961,36186.96,196140.0,196140.0,337787.09,337787.09,337787.09,6310,1139,189.0,24.523265234375,80.4,3193,1.8,0.0,0,0,1.0,16,16,0
CbwAev4koqtES4JVyjqoDcTTZcCdk1ZcXF2nYZhEpump,1788327848.395914,4a2501b5feaed766bf050a5733b388c4a7eae951,foneless,B,pumpswap,True,2,0.0001057,26157.32,105714.0,105714.0,282756.5,282756.5,282756.5,6713,996,78.49,35.85659856770833,90.1,4146,4.0,0.0,0,0,1.0,37,4,0
H76u9jTTbMtEF5JGmqXM2wW6xqMXpvTdVyer4RvKpump,1788327848.395914,4a2501b5feaed766bf050a5733b388c4a7eae951,Pumpooor,B,pumpswap,True,2,0.000773,78922.31,766314.0,766314.0,293181.16,2869217.13,2869217.13,11940,6976,-18.13,188.78993190104165,84.6,3377,1.6,0.0,0,0,1.0,102,11,1
4rxNSU5BynixWPZvN3Nprvm4fdomjRSQynFb5XvQpump,1788343107.00545,bd8d92f436be2e2412b505fee11fa52fc8472ce2,Biu,B,pumpswap,True,3,0.0001275,28436.24,123118.0,123118.0,77565.87,168138.3,168138.3,5849,5728,8.09,81.5667574991862,56.7,5864,19.2,0.0,0,0,1.0,0,18,2
9tqjeRS1swj36Ee5C1iGiwAxjQJNGAVCzaTLwFY8bonk,1788343107.00545,bd8d92f436be2e2412b505fee11fa52fc8472ce2,Ani,B,raydium,True,4,0.0004724,153058.06,472443.0,472449.0,4230.6,12043.42,37752.52,25,52,10.65,597563.8167574992,28.3,69817,24.1,0.4,6,0,1.0,1000,5,66
5EHz51kdjgqmq7SH287DihsKZ2GkjziWLUpfpdrVpump,1788358913.2926984,b8914809591db18b8f6e2513d9e0f7cd667aee28,FBROS,B,pumpswap,True,3,0.0003324,48902.95,326763.0,326763.0,307060.89,1023348.36,1023348.36,8448,5818,-36.16,178.95487830810546,82.7,6295,2.5,1.3,6,0,1.0,6,0,0
7GiHstJv9zMvBeaFu85SXRmuaoSLYfjvruRbpqMvpump,1788358913.2926984,b8914809591db18b8f6e2513d9e0f7cd667aee28,MOGGY,B,pumpswap,True,4,0.0001876,35262.41,182613.0,182613.0,249439.22,302332.07,302332.07,13685,6256,100.0,69.1882116414388,69.6,1238,11.8,0.0,0,0,1.0,41,22,5
9En6cypnSdGc6cLPxAP2u1cP6FbU9WfC8jEUCLqopump,1788358913.2926984,b8914809591db18b8f6e2513d9e0f7cd667aee28,Ape1,B,pumpswap,True,1,0.0002438,41072.85,240924.0,240924.0,281965.85,694871.11,694871.11,7854,834,4.98,117.52154497477214,93.7,4841,3.5,0.0,0,0,1.0,6,0,0
9dUSY1NRoCVPS6w54t5A2LtqudxHgiaaMRbvbpeepump,1788358913.2926984,b8914809591db18b8f6e2513d9e0f7cd667aee28,MMGA,B,pumpswap,True,1,0.0007956,77282.48,793595.0,793595.0,4920.0,20383.65,92206.14,27,32,1.09,11267.771544974772,32.6,1099,13.5,0.0,0,0,1.0,9,11,1
ApTCvzxRPJEeicnS9gx7fLZDTJLM4av2vtnmXL9Xpump,1788358913.2926984,b8914809591db18b8f6e2513d9e0f7cd667aee28,$MAHADUCK,B,pumpswap,True,7,7.696e-05,21828.92,76962.0,76962.0,168024.88,168024.88,168024.88,2970,880,86.81,14.871544974772135,68.0,810,6.3,0.0,0,0,1.0,147,18,4
DKiAVjAaQLNY6xSs5guR3EJLMjKT27LD15rVfohxpump,1788358913.2926984,b8914809591db18b8f6e2513d9e0f7cd667aee28,PumpCity,B,pumpswap,True,6,8.053e-05,22816.46,76124.0,76124.0,117981.07,433907.55,433907.55,1810,1247,-38.72,114.2382116414388,75.0,2347,23.2,6.0,21,1,1.0,282,74,21
GpvRM8XQ5QisXkP4BHDyBa85Bbijg7wEYkXTkZupump,1788358913.2926984,b8914809591db18b8f6e2513d9e0f7cd667aee28,AURA,B,pumpswap,True,3,0.0003136,46419.49,310089.0,310089.0,450323.05,638130.36,638130.36,2576,2888,-20.77,69.40487830810547,67.7,2978,7.6,0.0,0,0,29.0,21,20,9
HmJDgky11u77hpBss6D8sjNpYPD5B6fWgSVDj58jpump,1788358913.2926984,b8914809591db18b8f6e2513d9e0f7cd667aee28,SOLCAT,B,pumpswap,True,5,0.0003962,65282.98,392105.0,392105.0,90169.53,300459.78,1090872.74,881,673,21.21,1505.7548783081054,68.3,10546,22.1,0.8,18,0,1.0,1000,93,180
3BH2e41XbJadAbCETXqTUmsvSbR5rxeNMxTU6JcKQ8mD,1788371828.6161969,67b0ef4684fd865086ee5d1be38bd232b63e00d7,PAPU,B,pumpswap,True,7,3.656e-05,14270.47,36562.0,36562.0,87082.14,87082.14,87082.14,1422,1080,-9.09,5.2936032796223955,56.0,1160,21.8,6.3,4,0,1.0,193,49,18
DGxNfqdqQLxCdrNZrbcA9AutX2cobj7Nx4dpJmDVpump,1788371828.6161969,67b0ef4684fd865086ee5d1be38bd232b63e00d7,FONELESS,B,pumpswap,True,1,0.0003423,49050.6,338176.0,338176.0,187738.22,737996.43,737996.43,4508,1838,25.69,155.5436032796224,78.9,5263,3.6,0.0,0,0,1.0,6,1,0
232BE9YxiJ1qHAJH8ymCojmX7BjePxKcitaJ6dqopump,1788382659.4850607,4f0bc3fca86cf30935519be5cac6e81e248bcd60,HOPE,B,pumpswap,True,1,0.0001598,33654.47,158149.0,158149.0,68230.54,861079.06,861079.06,783,661,-15.52,302.35808434651693,75.4,2690,16.7,0.0,0,0,1.0,126,59,18
DRMmkdvdnCxdPqqwxZkSnwiTEsF2czW361BwE8fhFdex,1788382659.4850607,4f0bc3fca86cf30935519be5cac6e81e248bcd60,DEXAI,B,pumpswap,True,5,4.827e-05,16911.56,48273.0,48273.0,270954.61,270954.61,270954.61,4336,4346,17.46,27.34141767985026,73.5,1982,17.4,0.0,0,0,1.0,173,65,20
JAuN3RKZR9KSKdmBCH83VXGmTvkbobuLrawZ5G3upump,1788382659.4850607,4f0bc3fca86cf30935519be5cac6e81e248bcd60,MONK,B,pumpswap,True,2,0.000315,48496.52,311499.0,311499.0,106951.06,1253558.04,1253558.04,1269,1884,-2.35,196.00808434651694,75.5,3529,12.1,0.0,0,0,1.0,436,10,8
Cd2b8guD4a4fgNng43Wk9sHDJ11tB8ie3EGABjWdpump,1788390948.2810113,1d3af932b36b2d693952a04ef1320e0f684f12f0,HAM,B,pumpswap,True,6,9.201e-05,23838.14,89836.0,89836.0,33260.9,78189.93,78189.93,2434,470,19.7,78.25468352050781,62.5,773,10.9,0.0,0,0,1.0,29,15,5
62MqxAoeEJQBZMMKrbcLUkAvohHEsq88hjAqhBV6pump,1788397844.3582308,286e12a527e49e6e2e64e8f4d59efe0c48f564b3,GoodBoy,B,pumpswap,True,7,3.988e-05,14997.15,39884.0,39884.0,20754.56,20754.56,20754.56,400,296,-2.91,23.789303845214842,37.1,561,26.9,0.0,0,0,1.0,62,19,3
C1JVw9Eecb13VRiVyV4QpXFpQNaJjmXWAXoFaGynpump,1788397844.3582308,286e12a527e49e6e2e64e8f4d59efe0c48f564b3,HIERO,B,pumpswap,True,5,0.0003268,50481.29,326883.0,326883.0,2246751.69,2246751.69,2246751.69,5726,4227,363.0,37.73930384521484,77.4,2681,15.0,0.8,4,0,1.0,503,7,41
4Pu3iy2JVbHhiW4QreYDjceQVhWbgGMb5Ravf7Bapump,1788433555.1209266,bf26751dc7ace9136ac4eeb109996a58e1f8f7a4,maeng,B,pumpswap,True,1,0.0003163,47481.35,302466.0,302466.0,152368.5,709905.54,709905.54,5143,588,208.0,270.8020154418945,85.4,7311,10.5,0.0,0,0,1.0,14,24,2
EnYMMJKBdFMvx4WvajicJmktkSV4Zj4fcdD1w8LPpump,1788433555.1209266,bf26751dc7ace9136ac4eeb109996a58e1f8f7a4,TRUMPBEN,B,pumpswap,True,2,0.0001358,30156.41,135818.0,135818.0,490945.95,490945.95,490945.95,8383,1428,87.65,21.818682108561198,93.7,6246,1.2,0.0,0,0,29.0,6,23,0
FNVvyUz4PaCoPNJubU9ezBZViYNcusJbaaTfaoCnpump,1788433555.1209266,bf26751dc7ace9136ac4eeb109996a58e1f8f7a4,PUMPLESS,B,pumpswap,True,2,0.0008008,75813.85,789451.0,789451.0,103230.51,647588.72,647588.72,1620,1146,19.0,185.2686821085612,60.5,4598,3.1,0.0,0,0,1.0,11,3,0
HeJY3gwRvLZyknKv11qJ78cbt4aRPuKDy7YAHq3Apump,1788433555.1209266,bf26751dc7ace9136ac4eeb109996a58e1f8f7a4,SOLFONE,B,pumpswap,True,1,0.0001436,33174.69,142301.0,142301.0,241373.64,1668641.01,1668641.01,8853,3876,2.52,297.95201544189456,86.5,8765,3.4,0.0,0,0,1.0,13,17,0
J6Rfx6ZTAycGaxTwzcLHEaQzMbnjo2ZUAUzz9ouVpump,1788433555.1209266,bf26751dc7ace9136ac4eeb109996a58e1f8f7a4,SOLCHUMP,B,pumpswap,True,2,0.0002525,41718.54,249093.0,249093.0,408884.16,544058.83,544058.83,19696,5066,79.71,70.30201544189453,82.5,10643,3.0,0.0,0,0,1.0,15,14,0
D19xbrpXzSPSVLrUc3UuHunJQ3h6ME2SRTCoVUJVpump,1788447490.1177013,cf095d3aa0fe8827f345184877ceced69ab68531,BOYZBUTT,B,pumpswap,True,1,0.0001077,27027.13,105865.0,105865.0,257118.89,454797.51,454797.51,4397,2574,-25.22,93.75196168619792,83.7,4719,4.0,0.0,0,0,1.0,10,15,0
