mint,disc_6h,disc_24h,surv_24h,disc_accel,regime_scans_24h,pre_bars,pre_res_s,r_5m,r_15m,r_30m,r_60m,range_30m,vol_accel,above_first
BDbNwA95183CdqUhx2P6R3fWXbefubVbx2wNnCp6pump,0,0,0,nan,0,37,3600,nan,nan,nan,-0.0992490902938058,0.23027988213256215,0.41105146298624995,25.718361588243614
F7bFfkHxLuXuuoeX3SQDM9PDhBABVEVFmter8nnRpump,0,0,0,nan,0,,,,,,,,,
AVw5JG15f4rUVqGm9ogkt46z3hqFrc2A9w3fXSSfpump,0,0,0,nan,0,,,,,,,,,
4Q1nYg8tNm3pdioSNyF2gkHjHqJaqzCT6udubCPspump,0,0,0,nan,0,,,,,,,,,
SPCXwBHVrKpRqMRawL3NNvt1sXP2Yf3edwRbta53N69,0,0,0,nan,0,,,,,,,,,
HS4DWjgJ2h51PCnhh95saqgLQ21Zps6VABK1vi9gpump,0,0,0,nan,0,22,3600,nan,nan,nan,-0.14743576058295116,0.3456360688769672,1.0518967416507043,56.664110088857186
ARea51UmRfn22Ds7KwFZirSMEEn1gtBdrhW4zLeveeV1,0,0,0,nan,0,120,3600,nan,nan,nan,-0.020107147878101528,0.3579796298271804,0.5233642404100605,0.09841360027637092
86WQZC9cW2YQyVcTjpNGqq56YN87TwP8bhm3NnrVpump,0,0,0,nan,0,,,,,,,,,
ERBATen21ug99H7p2C21fCim9TQpBBM79QT9VX4Jpump,0,0,0,nan,0,,,,,,,,,
4EKJBc4WdeCViLRCfRx5ieFHfPFuBYhV49527GUBpump,60,60,10,nan,1,5,3600,nan,nan,nan,-0.3158335462851697,0.7701833466360244,0.47437830437917966,1.8153311210521226
96X4zg5T4NFWzTVFXHsadvYbxbzFX2Rqt3GXUv92pump,60,60,10,nan,1,,,,,,,,,
BBhHEEs8bCPchS8S8EX744ExVrMD9xjGy8CXepctpump,60,60,10,nan,1,26,3600,nan,nan,nan,-0.46291194396840407,0.9191635989193332,0.8680598288145506,-0.42486201414279967
5z6djd93D4twJD4mi8ST7tdAmA4XmrkovXuJy3mjpump,60,60,10,nan,1,,,,,,,,,
6nWvLtTC7LjaM4L1p1C9kVmsL2HT28Ms23obfnLpump,60,60,10,nan,1,,,,,,,,,
AnSem47wDeFBCnnuw2owzbBDT9pRzZDUBoSBXfbDpump,60,60,10,nan,1,43,3600,nan,nan,nan,-0.16822444295706063,0.34039516533614655,0.6343207544886708,-0.3167121355713375
9AvytnUKsLxPxFHFqS6VLxaxt5p6BhYNr53SD2Chpump,60,60,10,nan,1,,,,,,,,,
CSrwNk6B1DwWCHRMsaoDVUfD5bBMQCJPY72ZG3Nnpump,60,60,10,nan,1,120,3600,nan,nan,nan,-0.06900602861427618,0.1499040803039568,0.6640571536297865,0.4825285855727566
H74CYmXgMkYHYuSRsZt6RJb4NYp2u72Vw8BS5huApump,60,60,10,nan,1,,,,,,,,,
991L48va9rMiysu3fCpeg5p9bN4NLzhujojzmFtkgacE,60,60,10,nan,1,120,3600,nan,nan,nan,0.061540944557622934,0.15973342719189268,1.40006862479528,-0.2114060218213537
71HtXHfexjKgem92Y5sPLPb6qkmtqWmPUzdKAcU9pump,120,120,21,nan,2,,,,,,,,,
MtJEwiCNkPyNFB3bfz78P6rfhzrHaTgEojqsJNJpump,120,120,21,nan,2,120,3600,nan,nan,nan,-0.06283807469132241,0.1279739981596517,0.8949003170736755,2.013697565453249
CkL5aL9TGw5v3avjcSo416v5RkKbEcdHd2TzpfkXpump,180,180,25,nan,3,,,,,,,,,
3MjoqwNyvoeqneWpzbHqTcJMHZE9FfqYbSg3cQCzpump,180,180,25,nan,3,,,,,,,,,
5pYB12kEhfhSFXJjZ7JtyqDpt6uUqhsF6iu6Ee9spump,240,240,30,nan,4,36,3600,nan,nan,nan,-0.10868725392328127,0.17563404871758448,0.9949029340929129,-0.39439597621847444
8axDfNi43n79meuEWP85iGiaA9bhCKNGj9Xctnvipump,240,240,30,nan,4,,,,,,,,,
EXTvbbAKdhASAazTfDmR1FhwFeQBrbz1uqcxFk6E1jAF,360,360,41,nan,6,21,3600,nan,nan,nan,0.04398706120716822,0.8455373222002985,1.5684370454740058,0.14781865235941805
2ZvFgTyLMrgyLmoPHtD5KsTyALh14ffzxJoni4oPpump,360,360,41,nan,6,,,,,,,,,
FAi4gCCDWAezmzvsenghCqNaw7t3G8mTDxt7gEDTpump,300,420,45,2.5,7,,,,,,,,,
6mUXxdGMtxKDSw6zXiarQ5mgP3UC1LBzu9LjgXhFpump,360,480,48,3.0,8,,,,,,,,,
7DWRAaAecR2bhPRUjg7VN6XqoXpRYCRqsq7W6t2Vpump,360,540,54,2.0,9,120,3600,nan,nan,nan,0.29969548729963136,0.29236169299940606,0.18319918382980827,1.3362167642642158
E7wbcQSGnuC29vNeDX8SrosiD46piaUnBHTg5X8apump,360,540,54,2.0,9,120,3600,nan,nan,nan,-0.28659042645091615,0.40171934478700705,0.5058926802706796,19.143039942184156
BJR8CP2s2tiuqhp1kVLGsjTqkb3a3om3CbPttrBEKcq5,180,600,61,0.42857142857142855,10,20,3600,nan,nan,nan,0.1991821604233983,0.47189635276627895,1.0883181244178168,-0.21086131103485184
H6QG1XUwKpXB94kJUzkcn4GaD3yzYTcm7xbBf4aopump,180,600,61,0.42857142857142855,10,,,,,,,,,
ChJqQSFK1JUPCaoGrtKM1Nm5k29ZdbHQ8kiVNuhppump,120,660,68,0.2222222222222222,11,,,,,,,,,
5xRRRd1fhGyBY2u31isvkL3rLtYUFXvau3JgkwiKpump,120,660,68,0.2222222222222222,11,,,,,,,,,
4PRz3EwhbjrrX6YksMDuUzrXT51pr7CQtXNCravhpump,120,660,68,0.2222222222222222,11,5,3600,nan,nan,nan,-0.07841014838200622,0.6090513156760322,0.385254140949814,41.223781310461156
49tvQ5zXMxHu7mk6nqcCe9SrQ5ePxBFSKFX5jvDgpump,120,660,68,0.2222222222222222,11,,,,,,,,,
3xaDR6gxCp92SZRJ1zMigoRAUMkQGNmFF9HvGT94pump,180,720,76,0.3333333333333333,12,,,,,,,,,
29pNSDP2nSzQVMXjqc5HtLmnu4yK7JfZuKP9Lb3Epump,180,720,76,0.3333333333333333,12,,,,,,,,,
Dur39Hv43Uw4HU9Zr4RUB7mH6kqmYdPpZfENup6Xpump,180,720,76,0.3333333333333333,12,,,,,,,,,
HMX8oxVFtpxz92NeoSifkQrJATwEpKQMDjVBbrmppump,180,780,87,0.3,13,,,,,,,,,
9uaWRZvAyrM21JsWwCraQ5dGzdBtBgP1Y39L7hQzpump,180,780,87,0.3,13,,,,,,,,,
F2fcE5sjDuSMVrj56Q7Pg9ha7cHfpTzuUTkVJxKdpump,240,840,93,0.4,14,,,,,,,,,
A8wXmAgVy3peeHtifXNvYUUirGdNu4ezJoDno9trpump,240,840,93,0.4,14,,,,,,,,,
GkMYEzG1Gd1m5xeqkq6PaomkPmvcSSm3X6YwNvGipump,300,900,101,0.5,15,,,,,,,,,
8NGpdSE1tZqUrvpUVqsn5Revncc6yUafk8mnAyK9fNCE,360,1020,108,0.5454545454545454,17,57,3600,nan,nan,nan,0.10788955433432923,0.35990208680813773,2.8929900404250377,0.9041110125158922
3Za1FSXHbLcYSFKNTdMt27ZKhFLVo1JsWbQY4yfbpump,420,960,92,0.7777777777777778,16,,,,,,,,,
CMx1EUTXhnUKYF5xYMCSkDmJfvRSD7a4iwayW1DVpump,420,960,92,0.7777777777777778,16,,,,,,,,,
6kMcUKLubWNtXSH33aisVF3cQ2otD9Fz7L8E7U2ipump,420,1020,95,0.7,17,,,,,,,,,
GFNRTrBAz4QvCFkyhvW4hGkLjkHkfZbwAUEH83Gr7GjC,420,1020,95,0.7,17,,,,,,,,,
5UQNY2hk4fgaDYL8Cq2SgVZ97q7Uvb95aAuSG18dpump,420,1020,95,0.7,17,,,,,,,,,
2mDmh6PxiPPYgYNrbQZtMKTUwkX4FCb3MMm7Skewpump,420,1020,95,0.7,17,,,,,,,,,
HJvNERycZQP6uL5qFEgr7AJLACtR2M38uhej6vSYpump,300,1020,97,0.4166666666666667,17,,,,,,,,,
hrmvPdczhB6UxQ6bjhZTk6XN72ezJ1mSgiNKeYzTnor,300,1020,97,0.4166666666666667,17,,,,,,,,,
NomAQD5TpLy2NSJAmNqENB3uXpUxweNmvS4NwKHpump,300,1020,97,0.4166666666666667,17,,,,,,,,,
7f5vGM47S6oSSDHnyPLwem2Nn4fy8WNXYvMwDWCBLiEt,300,1020,98,0.4166666666666667,17,,,,,,,,,
9rLL2r2NZNo5ctoYsurwDo35Bx7yKgt2HTWyVowjpump,300,1020,98,0.4166666666666667,17,,,,,,,,,
FsBsv7svcEwMkioVck7cno14YPmiwnXuR3J91UJ5pump,360,1020,96,0.5454545454545454,17,,,,,,,,,
EYn6tC4LAoshxvFeQmWU5g8hdNeqdssSGdN5vZCWpump,360,1020,96,0.5454545454545454,17,,,,,,,,,
2UQCVGq2BRoqSTs9NF9X7e6GCm7HZzSu4jNpw7vzpump,120,960,88,0.14285714285714285,16,,,,,,,,,
wobYcxYiABaM6qByXMuBdespq3DPLNuSYqUpMmBpump,120,960,88,0.14285714285714285,16,78,3600,nan,nan,nan,0.11883181966054801,0.20767785906696215,0.729051093012089,11.982768854382101
7BEPYMVq3X9JFes4JDervkrJQ7TNDeBEd4L1nuGpump,120,900,77,0.15384615384615385,15,,,,,,,,,
ABDR768zqomnEPkHT4y1p1W3JTsLwpJxRhbSSWKcpump,120,900,77,0.15384615384615385,15,,,,,,,,,
N5BpqcxRy1ogo8hQixZm4E2axpdqj8WivqbWoaSpump,120,720,54,0.2,12,5,3600,nan,nan,nan,-0.06467446953175737,1.2029357465156347,4.960263167011127,1.7715055988589632
CJCrQsBL4rAwmGEcEv2dzNER5mYRFEzjwN5CWKz1fqou,120,720,54,0.2,12,,,,,,,,,
6uYAQyXYMQ5sTNPRZmYSVMGTAzgkTrK5mGtHpPYCpump,120,720,54,0.2,12,,,,,,,,,
E2ueKQ3EDTTmCkUA17j3KeTb2u6VT91xiyECdKRzpump,120,720,54,0.2,12,9,3600,nan,nan,nan,0.09960506524156698,0.4791362480669019,0.9052350782098415,32.454029486136456
NpqoucNKKJ62PwikH4NBvTm3R7mgREXoTtv7nJSGLUE,120,720,54,0.2,12,120,3600,nan,nan,nan,-0.03909355978329232,0.06621745261969608,0.5703961341295509,-0.17316548828124656
6YZm2PVLBozyfvGrMTrZbZHxYQz8aFG3sm6rCfw3pump,120,660,53,0.2222222222222222,11,,,,,,,,,
CPtvQTf8bXKPx4wQTpVkB9StqcXnVdpz8WN2UZaopump,120,660,53,0.2222222222222222,11,,,,,,,,,
FXWG1swRjTfGR2uCqa4TfJc6FrVqB1GQtME4e6yopump,120,660,53,0.2222222222222222,11,,,,,,,,,
B6f27ETGcjgGNB1fqULJbXVmw9FnL8HgBp7R83hmpump,120,660,53,0.2222222222222222,11,,,,,,,,,
D2XvLipYuPFgJ42kB6U4ihmHENStT7h2BS2iN5NtzZKg,180,600,52,0.42857142857142855,10,34,3600,nan,nan,nan,0.0686639271204712,0.9207393918172038,0.6493761465140266,100.29469920192864
2Gt16sPz97kjvVXAz7aRbKG718hmY9HiyboieZKBpump,180,600,50,0.42857142857142855,10,5,3600,nan,nan,nan,-0.18604705862930615,0.552678143789401,0.6230762066523924,6.009432087688501
EYvkcWB5S4DFv7gJqR8D2W76U9n7kD3jvYcbSXdppump,180,600,50,0.42857142857142855,10,120,3600,nan,nan,nan,0.12553869084042413,0.2259685009291892,0.9583102329182038,9.44625438530929
6MPYewsYPK3L1ak68Gpc9ajuRjRRsGpnVd4mPTzWpump,240,600,49,0.6666666666666666,10,,,,,,,,,
89ZvFeuJqPUJAfDkdANWmwinMj5UahaaWT6QgheTpump,240,600,49,0.6666666666666666,10,,,,,,,,,
38ov9f633i3usgopDfDxUtTJU5VC6B7v7xncuevfpump,240,540,42,0.8,9,,,,,,,,,
D71ZjzGKk5duRFBmdzDMNmehyFuoN3xx1bCFiPQPpump,240,540,42,0.8,9,15,3600,nan,nan,nan,-0.14921626875401706,0.39512687228871873,0.4180304466009461,0.39333358263572826
Q27fWYBd963U9vzpWCexCGN7Rt2jSXjVhUxJKLopump,240,540,42,0.8,9,,,,,,,,,
3gDAjymqTF19GVw4TcB8sAKd3yLR2dfEzJ4Wztm2pump,120,600,48,0.25,10,37,3600,nan,nan,nan,-0.22184943449250538,0.4085701634383116,2.7340308881399364,7.061959388809788
CvXyWJRq3ZxqifMzAuyUomDvJ8PF8NitXx8HxRLGpump,120,600,48,0.25,10,120,3600,nan,nan,nan,-0.010244958844404461,0.027481783538477085,0.2789835584743742,-0.029301135350712326
2rovxjbNfyVuTdDTpH3EtsWEFJKCmYasuLud3MRHpump,120,600,48,0.25,10,,,,,,,,,
9WHXEcGp8FVRZhBinBj6pUr3FzpXhDNBkxXVhHk5pump,120,600,51,0.25,10,,,,,,,,,
4eKYoR1hBHnRaYyg2d57H36uUatRNyZr1NRP9ScNpump,120,600,51,0.25,10,30,3600,nan,nan,nan,0.9995048227108936,0.6569598801700518,0.8979512943285823,9.318250006362465
AyafwyhUhZW4L9bdeG2nBjTpQkt5ek1aA1A78XGopump,120,600,51,0.25,10,,,,,,,,,
VXjDEv3EeJgg5J88uNasoMwaryCtdfKw5YNkAoJBpwU,120,600,54,0.25,10,,,,,,,,,
4K5wiLjC5MmZv2pNmewQdZjds4yiBNTn8zUMi5cQpump,120,600,54,0.25,10,,,,,,,,,
DkmmVCUaBAcYjecqMdX7NdNQFCfb6uh1yQq9HEP8pump,120,600,54,0.25,10,,,,,,,,,
saTZ9ADxuPYGxCgJMqnRsanza3nT3GnkpKENicKpump,120,600,54,0.25,10,,,,,,,,,
22oesKQuMBmxUTWfeFDjNnYS19VujFcBmi4EL8gWpump,120,600,57,0.25,10,5,3600,nan,nan,nan,-0.3364268387338606,1.6979654745560373,1.2775761987216876,6.313235828265097
95bAE5K5SeqpQ4veagLGRi5qfK83rtCeK9SxjBvNpump,120,600,57,0.25,10,,,,,,,,,
DeqsPTYwvsNjkf5G8zDxziUnFPp55nQZA4vrNM2apump,120,600,57,0.25,10,120,3600,nan,nan,nan,0.06363155244418195,0.20860252887021535,6.138090874744946,2.793471319160316
BrXJz1NyZbeCALn4aWS7ckZqMyQBwENDGVmaRt4ypump,120,600,57,0.25,10,,,,,,,,,
A26MrRACGRBERBrhdA6eVEkUR96YswsKGDtxjRp6pump,180,660,64,0.375,11,,,,,,,,,
DMGvqNkhS3BtNDRypN6tEY6jpkatHJj4WQZtPmFzpump,180,600,55,0.42857142857142855,10,,,,,,,,,
9kFcxV4s75ctSAjX6NLfcmPx1vuJom22RVrSGSitpump,240,600,54,0.6666666666666666,10,,,,,,,,,
5RyeWfbjVw6Ktj6j8SmTiAnVXWvmV8YxGtTebNsU2dBo,240,600,54,0.6666666666666666,10,,,,,,,,,
Hk8qqvyYU5gfAB5QCZCcJq3gR3TZ8LtvNmA1EM3bpump,240,660,62,0.5714285714285714,11,,,,,,,,,
8N1xPzwZtuRQSdRMnbjAjdd2tK9V8nF7Wrw8gGeLpump,240,660,62,0.5714285714285714,11,,,,,,,,,
JCKJviubAbCSztaGnKGqaiKhmpsE9uDTxcENXZrLpump,240,660,64,0.5714285714285714,11,7,3600,nan,nan,nan,-0.005605426200443464,0.5192505995555253,0.5993659626900188,4.042473617533271
3nVp4yxq8NHGKfYD8q1u4sZDYP95mbGeBvq1n8CCpump,240,660,64,0.5714285714285714,11,,,,,,,,,
5MeesVjRfJ3nnkESNFjT6y4RyzvN7NX5Qf3mihSUpump,300,660,70,0.8333333333333334,11,,,,,,,,,
7AJ9sdZW6Sodb8ajnEkESeWtQVVHyZ4Gg85H3c1Ypump,300,660,70,0.8333333333333334,11,,,,,,,,,
7e8NVxuu2j4TyuAXN26mMj6KP1wGgVp7G7n3zy53pump,240,660,70,0.5714285714285714,11,,,,,,,,,
7aD86TAvoXPBAkt7HxGsz3MG8UBdDUvcVeBLouVcpump,240,660,70,0.5714285714285714,11,,,,,,,,,
ECHFvPRtUDDTg53V5k45pLk6E5zCunk5RYXrL1qopump,237,717,72,0.49375,12,,,,,,,,,
7pncD23yVtmVRRa4fLFsi3pGotbUxrFvR13wTGNCpump,237,717,72,0.49375,12,,,,,,,,,
FY9yQSFokAyuKm33HBAUCYjvjmEbeXfDTpSiVZNUpump,237,717,72,0.49375,12,20,3600,nan,nan,nan,0.6030264090915074,0.5869369432973901,5.35976086884736,5.446571368978998
5npesGsnVhcQbh6oVcsLtn5UKqdgYeipgDKsGaappump,237,717,72,0.49375,12,,,,,,,,,
JCtKcjQY7hCjUA4gkFs238mVMZka1niBDYbbkMjpump,237,717,72,0.49375,12,,,,,,,,,
CS2T1HQRPCXaYR5V3SNDb5ceERwZg1Nb5uuw6Dg5hpsn,237,777,80,0.4388888888888889,13,5,3600,nan,nan,nan,0.14583251984140655,0.142418998148683,0.4625262787078158,2.1153019606760095
9GqRUutMFyx8Q7kQsaoES5TLQkv7kKNUh5f15aDwpump,237,777,80,0.4388888888888889,13,,,,,,,,,
9aphy3k9HgPReHBCzBajqQmWSjT8yQrXrm3FzVhrpump,236,776,80,0.43703703703703706,13,,,,,,,,,
2RxbXoPz3bKgUhU42fyb2juxzqxxJ8r6ewqHQ1WyRz37,236,776,80,0.43703703703703706,13,,,,,,,,,
ErM8VTSUfpvToPuRNf5mEJAvLc7oh7KqGLqrzj8bpump,299,776,79,0.6268343815513627,13,,,,,,,,,
D5MS4fPQ3GsmLDXy5732ZaHQJrZ49hdALTyEtXh3mgGw,299,776,79,0.6268343815513627,13,,,,,,,,,
FsTkJ88ZLdWpmBLhCNK8v5znnncUBDMsZCGxmxu6pump,299,776,79,0.6268343815513627,13,,,,,,,,,
DrCjaUaVCGSfFEu8i4Gje1CwogUF7nwKFV9Bov5Dpump,291,768,71,0.610062893081761,13,10,3600,nan,nan,nan,0.42471764014935465,0.9171594611331703,3.1916068034895546,2.084840465798763
AAsY4U8LZPtJvCbxnXQquhsmEzjidgAw27tFNkHjpump,291,768,71,0.610062893081761,13,,,,,,,,,
2Rh23w2hSrqjBUV7A5oyrPtBDnX8MniUmGi7FZw2pump,291,768,71,0.610062893081761,13,,,,,,,,,
9YBcdwtDor6B4acqFLFX47PPkg6k729ZMDHRh3zEpump,163,759,66,0.27348993288590606,13,5,3600,nan,nan,nan,-0.09846572094874972,0.25922570845114157,0.8533859170112232,2.1029238559392813
HHmh4bSYBXsPQiSQ6mdRqWLvSowPY5s4rNCaL8mspump,111,699,64,0.18877551020408162,12,,,,,,,,,
G6cHLEwYHyZJXBhKpSWMU6RUtcq9HM9UTn2cTEdKpump,111,699,64,0.18877551020408162,12,5,3600,nan,nan,nan,0.324023800024305,0.8798322654041466,1.0904657915142384,10.762765923054305
31mMFCFe3V5tx319s5kNfnPrYCzc8SuxPofGcyfepump,111,699,64,0.18877551020408162,12,,,,,,,,,
77x1fCskDLaiZmm2uZKEhARSCD2B86VaahTkK2Vfpump,111,699,64,0.18877551020408162,12,28,3600,nan,nan,nan,0.021472304033568923,0.09520804845902635,0.2577687062380003,17.40863616871882
NV2RYH954cTJ3ckFUpvfqaQXU4ARqqDH3562nFSpump,111,699,64,0.18877551020408162,12,120,3600,nan,nan,nan,-0.00012147964659625643,0.037352731802238755,1.2331802109272396,-0.34494898553666653
4TyZGqRLG3VcHTGMcLBoPUmqYitMVojXinAmkL8xpump,111,699,64,0.18877551020408162,12,120,3600,nan,nan,nan,0.02246191153497379,0.0398748483347423,1.7407003978135012,-0.4394571872146277
8SJ9UmV7vH7b2h9ZUf24hZJyCJLyqK4rw8cPyS8xpump,112,691,68,0.19343696027633853,12,,,,,,,,,
ArEvdUzDBrxd6WZZZyV7zMemwij65M6JfAFF9PuPpump,112,691,68,0.19343696027633853,12,,,,,,,,,
9QNz5x4wmUWgpaF2zx7UtLvzvgyDzzVznpdJ85cNayZC,166,628,60,0.3593073593073593,11,,,,,,,,,
G2L8j6Vr2xziHCh9dhhV9J72SMpirtNYZXGV1s68pump,166,628,60,0.3593073593073593,11,,,,,,,,,
AiqxyM1VCBkNqsW6MigJb8CaSUj7TjQPv9sUZWTkpump,161,623,57,0.3484848484848485,11,,,,,,,,,
9zvFpDR7u3NFnCZUkZzxJNuFSF2gnHC4xJ1bMdZ5pump,161,623,57,0.3484848484848485,11,,,,,,,,,
DxFBL4ugvbnkb1uQZsNCZcmo3LKH1ymm7tsPDpLbBKjE,161,623,57,0.3484848484848485,11,120,3600,nan,nan,nan,-0.012656656565052327,0.038968380822702875,0.43345783339185356,0.47222413431712207
2aQKC1xiKpEyAWvzSDrULnYLVuybWyx7qrsnpP8hpump,161,623,57,0.3484848484848485,11,120,3600,nan,nan,nan,-0.08553506423246737,0.4781463191717605,0.8448832343315034,-0.14889782569324417
HcFUgXHEJWjZfDFvyFXDfVRkq5VTzJCfXNpJtcQ3pump,158,612,53,0.34801762114537443,11,16,3600,nan,nan,nan,0.08747856982327851,0.28241044955757894,0.9590664832375574,12.180697588861495
HCkhfdDNF2dqMxxtL51AzgWU26MBNkUkEzGAHtqkpump,209,538,50,0.6352583586626139,10,6,3600,nan,nan,nan,-0.13994785456188152,0.6045388723429127,2.549376125977352,0.43769197776213153
Bi7X9vxqGozZoXvgyJ2y9tzdKQ1QVpt5LjYF8PoFpump,209,538,50,0.6352583586626139,10,,,,,,,,,
76djbEspuQ75GnySUZXae93xpi4x3rrE31ALdC6Lpump,209,538,50,0.6352583586626139,10,,,,,,,,,
9Hoc6LmvUvEMUvNwp8qY8xv6uUSXz6ZupJkWQdeUpump,209,538,50,0.6352583586626139,10,,,,,,,,,
HSKS5CAuEJpFZYinAVmR35H765wv4nyuhsAd48Tpump,207,536,57,0.6291793313069909,10,5,3600,nan,nan,nan,-0.23414815642901654,0.5432374532644806,0.4263295372192724,0.4190442454755594
GmomouzGr7a1Y7yp8RxM6a29iZFE1B5RrfPQdRggpump,207,536,57,0.6291793313069909,10,,,,,,,,,
BqkHUTJA5uBVUsFSQcGHgwjExHEWBekexXHt7FPtpump,213,534,61,0.6635514018691588,10,,,,,,,,,
BtUiqGdsW3H47yvtyKSLhQfzVpwov3wyYY6qssU9pump,163,538,67,0.43466666666666665,10,,,,,,,,,
HbugFhaL4ijduGiHcY4uT6CNgX58Qac9djsAFo7Dpump,163,538,67,0.43466666666666665,10,120,3600,nan,nan,nan,-0.018476895617971945,0.05092113375564524,0.2039424723946733,0.8395554521532449
FtxMtQmupaXuMX14EA8esBp13qWF4xfgij2BG6U3pump,99,525,62,0.2323943661971831,10,,,,,,,,,
Db3FyrbovdsJWXaCBvE24P31uheKQH58cfpqWsXcpump,151,577,72,0.3544600938967136,11,,,,,,,,,
USZCppow9iT4f8kPF9d9Ww2BMriiwgfKtAh1F4Kpump,151,577,72,0.3544600938967136,11,,,,,,,,,
BmSjM7C7VRhznMMVzXidgyuE5ehvTHbRr1uGe2xFpump,151,577,72,0.3544600938967136,11,,,,,,,,,
9y6hXFBFN1fJGfAAYgkXVVfQATG1mEJsmTrCXcT6pump,151,577,72,0.3544600938967136,11,53,3600,nan,nan,nan,-0.2003052658001333,0.9552929172283313,1.2305289400250359,2.160116243290962
DAf8sUut8ViuvqkjNoLGTiWwsLrXsYzrkmhQpN9Vpump,149,573,77,0.35141509433962265,11,,,,,,,,,
Ct2VDLuBanTr6jo8jHXQtZqncwxtN31aovHC1yDepump,149,573,77,0.35141509433962265,11,,,,,,,,,
DXBfgTuGuYxpWM69NQ1eJjDseQnRUSt6esVnc7eXpump,149,573,77,0.35141509433962265,11,,,,,,,,,
4Y8KxA9oMURfSv9bSnYESDMsrJfUKB9H7bdCkGYWpump,152,568,79,0.36538461538461536,11,6,3600,nan,nan,nan,0.2846968165658812,0.7947302024335521,1.872484094368074,-0.2919571168518075
CLmUnekzkn37Zvut6S7VP5c76MmymLuG8cTUWpzHpump,196,563,82,0.5340599455040872,11,73,900,nan,0.16844505054522885,0.14480295126840814,0.23800283646440312,0.15513679505700584,0.13455612457179264,2.6739699318189314
6RhD69zL61vW8cqsa1iMentAmb3bQynh9Wf5LmK5pump,196,560,87,0.5384615384615384,11,,,,,,,,,
EWxEchHjnza3Q3BdQ8AfrvgrmsF1H8kn3gkXo1W9pump,196,560,87,0.5384615384615384,11,14,3600,nan,nan,nan,0.3399928937801502,0.27766384803743605,0.9407039755104654,-0.08171339217934537
HVK9N6tuuRNrAP2PjuZgnphpaqNhfEdVoMm2kGEHpump,196,560,87,0.5384615384615384,11,,,,,,,,,
AejbCpYysBiMAvLgwN6bjPYfELPEosYv7HYjXe94pump,238,599,88,0.6592797783933518,12,,,,,,,,,
BgkqjKuiNvS7UrqxzffCVYAuiFm8PfBRC2rmLv9Epump,189,584,79,0.47848101265822784,12,6,3600,nan,nan,nan,0.5577879572080584,0.5619821761557675,0.9147057597468878,0.054850626793707
EQ6qQsweDhsdYqbYMv4J2dTZwEMvnETQH9rQHr9fpump,146,635,86,0.2985685071574642,13,,,,,,,,,
6hKk9ymYMejWURC1GhKj66Rwcn6VNnHHe1E3JgE4pump,146,635,86,0.2985685071574642,13,,,,,,,,,
CzKMUSKADdHuyjmWsedeUQLCcTRFBbEVg4qvxwd9pump,146,635,86,0.2985685071574642,13,,,,,,,,,
FkJrB7LPuvDbwoWxfcqXEXyvtjXYFims4CNiQecmpump,194,679,95,0.4,14,,,,,,,,,
7RJiGtMVxih75Z4EKY9NdyhRmDPBChzuEfQatZ4Spump,194,679,95,0.4,14,,,,,,,,,
AFNjXHtaZ9DYRWWAnvJQYx6NexJyD7uyw3YgqWAspump,237,722,101,0.488659793814433,15,25,3600,nan,nan,nan,-0.1167391312091246,0.2526649031789683,1.0996051249468135,-0.061939667613094995
HyrcSV3oQkS763vWNdqP5vhDcfvnesCFqqe37nXpump,235,719,97,0.4855371900826446,15,,,,,,,,,
DUYw2p3NC6zDdsSrazV4JdDFKtRk2K4mw764EWs2pump,235,719,97,0.4855371900826446,15,,,,,,,,,
7NTs9FPw7tP2Bfjcn8eAJZUr4ApG8n9ZbXkT7Adwpump,230,760,95,0.4339622641509434,16,8,3600,nan,nan,nan,-0.07504239563731341,0.5137673688445293,0.7252214734377869,1.554326445682276
5xaiHuB35juMsQzWaWaPLTc6eQsLRcDzg3gFzPJKpump,236,811,100,0.41043478260869565,17,,,,,,,,,
AcBFpes1zvKPmsPTSMXaZWiEFpWZ5KZ7SmnbZbgepump,236,811,100,0.41043478260869565,17,,,,,,,,,
Bu3hbyUd9qgDWv4vrrKDk3mWR8LDcs7tiZrmjRrzpump,236,811,100,0.41043478260869565,17,,,,,,,,,
5JjFreTGbXDgTEC2DJzr12PLJDYpczJXKvFZEfbdpump,236,811,100,0.41043478260869565,17,,,,,,,,,
CizcDa22HJjXybKLriibqP167GcJjqiDHDPtuiMmpump,235,805,94,0.41228070175438597,17,120,3600,nan,nan,nan,-0.15294795003176143,0.32788306257518923,1.832295812380276,21.58837458102738
CLGkHAUpMFBDZjzcLPnrA5BwtXF2sCUkxpCzB7Ze42n9,285,811,93,0.5418250950570342,17,,,,,,,,,
HyJMDmVe681UwdAzKXVkRookSWkkQZqvC8jR3hu5pump,285,811,93,0.5418250950570342,17,,,,,,,,,
5VMbcRosto1RT6GZHRucUZEM26XEoTYcmoSbNhq3pump,285,811,93,0.5418250950570342,17,,,,,,,,,
87eGzAd8HBwRwVZnk8meqo5kDEMB5B9SQ54v5VMupump,284,849,92,0.5026548672566372,18,,,,,,,,,
EmJamPBbvAH931LffK1rAA2HkC45ndZJMAbdKFospump,284,849,92,0.5026548672566372,18,,,,,,,,,
GW8MTtecmzZbE56YRLF1nNcAwhd83aoksUmnEe2Qpump,287,854,86,0.5061728395061729,18,,,,,,,,,
gsoZaYPVioFi9GRaehCnvNqUSNWYNZNVKT9oyoJpump,287,854,86,0.5061728395061729,18,,,,,,,,,
CJQVRnKixM3y28ahW8x1CutWPbU6FZWFqyrJEg8Bpump,287,854,86,0.5061728395061729,18,,,,,,,,,
DpqGBmkc6SrY2vA1Yb5KuH571WW1oQJjJdD3d2kupump,136,787,60,0.20890937019969277,17,,,,,,,,,
CTdVAK1wZ5wgJiMqm41CGF323QTr1ZwAtnJ3MwKDpump,181,787,56,0.2986798679867987,17,8,3600,nan,nan,nan,-0.18741669222487378,0.6787740570769939,0.8567783792562745,0.1644098905026159
DpCJrRb69shT2srV3YnFScKe1C8EUXfhP9nU6L9Xpump,226,787,54,0.4028520499108734,17,,,,,,,,,
nQ9QrugSTsiFPn61qo8bGqwrweYjnkuwq8dNH7ipump,220,782,48,0.3914590747330961,17,,,,,,,,,
7j6X8M1NGydeQAVwtH2VpJ75iAYw7PTmZFhnBLDPpump,279,781,40,0.5557768924302788,17,,,,,,,,,
6wtZueu89AGwQkGUki3HcerjCDFxLA9PyVUBWQbMpump,279,781,40,0.5557768924302788,17,,,,,,,,,
GwZvGvVzjWTL1mvpw55KQWztTQvWo3B6ew16N2aspump,283,774,36,0.5763747454175153,17,,,,,,,,,
3DHuqH3yb7HAxBTebcMfjT1fMHbfNUAGB7TGYBQkpump,102,745,34,0.15863141524105753,16,,,,,,,,,
5whR534GcEEmrVPedDPZgWLXKQX3shhHMcdZ1FXCAMzi,102,745,34,0.15863141524105753,16,120,3600,nan,nan,nan,-0.029188084820965243,0.2239853143101318,0.6459833824068072,0.5264936006387151
7WeP1TmMJqhod7NLYWrNQHfUzMzhxegxuF2j7qdapump,103,744,40,0.1606864274570983,16,,,,,,,,,
2bNi6wZ8uAPdNoGkJZ1cn1FGuvGABBXdtyLjvp2Mpump,103,744,40,0.1606864274570983,16,13,3600,nan,nan,nan,0.825202530227213,0.7431578195786523,7.205011743226756,2.2357249083775512
9Gv4i5YikU2rV6L9zA3XEXsmjiYqwpnUsLsvADWJpump,103,744,40,0.1606864274570983,16,115,3600,nan,nan,nan,-0.11226462137648185,0.5778484259840088,1.5393378620095486,5.889787272680679
E6u1oEuWWhuexdeVztV7GkQwhDb4yCLKuaUstA88pump,103,744,40,0.1606864274570983,16,120,3600,nan,nan,nan,-0.03380612627701196,0.03498896773868832,0.6210507974057012,0.30396775727996617
BKT3hEUizCg2FKwZ9NrEEUKtEQGyQfyxYcUkkfkepump,151,658,39,0.2978303747534517,14,,,,,,,,,
9TH4WrNrmcE4UVfRuyY4ntN7n7eXHBshss9Wm5Cepump,151,658,39,0.2978303747534517,14,,,,,,,,,
2vvw3cSwibzGD6SgW9QzRaBdmjkYrvs218DUy6VWpump,151,658,39,0.2978303747534517,14,120,3600,nan,nan,nan,-0.23943111609629297,0.7124578929691286,0.13375242318754568,-0.9646867119066703
A7eGqQDmjouCrgD68BYV9zS9kd2KfSSdZbYRF8D5pump,151,658,39,0.2978303747534517,14,,,,,,,,,
TumVMtYHHMydVdJV5qFoy5bwXU3QFMuLUzF89KPpump,146,623,46,0.3060796645702306,13,15,3600,nan,nan,nan,-0.7841501000824536,4.67469794759737,0.7384837087268745,-0.04141308303832214
3htc6kXDoWX96ARLfArJbHmwX8ynYCaWGB3PdE9bpump,146,623,46,0.3060796645702306,13,,,,,,,,,
4CXB7fET9wYsRRhxBYPFjNDA3jijBHVoL7EizanYpump,146,623,46,0.3060796645702306,13,,,,,,,,,
Gsv34W1qcLHMXJRCPDHZYxKUizMozV7An84HuH7Hpump,146,623,46,0.3060796645702306,13,,,,,,,,,
J6Zh9N6AKkFySTpQD3wMbpoetPpwohvuq5YgVWKvpump,146,623,46,0.3060796645702306,13,109,3600,nan,nan,nan,-0.04170287649559912,0.08305666787175922,0.12228622745375466,3.049204027427103
8bJ2VHrshzcSsFrdQy1JRWMmyzRXSqv6JBNTo872pump,153,585,50,0.3541666666666667,12,,,,,,,,,
9oDndFiC7RW42vZcmSzacTKMWE9kgeqnzwXDGLSkpump,320,610,51,1.103448275862069,12,,,,,,,,,
8X1N2HmiP11UXidmyRNHLoBGjAhXU4rk5GnrVYGYpump,320,622,54,1.0596026490066226,12,6,3600,nan,nan,nan,-0.074065149900988,0.21630847817003074,0.17641726436005778,3.9151002053500745
CLrsRz21tZtHe7hkt34d8zC9t6gwLziw9SdMM6o1pump,216,636,59,0.5142857142857142,12,,,,,,,,,
3UXSLKVxF5L6AaugmUhkRBoKETtThQwj6bD6qYkbpump,166,688,66,0.31800766283524906,13,,,,,,,,,
F4GpAFr6vrxU3Y887F3XWkXRgybCVjZNk63m72f6pump,166,688,66,0.31800766283524906,13,,,,,,,,,
iru6kpmqRhSCqbzRNzCAap334py2BCSMXx1QD9Zpump,166,688,66,0.31800766283524906,13,,,,,,,,,
GQpHYdhc7dV5LH64LPEgKuDLHQf4sohMfTpnyN76pump,166,688,66,0.31800766283524906,13,7,900,nan,0.40571050045528567,0.5879452629648001,0.754201598731379,0.3869157878695115,0.27324670830233283,10.335859014486124
5JYoWf9rqFmtCtx597s1rRipNRHyWjo5wbtbo1QCpump,170,690,71,0.3269230769230769,13,,,,,,,,,
2akXpuyFXAVN5YofZpZMfBp2Vxognpmv9NooBMuHpump,170,690,71,0.3269230769230769,13,120,3600,nan,nan,nan,-0.12170153778922077,0.17596175623832272,0.5897447076007087,0.11953979145163052
4SLVH8rturi925CyqaRTJUajPBix7JNJaGL5EGoZpump,218,751,76,0.4090056285178236,14,,,,,,,,,
AcPqEaR9LmNj6grvx28QKCfUmsg48GpT4ZZpfjh7o9Du,218,751,76,0.4090056285178236,14,,,,,,,,,
h3c8Kyoj4pnpeZCGqtWqyK6z8WbzroYRD1Wi68Jpump,220,757,76,0.409683426443203,14,56,3600,nan,nan,nan,-0.6110112169082569,1.6241928702286743,0.658178748050534,-0.6155508963284725
6fkhFEPL1KjipJkAuJg6gCQmHsnvwfhJXUyjV2Tspump,212,812,76,0.35333333333333333,15,,,,,,,,,
FzjSYeMaKvJtruzMyoeZzhb6uhA8ZXY9ibeTBM2Upump,214,812,75,0.35785953177257523,15,,,,,,,,,
CVhWiQ2SBhpTJ3xAR3ekf3uf8Ns2tNzj3mEtzKSpump,214,812,75,0.35785953177257523,15,,,,,,,,,
G9j8WWDeJXZdvwQgP82ooDuHmpc3Gy8NCSins71Lpump,214,812,75,0.35785953177257523,15,,,,,,,,,
CHFSFUY7uNy37MWAVyeLn6ztrCpvK1uRiDCsjkSGpump,267,812,78,0.48990825688073397,15,,,,,,,,,
3pY7axDMKpZ8rQM5XSRGsKLLJBjLVQgVDRVNJpXPpump,267,812,78,0.48990825688073397,15,,,,,,,,,
5GgY77Uti2d6VSAT2WW27d7UA2yBC7PMm2iepjmtJuwv,272,813,82,0.5027726432532348,15,,,,,,,,,
BB8bW8LJzagGkkjtSeVqVZEy6a3pcaciaauFTuJjpump,272,813,82,0.5027726432532348,15,,,,,,,,,
5j9XjKKhDoGH7o7gPHZU5s3kCvEgyrJ1i54QV2Cbpump,326,814,88,0.6680327868852459,15,,,,,,,,,
Aq5dLtgrWDeHdJgRi4ka4wV2L8v1ioTtqFy8L9LQpump,326,814,88,0.6680327868852459,15,,,,,,,,,
gCETSgf89gXTMZGSDWamDvmjoxypsJL55rjf2o4pump,326,814,88,0.6680327868852459,15,120,3600,nan,nan,nan,-0.029849745344313283,0.08541817880394945,0.6384630948532986,-0.5645997887458227
BgVMUdzzKUAgjrKmLTT9aKXJUoew9YAqHrJUfs7xpump,322,820,96,0.6465863453815262,15,,,,,,,,,
GjJsyLWFEHA4TCJBGpobM2tceM4wiQaD3ZPKDhDppump,322,820,96,0.6465863453815262,15,,,,,,,,,
GjPcGzjqAtEjaFHPYGq36cDRibhbtwAqvMd8Avvpump,322,820,96,0.6465863453815262,15,,,,,,,,,
BGfwT1DqdZetx3AaWFggdgpTXvTatvUxAua8wFdvJ72d,322,868,103,0.5897435897435898,16,,,,,,,,,
rriwiGHspFi2kavAeb4Gii6rr7Mj5pfaGH6ABRkpump,215,873,104,0.32674772036474165,16,,,,,,,,,
GCsMGDGF9DGANC1W3AEovCe9C24984JUs4SFVvwFpump,166,816,99,0.2553846153846154,15,,,,,,,,,
HDdGMtMMY5NPeDLVeWE4DuKwMMuzNksh1xLMUmGapump,166,816,99,0.2553846153846154,15,,,,,,,,,
32jdxuFmaJufSsGtgUQN6n4emvzLsD8QRBSjfqVgpump,173,817,99,0.2686335403726708,15,,,,,,,,,
85pXzSdTSA4wu8t3qY8JkgHeMHWzMaE1j94duRTppump,173,817,99,0.2686335403726708,15,,,,,,,,,
HPS59hGvWCf5AdSWqFPJ3yPTJcgTEpo9Raxt32G5rBsd,173,817,99,0.2686335403726708,15,,,,,,,,,
HJ1Ry6iJyAqN7jozMTErJHuNA66kpkDkowi7fhCRpump,170,817,101,0.26275115919629055,15,,,,,,,,,
8kvptZPajh1LJ9fPZrqJnJYnhNw6rnaKfphQp1snpump,229,825,96,0.38422818791946306,15,27,3600,nan,nan,nan,-0.39847017303959265,0.9975086775345339,0.39660020372264415,34.2509203277182
Hkpi2SkNWm5LogyY1Bz4zYTq5REVvco2aYWd1tYppump,219,816,96,0.36683417085427134,15,120,3600,nan,nan,nan,0.07410842579885357,0.1996745202089591,0.25007560583313526,2.068584501016679
4bUuiPrAmrmYnDsh3XxsXHaQcDZCi42nJnCyH6HBpump,219,816,96,0.36683417085427134,15,,,,,,,,,
9FRByUiuZHFLuQhLd51Z9LRWNfLcpQEs1u7uSs5mpump,214,819,96,0.3537190082644628,15,,,,,,,,,
CMhzhzjXZwujkv9Ure9LvkkkPT28kf2BDHTp8eV7pump,214,819,96,0.3537190082644628,15,,,,,,,,,
AuQj7YQSe5ypzxU3f8DDDjNK5qk9PSVCNBcnwAMapump,261,814,93,0.4719710669077758,15,,,,,,,,,
7apj78jEgPGup8UqAcHd9vuDDpWwSapGBdCvF6Uapump,261,814,93,0.4719710669077758,15,,,,,,,,,
4W9nkDkmhVokuv84yeNkSMHQxh1Ta35GMkYMsACbpump,261,814,93,0.4719710669077758,15,120,3600,nan,nan,nan,-0.11239117442092372,0.13099883267475648,1.002305824342899,0.44419337526066816
JBRyw453Uwi5hitesWGt17TYsJTaWTbFQjV9UNh8pump,323,817,82,0.6538461538461539,15,,,,,,,,,
2ABbnf3EzGfiMa3PE2bseAWwRD4jAE4KgE8YjSTxpump,323,817,82,0.6538461538461539,15,120,3600,nan,nan,nan,-0.15086866404640853,0.370626523034983,0.27096125599584675,3.4001384482555617
GqQc4tjs6RkZt1EdsehKLZvNDTpZc9n3UHGxnbfNpump,332,827,84,0.6707070707070707,15,,,,,,,,,
66KL8iu7Unzq84JMQEHtateVXFLaZNcDd8JLRyq7pump,332,827,84,0.6707070707070707,15,,,,,,,,,
8Gw5ERAe6hxMKyYWVXVhok6jhcvQkAfKH1bFBeQepump,332,827,84,0.6707070707070707,15,5,3600,nan,nan,nan,-0.05763104671870889,0.27164345713552734,0.13389998669742975,0.9742091215142279
BGoC16Rj2B6oxm3CYWoL1eu1BFc6jPvmpsoqVQudpump,230,830,86,0.38333333333333336,15,,,,,,,,,
7dgJnmmfwCEn1XVmkvUJqq2TrbrscUTBSq4Bhwuapump,230,830,86,0.38333333333333336,15,,,,,,,,,
AgCpt2wgiLaV29fmaFTZMuM4Hn59gwCArkiMj24zHTVb,230,830,86,0.38333333333333336,15,120,3600,nan,nan,nan,-0.0018392569624995359,0.014721159319818558,1.0006123176250226,0.12422064357687423
G9VVud86SLgb7SnTqRKXJVUkzwLzCf4R89vknWVKbonk,174,830,88,0.2652439024390244,15,50,3600,nan,nan,nan,-0.17661870886422537,0.350812619251435,0.3812392586320775,12.539500033000882
E7vTVLLaxV3y68cpnDx2Q7ExeznhWgJKwPziKDsrpump,174,830,88,0.2652439024390244,15,,,,,,,,,
HVRtNeFPrDcAA9Yu3WrTEdCsTLGJiYDiQbqjg3efpump,174,830,88,0.2652439024390244,15,,,,,,,,,
HFmbKBN7fYCY2PPGYgwkvb7mAuo1v6cmWv1CPK6Xpump,173,834,89,0.2617246596066566,15,,,,,,,,,
AWJkSP77HTYnWyWiBfRoK5nurwP4ApVw1YeEugmepump,173,834,89,0.2617246596066566,15,6,3600,nan,nan,nan,1.1379327491338938,0.6896028946259122,1.3090096300148075,3.5067563131634234
2WG2adv7FdJLRSBjnq2WKiuM82sJMiwwrcJH7h2bpump,173,834,89,0.2617246596066566,15,,,,,,,,,
DiaXHsNJwvGXEjx1HN7phGL7YfHPtBuvzHoCk28Apump,222,768,92,0.4065934065934066,14,,,,,,,,,
5NqE4JTopfa1tfgWqfPHavwvRY2deNnnPPryGSpGVGao,220,825,101,0.36363636363636365,15,18,3600,nan,nan,nan,0.00023062105515281317,0.0002831758690984274,0.04467724198398968,46.39687423304029
J2PiC6EVeSRJLqozVKj3oYwUkpLJZUaWZav9SAGmrbuF,223,835,109,0.36437908496732024,15,85,3600,nan,nan,nan,-0.1660694526289328,0.20727446493651783,0.3205937714165103,0.4224547946979549
G1K4L2nWmwz9s4k31adUKvMaRRYyf9jrkvsrtc7spump,272,832,114,0.4857142857142857,15,,,,,,,,,
2agcQWJftYzYWJNDW4BPok1RKL1xVqpDJtT4SSVVpump,324,835,124,0.6340508806262231,15,,,,,,,,,
5tH4uCqtLQZ48pjSQ55MyR59KaqCE73az2A1nR4pump,317,829,129,0.619140625,15,,,,,,,,,
Hq2Rk3pYN17Jz1P6ejZbMAAuLKhw9sZEJ5uacqfnpump,317,829,129,0.619140625,15,,,,,,,,,
GTJpiZaCqapCcu5shdZq8D71dQJcyXad8BZadXeTpump,315,821,138,0.6225296442687747,15,5,900,nan,-0.0964388814996553,-0.4288245781757938,-0.5623204881145727,1.780200722904252,0.22530543784491552,-0.2003952653384964
HdghDDxvnebzWBXDgqYh9Vw5hfKRRUYGj5uJR2ogpump,315,821,138,0.6225296442687747,15,,,,,,,,,
E5tTXt6QLLhKJxHuKoCXA6vkAQfScRacL1UK2H1Cpump,315,821,138,0.6225296442687747,15,,,,,,,,,
BhU7rjLSvxKw2gCLzx1LV7J6Y4eXwsjrS24ebPBJpump,315,821,138,0.6225296442687747,15,,,,,,,,,
Hsrc16T5cFWgwH2PSEqcYACkHpLHrEHdm5Z1sU2pump,316,819,143,0.6282306163021869,15,,,,,,,,,
9Pfync3ejPC9eHqVzq3nYQJAhyhjqpnB9UsaSfLxpump,206,811,145,0.34049586776859503,15,120,3600,nan,nan,nan,-0.04913814143898665,0.17270146219912938,1.3302254964668585,0.8851980519697973
EVbXayw9HEmhuRcaQVoTCiHiCeEtM39Bw9TfeVmrpump,162,809,144,0.250386398763524,15,,,,,,,,,
5yJgw6a8bb1nRsmEBr6vzX5pt6sQekzqG9nfmxqMpump,162,808,142,0.25077399380804954,15,26,3600,nan,nan,nan,0.0743481756457014,0.2171714658672726,1.0251562639036624,1.725182693854355
FzNgpR11RYACasA8ptFniXQKcLw26CmBWdyNEAU1pump,175,815,142,0.2734375,15,,,,,,,,,
rkbX3fimkB2fPBKopYkSx82xSuWdUbNBuNuw7efpump,175,815,142,0.2734375,15,17,3600,nan,nan,nan,0.14100775596529624,0.21431426286053942,0.9250904727473724,5.602473571764374
BjSuJWSxpHaH8wJgvsa5ZvuLwFJaHt3bpVBGJ8Fpump,175,815,142,0.2734375,15,,,,,,,,,
3XhARh1nQiwGZLwAD8YyKhfZKVHaG8t3VzsRSejZpump,175,815,142,0.2734375,15,,,,,,,,,
6dMydAmqtLsMtn9WZQW7stGqs4VkZ79pFPP1vbnApump,233,819,144,0.39761092150170646,15,,,,,,,,,
CmoCuZ9J2YT1QHv28p3QRphhZot6Sdbu6P6Aw4Vmpump,233,819,144,0.39761092150170646,15,,,,,,,,,
8TQAPEgP8jcWPeLTiQhFCFtPYwKhpjRvTngoPAmjpump,233,819,144,0.39761092150170646,15,,,,,,,,,
BdmmbhuqmMcswTCpP5Dy9H6E87ZqDMULVAWdzu4ZhqTS,233,819,144,0.39761092150170646,15,,,,,,,,,
3xrF2p1fUhmy1hoeyN8vY1WnBPeBy9WAK8em8mLUpump,236,879,154,0.36702954898911355,16,,,,,,,,,
CsGkrnQJQp1eCNwxQ6yKvbiEJA8MwoL8CmXYySy5J7HM,236,879,154,0.36702954898911355,16,,,,,,,,,
yNP1DEES1G2FHo9bhWGTD2HyB21pUJCx23cfSkzpump,232,877,155,0.35968992248062015,16,,,,,,,,,
AZ1fowC7PCS4rKJCY7UFuDqwvGNRRxzJj9BQxiHfpump,232,877,155,0.35968992248062015,16,,,,,,,,,
4gEW7hD7ToAbRaw6YKoo969oLJtVZw6pcjDCr2R8pump,232,877,155,0.35968992248062015,16,,,,,,,,,
967Yg66zkKtgdQVEuw1EaFKtXGS8k5XKxjYCvjqipump,287,875,154,0.4880952380952381,16,,,,,,,,,
7YCTXLpRn1zSgfU7o99RsyCnu7B8vUJAs9HxXKvMpump,326,879,128,0.5895117540687161,16,13,3600,nan,nan,nan,-0.3023152936689598,0.5518638257552478,0.7263546209125241,0.6152604367845629
H66JtYQdhdFayyTNYer6KNhhLVdqfopYqqQi57d4pump,326,879,128,0.5895117540687161,16,,,,,,,,,
c5Zye8yFd1AGrSJ2mViYgXWa1kgCdCj5RWhen6tpump,329,887,118,0.589605734767025,16,,,,,,,,,
6PkDr62LVXDLajbqi2P4PUkxHy5CQsENx3fNXLN4pump,329,887,118,0.589605734767025,16,,,,,,,,,
GEg3E1dPotfUSxEm6ft1NF8dT211YCibHJRcDtGwpump,209,875,102,0.3138138138138138,16,6,3600,nan,nan,nan,0.048063626977369545,0.5573021288764558,1.4288779578408177,7.8497412888491525
2yWRyjnkXNvUxU73ASu1Exbm2aKEyNhShcT7NXv9pump,209,875,102,0.3138138138138138,16,,,,,,,,,
2q4nUEEXQQsKARjJffeF3o7GrevHq3mvWXo6g3fypump,147,878,101,0.20109439124487005,16,,,,,,,,,
AXkXDHko4JHe1PHrgRmDG9TxUxNRFfQnY4d562RYpump,147,878,101,0.20109439124487005,16,11,3600,nan,nan,nan,0.6862118113343136,0.5361764086397253,0.47403692400756703,4.2246745205378
D6ytjMdBBPoV8nsRHJhvrkpwF7sgVBYd7PufkRHNpump,147,878,101,0.20109439124487005,16,50,3600,nan,nan,nan,0.34064577795165407,0.2693051659897745,22.549128401606023,7.786639767044154
3wwU3njdLCT3ebRUrTFeHwKG6zamiiCKwmpShSK2pump,147,878,101,0.20109439124487005,16,,,,,,,,,
CKkuaqSiezUfHesGPTgiAdSGtYuxcEEjBxbCmiNgpump,149,870,101,0.20665742024965325,16,,,,,,,,,
FeWGwBbPuezQo4wRWnx6q6rKpWrpEjAaAaLY7NNMpump,205,868,103,0.3092006033182504,16,,,,,,,,,
6Cn9XH2SCi79Nam7mhH5L1kfwFwPhfresmg6Q4Eipump,205,868,103,0.3092006033182504,16,120,3600,nan,nan,nan,0.3819103948101161,0.3743255057101515,2.4595606168085093,0.08317176741248411
DLz4bLgo72D8QCpVLwJ1QVL7MvFxX2wq3diiW5ESpump,205,868,103,0.3092006033182504,16,,,,,,,,,
EDNvjVDjKVfRsqxf3C8nN2sunxctfoboE2S8aUHGpump,212,865,106,0.32465543644716693,16,,,,,,,,,
DEWqTMzCTpgWB25geNJpMsnwuahTWKQVKUc75qKKpump,212,865,106,0.32465543644716693,16,,,,,,,,,
BCyMw2vvmzh9fB6GQ4LaQ6poqrP4qTrPkYDops2hpump,212,865,106,0.32465543644716693,16,,,,,,,,,
C916Q1f9yP3UDswk73tpokA1ts5r88DVQ8RKb2jhpump,266,919,115,0.40735068912710565,17,,,,,,,,,
AA3v9TutAPj1ZQ9XLioYUsUwcb2zdLbTNX8CCTeqpump,268,913,110,0.41550387596899224,17,,,,,,,,,
D6mSkFmPskEWMEqEpdMMfUEsJdEcQdTSzbG7J2GWpump,268,913,110,0.41550387596899224,17,,,,,,,,,
81RGmig32prYbxf96YnhrhRpm9G1YP1igfxttjzUpump,268,913,110,0.41550387596899224,17,,,,,,,,,
H23di4NXN6j2pwLwbYjtag1Q3v7ANyXR72kzfWYKpump,269,903,107,0.4242902208201893,17,,,,,,,,,
BCDgN5Jgnkbjs8oRHivko5dcf18sPsSmPVKAsDnMpump,269,903,107,0.4242902208201893,17,,,,,,,,,
U6sy4qMtXE5QAJBLsrDHaKkXVm7btEwWbvgecqepump,269,903,107,0.4242902208201893,17,,,,,,,,,
Hu7vozhSAwooDynUUYcdHp1W3zpB5zDTbQ8Yn6acpump,265,901,103,0.4166666666666667,17,,,,,,,,,
FUY6RbdfrDfa82y1AS5ZQRtaoSr1ZVTGD2EkN11bpump,265,901,103,0.4166666666666667,17,,,,,,,,,
6hJ8NyjpgRv2Dvur1jwsQfkNqynnghTsLpEP5cjEAmXd,252,890,102,0.3949843260188088,17,30,3600,nan,nan,nan,0.29841188389576123,0.24310363542675634,0.6551478160000056,2.436148812663351
CoAPF1K56P4hV276Ej9zkv8nPRyUmRKE53tcoqSqqhwi,252,890,102,0.3949843260188088,17,21,3600,nan,nan,nan,-0.0009586739305716963,0.0014338638147267367,0.1671170939181459,75.21245969072712
9jVRLpzqYQBBhVejgtvCrBnivng62fjWrHxePh79pump,244,882,106,0.3824451410658307,17,26,3600,nan,nan,nan,0.03161577360677925,0.2235852381605375,0.9839581826484773,4.725529803850044
3C65gdJAknCK9anyp3thqPt8p1xnTbnynhGk8wM3pump,244,882,106,0.3824451410658307,17,,,,,,,,,
GYVHmvi8Xs7CmPQwbS4pE5EXyd9P8ZTx2S4Pn5uspump,244,882,106,0.3824451410658307,17,,,,,,,,,
8iuNL36yGtMWoCKinRjG4jkyJhF9MbmiAZDHYC3Rpump,294,877,113,0.5042881646655232,17,,,,,,,,,
2mGS6WWuDy1xNQuCo7irzH3iT4SsSeSaA3oJ5NLqpump,294,877,113,0.5042881646655232,17,,,,,,,,,
EB1Yye3HJKt8h8A6esUmFWKdoRvBqtXiX4JNxqcdpump,294,877,113,0.5042881646655232,17,,,,,,,,,
7UTubJ3W6JWwLUj82B9LgHFDmc8wFWtSNLis6u8epump,294,877,113,0.5042881646655232,17,20,3600,nan,nan,nan,0.23759263648649065,0.2970723312125132,0.5919794451443512,0.23986723622899775
DiV3ikZtwdQCMY7j6ovNrDTJJJVHfW6amz7F6Emapump,296,877,119,0.5094664371772806,17,,,,,,,,,
Ds28wMScEFn1ztgwKYM1m2d2Qse6p6jXJhW6KpZppump,295,872,118,0.511265164644714,17,72,3600,nan,nan,nan,-0.36684983524753645,0.6333880978002471,1.0060294044925977,0.78165940533573
Xw9hBXxn7TrGCjmnUyLYrbTxdeTNngxgXzowPNMpump,300,871,121,0.5253940455341506,17,,,,,,,,,
HHAaKxGSYomiwHeH4aPf5Lr9aqRLaYLNqhmrfBDUpump,300,871,121,0.5253940455341506,17,,,,,,,,,
APhHKkSD3CucwoN4TFLmFoBDg87G7yprio8ZK6N1pump,300,871,121,0.5253940455341506,17,,,,,,,,,
HV1qExf1wqK2NLPuHpucPbCgcZsQWKBPtVqeg84vpump,317,877,119,0.5660714285714286,17,,,,,,,,,
8YyFWfzAk8HrGscVoPLGmZBiA9BuaakuUTiQn8yJpump,317,877,119,0.5660714285714286,17,,,,,,,,,
YYhQEwcAeScuY3PNxcBzRMDCvZf1Nw1TFK7dVoypump,151,871,116,0.20972222222222223,17,,,,,,,,,
3e7hQA9QPv2rgQcGTHPigFBPXC5WoPXDLBxfTezEpump,151,871,116,0.20972222222222223,17,,,,,,,,,
62VuF8HACLg2ga4xnG9tRff5fmnfmoHJAUiCsBRFpump,91,868,111,0.11711711711711711,17,,,,,,,,,
43mjozsTLTViop3seWnmgkcf1DRj6qMf1JWw7X8ypump,91,868,111,0.11711711711711711,17,,,,,,,,,
2cAtqsRafKS7baN3mvJARhyZiMRdW4fZYNUUWUrCpump,142,870,110,0.19505494505494506,17,,,,,,,,,
32vUHPxVShN552WwJ36vWnxCoy34eTDHRiQwL6ZA3ntP,142,870,110,0.19505494505494506,17,,,,,,,,,
HR6paqSuqjEcG89SDDMySEGqwkRhNLSi2FsqhasMpump,142,870,110,0.19505494505494506,17,7,900,nan,0.40120744653855467,1.7067059530648296,9.209137510638062,0.6942957744512581,0.6130585038140771,12.169958762119046
BwJTyKf4Du8sK3FPuUvK5rJCvrUM89cXfFcP2jwUpump,148,864,111,0.20670391061452514,17,6,3600,nan,nan,nan,0.36678138712645025,0.5341232329283077,1.587797225144347,0.6128641404840498
HAshQYgknYo1HJ6maFpWAoGf67RPhr4oEbEhaPgQpump,148,864,111,0.20670391061452514,17,,,,,,,,,
9MfmAQ1HGRGVZfrdwBsQnYzcuuYW2zEtu4uniaJKpump,148,864,111,0.20670391061452514,17,,,,,,,,,
DCjuEdUAaCWD7ZNHqMNjaN2dE2EsAQtpP5Pswjappump,148,864,111,0.20670391061452514,17,,,,,,,,,
7ngrUqUvvnt1SpMRFo4rt7CG5CVscXb9C9ngHPr4pump,198,857,108,0.30045523520485584,17,,,,,,,,,
HbGVzMdUnxQu1dYcWFQYU3LboHF32rwY9Cem1WZ6pump,198,857,108,0.30045523520485584,17,,,,,,,,,
k9ZJ9DL9LQHfVudsK9ZswPwmhkQx1QML2pQoeNrpump,198,857,108,0.30045523520485584,17,,,,,,,,,
4gRYGyDP9Jkdt2bi9LN8ZKwwd22UfPYAA8bRA3Zppump,254,854,104,0.42333333333333334,17,,,,,,,,,
rG2Q4Re1fSNLbbnqN63N2whNSTJ9yQaa3zsUKg6pump,254,854,104,0.42333333333333334,17,,,,,,,,,
Dx2MJutrQwVxJ3PsdiXBzJdVkvVrPYCVc39MbJQUpump,254,854,104,0.42333333333333334,17,,,,,,,,,
AV9if3eY6XCSqbG5PwPemweHMXm1o95tcfV9asULpump,257,858,102,0.4276206322795341,17,,,,,,,,,
BoRwd4FuvPUTi8Mu4ViCBG6oe7i9PesjDMePEX4Tpump,310,859,100,0.5646630236794171,17,,,,,,,,,
3896JtCMnJp8UREX13EGXH82mEzrUnt8ZKNLThYRpump,310,859,100,0.5646630236794171,17,,,,,,,,,
FS5CEYY6MBvoLbjQEXfBbDRqZhLjqUfy9iVL91oZpump,310,859,100,0.5646630236794171,17,,,,,,,,,
3qbphpUrEEYyhkDFyXzWLLU9Nk75ng7frc3Rvt7Dpump,314,873,94,0.5617173524150268,17,,,,,,,,,
5UNFUzBFu34Zv8Cewfn33FxbNtbFuihmXA4Rgee1pump,314,873,94,0.5617173524150268,17,10,3600,nan,nan,nan,-0.47518894653909627,1.7059773945434131,1.5970824226520526,17.546052822038043
HmqNryXmwU2H7tYZwTyd3nqUnEiELGjxivgDocEPpump,314,873,94,0.5617173524150268,17,,,,,,,,,
DoW1wXcxEWqgDyhRBUruCKKuMtYqioVW6Fb76F88CcAb,314,873,94,0.5617173524150268,17,,,,,,,,,
8ipdADvjbmmANFKLvmWJWbNa3bWmTrAKS1TwWXCKpump,315,874,88,0.5635062611806798,17,,,,,,,,,
3zbaboajDtmsu6EKBiT5d3BmbTMLyFXbgwkKSoZMpump,312,924,86,0.5098039215686274,18,,,,,,,,,
6ZEb1x9vLREP1WDfnsv1k99foGmjNhPxy12wBr5xpump,312,924,86,0.5098039215686274,18,,,,,,,,,
6LLNiWXRZp8hn5oTFTHEo8ERbJS3QJfHSKhnTCqipump,363,869,79,0.717391304347826,17,,,,,,,,,
EQZfBpWpQc5BEUsP3q79xk1k3mKAAeL8bVZ5m1LJpump,311,867,76,0.5593525179856115,17,,,,,,,,,
fQDN3YED9Rkz5oaPPt9V6xTgmgHtkybgizwvNMzpump,311,867,76,0.5593525179856115,17,,,,,,,,,
4kdX3qeL1t8CoVLVM6XDygTBWz8XfWLRSuLJmojJpump,162,880,78,0.22562674094707522,17,,,,,,,,,
J2YBGX7RTW59KagTzeSpubYRL8BypqQwHCZ3bn6opump,111,887,82,0.14304123711340205,17,,,,,,,,,
5UoWzex7rVky9ZSHGQXQgAPsm8jDZQMFBGqch8L7pump,111,887,82,0.14304123711340205,17,,,,,,,,,
93tRm6L1bNr15FTjnYUazRh4J3Ths2bL84myCBNtpump,111,887,82,0.14304123711340205,17,,,,,,,,,
6Z6qeAuA45G8RrxG7hjZVdPHn1rNHtedJy9WAXg9pump,111,887,82,0.14304123711340205,17,74,3600,nan,nan,nan,0.04890853440266274,0.23977650292634956,1.337817255403739,5.023963705056765
DZHUbHzcedNzpfgqjTgrKu31fLr6hBT7h7hVxgpZpump,109,841,69,0.1489071038251366,16,16,3600,nan,nan,nan,-0.1561000728303258,0.29429215344500953,0.9117019052326805,1.6024145895970952
FDM8DKzNNUZNoveMPJ9qQ9y7GpXp1wKq7Y4ujtMMpump,160,792,59,0.25316455696202533,15,,,,,,,,,
4rABHLfm7BDkkjrkyPYtRadg2BZTEZVoEy3MzrFQpump,155,788,56,0.24486571879936808,15,,,,,,,,,
7VuK3QBoGyJeWio9RhNDWr7VhWrMAGrC5Tk1XJ3pump,200,726,51,0.38022813688212925,14,,,,,,,,,
5gwe1GmHQcWAGeqcJ7H7ESLAkXq2xJ6cY7JiVgCnpump,200,726,51,0.38022813688212925,14,,,,,,,,,
5v4Apahd9MZVUWt5qn5MV4ZsbsuRWavbvfmmwVkNpump,193,670,50,0.40461215932914046,13,5,3600,nan,nan,nan,-0.1578598003087044,1.025335549578683,0.9670518272689563,22.04391780527563
H55qUAeK313XyTrhxeMVQgBrogdGG9biyAVfmDQipump,193,619,52,0.45305164319248825,12,,,,,,,,,
6wCpTaxLmCeBdsazRebYNHtFNC1mPJDWKscHHVwkpump,193,619,52,0.45305164319248825,12,,,,,,,,,
34BTWsb3eHmNpXSnKhn3RuA3TugV5DL6kateQL3Fpump,194,616,53,0.4597156398104265,12,,,,,,,,,
BAGWtYQm6kei9M9hoVcY3pqXxeiGZ1poGoq51io5mJS6,203,619,55,0.4879807692307692,12,50,3600,nan,nan,nan,-0.03888515857078423,0.24211069123258666,0.8007073880922847,21.831241789740233
4tnZ57E3oWjaZKSQY1iwgqiD8ivAGk5TambivhTYpump,251,616,58,0.6876712328767123,12,,,,,,,,,
9DKbFZy5UQA97ohNYwHg72BNX3iQCngKatqVidrrpump,208,618,65,0.5073170731707317,12,,,,,,,,,
FCR5PjritfaxoYwwDzrYybCKoN3pJDjQ6gNcsymkpump,208,618,65,0.5073170731707317,12,,,,,,,,,
FhaCSvtpcpKJbih7p8b9kkEXhagz1yDLXvBKaQJ4pump,208,618,65,0.5073170731707317,12,,,,,,,,,
gF2fSfar4x1BiZ9n2MLMAVYVWQYzxpsrXC6hGV7pump,208,618,65,0.5073170731707317,12,,,,,,,,,
HEZTzupnyVebcpJ2PZem4DkStCdpdZCAENy7aUexpump,208,618,65,0.5073170731707317,12,,,,,,,,,
FKZXLV32fC1PgaifEhi1bWLhd2uRobBy4BtoHUqipump,157,608,68,0.34811529933481156,12,,,,,,,,,
DG7Ls6z3AmpsmfCk5igT8GhGEC1e1mYc4zMruXXfpump,150,602,72,0.33185840707964603,12,,,,,,,,,
57ZbsHaZWsKx8fFALhGAnQmRkhr3LZtLMSvXPtC5pump,150,602,72,0.33185840707964603,12,,,,,,,,,
9sWbnwdcR4vjmdKz9q56QmfAd3332kQ6qFxZka6Hpump,150,602,72,0.33185840707964603,12,,,,,,,,,
9Mn2t7yX2TmSSMEsQqDnFvcmNAGVCPhjevXpKfqgpump,151,653,80,0.300796812749004,13,,,,,,,,,
3Y3ta7U2zF2CHD8np4ybesxN6k6cHMC7bYqeSofdpump,151,653,80,0.300796812749004,13,,,,,,,,,
FMjb2qX1WbHtEebLZN5xtYPLN3y8z3seFW5uYLNCpump,151,653,80,0.300796812749004,13,,,,,,,,,
GM9iDcsma9q3P5LKhoyVwFscjxCaWsW87gzbSxPU1Goa,204,655,82,0.4523281596452328,13,,,,,,,,,
9EjVeWQ19xcxZiE9Xir7C5pQigRXGYDc4cba4LU9pump,211,668,86,0.4617067833698031,13,,,,,,,,,
5M9bFfdqwGxXNMEMBgPsr8dyr7n9KzJxgMHQ91eGpump,211,668,86,0.4617067833698031,13,,,,,,,,,
CH7HjcS67VPXVcwRKrro6icR4QzDD8W75NjNzD1pump,201,709,90,0.3956692913385827,14,17,900,nan,0.2794620396889389,0.39654434273184,0.47217096186524454,0.31719286400103924,0.5347596515477314,2.6691940599790076
cdxxwBUAxxtwQjpjCAh7PSUDKdNuRYYWk2gKhUipump,245,705,87,0.532608695652174,14,,,,,,,,,
GEPfztBZqdh8nZHaPsRxd4UzzwAc8wJRQvC9Rkuxpump,246,708,87,0.5324675324675324,14,9,3600,nan,nan,nan,-0.33246645656291784,1.1576719365575001,1.010270026690724,3.8158840255356337
CAfMe9iv3C82XHAq14XeJuQ6yo3FswfxNDeMP5Nfpump,246,708,87,0.5324675324675324,14,,,,,,,,,
2bFc6R3Wr8e9frH5BDNHoD3vcLQk1DBQzUkrSdADpump,246,712,89,0.5278969957081545,14,,,,,,,,,
2HBTVUsaorJ1axpMxkqBv1c85nyXp34GFMnrSA2ipump,300,712,89,0.7281553398058253,14,,,,,,,,,
3zUqCv6rsqxvPJSLf1SetgYqjXBLqbuWyJqchnZfpump,255,713,90,0.5567685589519651,14,,,,,,,,,
7LxAGkCSxftYVZnqai7bPfY2diVKep2sF3NaXc1Ppump,255,713,90,0.5567685589519651,14,,,,,,,,,
GWVESyRBo7mMWJQhD69rK8bNHtwqeKWBQgt3ppdYpump,207,707,84,0.414,14,6,900,nan,0.9307571914859529,0.08529635794681734,1.7369534782487959,0.8026142986775603,0.35889845119395186,1.7575706632705175
D5qVb7AfwFqHi5Ud6mDpP1QTEgbXd7HRPH2jJ9smpump,106,713,80,0.17462932454695224,14,,,,,,,,,
6otTXQjeRdHDtWiw6d7YKS3KK6tkcLigVoa64CYBpump,165,721,75,0.29676258992805754,14,,,,,,,,,
DYvoYmQhom92FNb5vF6PEoKSbP2DYaxYM5HTErTDpump,165,721,75,0.29676258992805754,14,,,,,,,,,
3rj59CcavzZ3i1AKf5yW3b4s9UCobvQdfgSrtgxapump,166,723,73,0.2980251346499102,14,,,,,,,,,
beXjn8EghNXnKCucBh1oiRa23rmnrhrpUvPBLPupump,165,727,73,0.29359430604982206,14,,,,,,,,,
2Dgvn5ktX6DnEY4wEBrevCutgUxuZUtbzVHKXp78pump,165,727,73,0.29359430604982206,14,,,,,,,,,
Cnm8PaGvGFPT1dDqvRLYRZLwqdTN8dUTtQZT1BTKpump,165,727,73,0.29359430604982206,14,,,,,,,,,
6q2cfpsyeo9gA8wyybq8egKhNZsvGcfc5L2wC2K4mWtQ,165,727,73,0.29359430604982206,14,,,,,,,,,
6rgZ1MEFwik2F1tDGfq7e9xmMf2vZE72uWTDNpospump,165,727,73,0.29359430604982206,14,,,,,,,,,
BQ6Hi7ag6SPydUazvU5hkbz9frC78dm9AX55pFqJpump,211,720,75,0.41453831041257366,14,,,,,,,,,
EZ8Sp3zx8RPswHNYnykFG7V3uLqpua5d89qpVD3edoge,211,720,75,0.41453831041257366,14,,,,,,,,,
AFnCQjbWGkVvP1ZrQjbx2LqSJF5fwLTntDiauXXspump,201,715,73,0.39105058365758755,14,,,,,,,,,
Bb3q2gyesz1YrRzj6ZtFFHKCiHzSA3RLUiQDZKwZpump,201,715,73,0.39105058365758755,14,,,,,,,,,
J33WbCWN2m1EpoNUP9Ch6cWoV5j6BFJervDfgPk3pump,194,706,71,0.37890625,14,25,3600,nan,nan,nan,0.20952246104673322,0.43898019312250747,1.0164620768021775,5.1080462295257325
FghHacaCotX6EmLbJRf2C99WjWdZAsVuAz6M67f6pump,242,713,72,0.5138004246284501,14,,,,,,,,,
BmdXs3WvW88MctjKibL86FTUdTyr9GBn8XNUuok7pump,242,713,72,0.5138004246284501,14,,,,,,,,,
ENADVTvNXevV7hcdqsVtPHS5UnX8y4uwsjrDFvMGpump,242,713,72,0.5138004246284501,14,,,,,,,,,
4VzF6EKX7M3PQDnJxET9xftPaaL8K5yucLqUD1Vvpump,234,716,71,0.4854771784232365,14,,,,,,,,,
CAqfq9VneEGmNrUXxu9ofyFfAyGppjrXpKqg7fnssarB,234,716,71,0.4854771784232365,14,,,,,,,,,
55TLkaCjVD3if5pnMdcUN3cvUh2CaSYnXSqEinqgpump,244,718,67,0.5147679324894515,14,,,,,,,,,
BQYc6c5hivsPrEEmTxBVjGT16setk2gmPvbv7YBxpump,244,718,67,0.5147679324894515,14,,,,,,,,,
EP8QJoR6LnMidjv818MWGs7Mm4hQR6vv1gNdT7NK4Lgy,174,735,53,0.31016042780748665,14,,,,,,,,,
BahBSeX57kiZY47knRDLSa5unDHiucWygyS1A1C6pump,109,738,54,0.17329093799682035,14,,,,,,,,,
7kbA4Wnyg8u8QrtUCao3oArLg9sdhcDa6z6WhWWJpump,109,738,54,0.17329093799682035,14,,,,,,,,,
Bg5WDueyGm9ewSQKURx6RdrFQCEmkuz1WQecg8njpump,109,738,54,0.17329093799682035,14,,,,,,,,,
GD8cdLqU3HU8FfsQDAKU1vDrewciZC2WgRfs2yAspump,162,735,57,0.28272251308900526,14,,,,,,,,,
qnPzgfxz41em1i8jK2g8pgs1ejuntoSxLf1mDUgpump,163,733,59,0.28596491228070176,14,,,,,,,,,
5pVQnFwVxrpS81bXCPxFfh1LHHbv3AcymbpazZnhpump,160,732,63,0.27972027972027974,14,5,3600,nan,nan,nan,-0.6355591543962719,2.037710418895073,0.5985540674054267,0.8278049034241874
4nA3PW6DPmVzNDeKKa3SmfpKeY7LS1yXsRFJm9oEpump,160,732,63,0.27972027972027974,14,10,3600,nan,nan,nan,-0.9894226647401189,123.73548156965934,0.6107614338995131,-0.8414085415129584
B2xetuWUZWdhqEvZ25ATSPmyG4hKhEoJgqtq8j4Bpump,160,732,63,0.27972027972027974,14,,,,,,,,,
6ctwkKWsuB2VQmvAQXsRAJHQrhunQCDSatAVigWWpump,160,732,63,0.27972027972027974,14,,,,,,,,,
HQz4DSDrvgiSeEALGJv1gzSxJx4xfAdigG89pZqMpump,210,727,64,0.40618955512572535,14,,,,,,,,,
7SdsWCRwdB196x75AfotUFGNNCUyEFGHnDC2qTuypump,210,727,64,0.40618955512572535,14,,,,,,,,,
qXjNksWUsHjK7QUsKb7RkEnEddtS44nUriV4ny9pump,214,738,68,0.4083969465648855,14,,,,,,,,,
6T3JLxXTT9hhFGQxbXDp4jK7n4iyhBjj43P2rrfNpump,214,738,68,0.4083969465648855,14,,,,,,,,,
6xVq3NbyRf56ndE41tEc5RZ3tqBtFQa9EgbgFBiEpump,214,738,68,0.4083969465648855,14,,,,,,,,,
Gcen2s6nhqdYHDu99fJYq4Aumge8JwM56wDZksrmpump,210,742,73,0.39473684210526316,14,,,,,,,,,
5B6dsHpN35z98RAre6dSCgTQjKoX4xjo1uv5r7KVpump,218,756,78,0.4052044609665427,14,,,,,,,,,
DpVQGZQPgAemvddsLDQXrevizXdYFPYnPPUYCDPrpump,218,756,78,0.4052044609665427,14,,,,,,,,,
FNS1uTEXGCCZXYzGgzemxsFxjDowGbLpmAJ1Ehdupump,277,767,86,0.5653061224489796,14,,,,,,,,,
AUk4rL7aCKxFit8LVivMLnYo5Basr8N5wqNokKmBpump,277,767,86,0.5653061224489796,14,,,,,,,,,
3pz7Xrpsj18m8LJE9vBVxEPDLnSvkDxE2hUxk4SPpump,277,767,86,0.5653061224489796,14,,,,,,,,,
13Uhk4Fk3WUeVjx96cWPLqQ4RLAFVkiW5cKqc5TAAiNw,277,767,86,0.5653061224489796,14,17,3600,nan,nan,nan,-0.07324031329384129,0.25590391213562796,1.1068085656408968,0.5674729249378165
AsHhg6ZXnuQ2VDfSzMp2L9cJV7hH8TiFVDrCPKrYpump,277,767,86,0.5653061224489796,14,,,,,,,,,
AkrALZfCDAgfVeCTMb1Xh9rWNn4XTPXzD3FEGFEtpump,277,767,86,0.5653061224489796,14,,,,,,,,,
BfPxiUJwhvQVxJvgeJg3DmJhJ54MYN8twnWG7owPpump,347,784,98,0.7940503432494279,14,,,,,,,,,
EBZruSYTRGqr4EwLcpT59vkLpLUutxagAYb49mo3pump,120,796,118,0.17751479289940827,14,12,900,nan,-0.263412009266324,-0.26285777657752785,-0.3802659013308102,0.5735202334426233,0.2840970713156431,4.178853741703388
d1bLTAXaYxRsdQ9SX7MX7N3pJE3uFLLh8qkmMEcpump,180,856,123,0.26627218934911245,15,10,900,nan,0.018351268309201085,-0.007256643653009931,0.7293060997917526,0.505683518754974,0.26694785193921766,34.39863454030336
7Cj9EczteUsSu1vgPXoLdVcxLqpCWwyYWn8kgwDwpump,180,863,121,0.2635431918008785,15,,,,,,,,,
BseYv6zjFcfTcSqtSb84BYjZpWBfGdgg4YanhKgCpump,180,863,121,0.2635431918008785,15,,,,,,,,,
Af72QENbvReeKywXQvi3GRgfWbKF8LdncwCjoQ9npump,240,866,120,0.38338658146964855,15,,,,,,,,,
XSTuo1fV7HHMhs4BYiwtrWSLsMCJNrooH2AssWTYZqP,240,866,120,0.38338658146964855,15,16,3600,nan,nan,nan,0.00019146157593352697,0.00471649414558535,0.405516140555208,80.8220784365616
HJQC4xW9k3gxstQ65UjAwq7D9EQ38NaJiQNayjPopump,240,876,114,0.37735849056603776,15,5,900,nan,-0.9874092720607653,-0.9912654602952206,-0.9902501981813651,154.34915781876566,0.23980163943891764,-0.9761383450962663
G6ugqRMLLeBr4UmkmyyQ4sHSisC1z2DaUReHanifpump,240,876,114,0.37735849056603776,15,,,,,,,,,
Fyj27HvNPeYXktGa9ifAvwmFnhxNkUr3yUCciZ6jpump,240,886,108,0.3715170278637771,15,10,900,nan,0.017813541677089262,0.5806177262011305,0.6418630427114618,0.6344241483219125,0.31870371859772473,4.426601888370767
FJ6XzNmeFtcKfbLMfQDkeyAVwEnyyhLW87DGdi4Qpump,237,833,93,0.3976510067114094,14,,,,,,,,,
5sd8bKraewJNHFg72scxxYXNeLCASVct1gxqi3Xipump,237,833,93,0.3976510067114094,14,,,,,,,,,
DpHz68ok7iF9i4KniJzy7FaqvQkLBuN962giMtAJpump,237,833,93,0.3976510067114094,14,,,,,,,,,
Fr6e5W5d3YpZ3V1pAM6TTeW7iKkYvgQwgw2y4tNopump,237,835,89,0.3963210702341137,14,5,900,nan,0.36958180679296704,0.9472607200031216,3.423290857746939,0.5878971963931241,0.2757899385343659,4.18448881684297
8bEbF5WZcPKhSUJ3nF4YLdPtsWG7HvU1f1DstXj78BSp,237,835,89,0.3963210702341137,14,,,,,,,,,
Gtxz1uCBCRn9edK1eXpnqbqv3PRcdjkS9JLuXn99pump,233,832,83,0.38898163606010017,14,5,900,nan,-0.05273708580769121,-0.39818300632105474,-0.14960926214994252,1.2256029432009221,0.2218116582541554,0.5236816854889652
5J556RgqipxLMNAjt2heqLx4ftoynXVbNHcgYWHJpump,233,832,83,0.38898163606010017,14,6,3600,nan,nan,nan,0.6925863349991899,0.7185997946732576,2.6197815199343175,1.8798586406162157
CUppbAGRtbWt9N7bPiEqPhKCHMfaFca4zQmbmfY9pump,233,832,83,0.38898163606010017,14,,,,,,,,,
EbzAM6hw7MQP8VNiwixoc5mgW18NkR348HFxVMHypump,290,827,74,0.5400372439478585,14,,,,,,,,,
CVdByCD7SLsj2Kv7UAqGyNJgSVc4Nvd8qdL2U1shpump,290,827,74,0.5400372439478585,14,86,900,nan,0.005735592826229041,-0.1835293449070443,-0.19531589589557208,0.43374622834604376,0.20126820770474554,1.6042475389536506
9LRi6EXPUebHqE2LHfmvioQKAKAUHEnhCRgpKDjepump,290,827,74,0.5400372439478585,14,,,,,,,,,
BW58wHRGGkifcBBJuL3AJnWw6FgvjJWLq6cjG2C6pump,290,827,74,0.5400372439478585,14,120,3600,nan,nan,nan,-0.1441639804195083,0.28526132702738194,0.22892990685799441,10.567138695934132
7iLe8gak6XAcRA6xx4YSnPK4XHjiHyEbq5rqUJ95pump,234,827,73,0.3946037099494098,14,,,,,,,,,
P3KW9c2SLG2k26jW9pZ2rB9omho726aUxjNe68npump,234,827,73,0.3946037099494098,14,7,900,nan,-0.16315005916551784,0.03794307289798726,0.15783990902788214,0.8171098082794305,0.18220431664555048,1.430849166529677
A95ZxECYCw7JKwRo6KCC7KxUDPycBaLb6rdFtqT3pump,234,827,73,0.3946037099494098,14,,,,,,,,,
5wQFpZ2Xstd6khM8WwtVdhegiNEjM48DYErMVVknpump,234,827,73,0.3946037099494098,14,9,900,nan,0.0693121576821143,-0.11287589343097792,-0.1591586163588823,0.20695749078674863,0.05890473608087489,1.1271713826976035
7hpGEPpdDHaeXPW5gFWunPqoEU4C7NxCYT1ZnQF5pump,176,824,70,0.2716049382716049,14,8,900,nan,0.08390071903405172,0.20113699723685685,1.2822811922795916,0.35934965704092414,0.29705155194543326,2.8026231383223785
8boLzTXUwmRhQzzDRTCc7BhcHrFzDgSVrxK1LKespump,176,824,70,0.2716049382716049,14,,,,,,,,,
B5RMggYagf8A77GnX82HfvE57fVQqCmGPZWvcbw8pump,175,822,68,0.2704791344667697,14,,,,,,,,,
2FCerziZbakcdDbuQNgEWPxGRPYGmBzMxEJKkqJEpump,175,822,68,0.2704791344667697,14,,,,,,,,,
8gEtFeKeRt1QREkU51dRih9pQ39PyYpRRZTyLg2v5qFn,235,822,67,0.40034071550255534,14,,,,,,,,,
GPJZWSVZpYsRxuzhv1DKDGTmawPgSxUSd6fpja7Tpump,235,819,69,0.4023972602739726,14,7,900,nan,1.9815889707849803,1.2353322611102566,3.4080935648353305,1.0306671395055862,0.28957173348857596,7.142089339678291
Bh819rWjgJvWKeu5G38AcdZm7aKq8RdSfF7stGREpump,235,819,69,0.4023972602739726,14,,,,,,,,,
8Mb3yGbjf9sC5CeYGtjgkgraG3CLErSJuSp1R98DfvfA,235,819,69,0.4023972602739726,14,37,900,nan,0.3206950274587337,5.00366265730665,4.307608583534488,0.8369799361839182,0.9152674417482543,13.205648479927401
AGXZZNAuqabbKU5VL5sxViaBXTrovSWkZ89LMKHBpump,235,819,69,0.4023972602739726,14,,,,,,,,,
9Lua93QysHFz6Qni12T8gW7Z4XmWx9oy7qW1wg4ipump,230,812,73,0.3951890034364261,14,,,,,,,,,
5R1xMXCLuRxLN7AkQeUxh5jvk68YWZoQeYzguLpgpump,230,812,73,0.3951890034364261,14,,,,,,,,,
F3u272BxZKzUtwvJ6qETC2x7WDWfDjJTESSapK7jpump,230,812,73,0.3951890034364261,14,9,900,nan,0.05665265906102945,0.20224799332666987,0.32122118604228533,0.16822485414763824,0.224025368127003,0.3627478804715025
EXhpr5uQJF3HUAVKQb5Kfth1TpjQeoBL8BgK6DeNpump,290,872,81,0.49828178694158076,15,,,,,,,,,
DVee9B1Ja8pRWRLLruUAaN4Q7zHMh1x5CzdFat98iYv,290,872,81,0.49828178694158076,15,,,,,,,,,
FnjLE4joyVihNMmp6bvYZSyMhy7jT5YHCTwQBBadpump,290,872,87,0.49828178694158076,15,,,,,,,,,
28R7K8iUSmkxSsuZTLq6uqzh1cwNhEkapqkNA6m4pump,290,872,87,0.49828178694158076,15,5,900,nan,0.07112794979421833,0.15527636812755308,0.08764878786362607,0.444311330890103,0.31844856981436875,-0.015365366232589994
7LRpiiDzNVRdxfatA5T1iGvQmPUP46pMkpfGnqYWpump,290,872,87,0.49828178694158076,15,8,900,nan,0.6942097639773013,1.1568827295333155,0.8608313986050222,0.9626277607162596,0.6181546965807614,4.0533752055411805
2U75GgW2W53MZMuH2jSDxcekjFF6Vw4Q7KxYBw5Ypump,350,935,94,0.5982905982905983,16,6,900,nan,-0.030117546226249847,0.6937946771303998,1.2452774277147598,1.037863307935299,0.34922418430828206,5.524877445159073
GKUwfyQoJ9apCaoWyYaQ9RT8inZed469v41M1Ljb1ock,360,944,89,0.6164383561643836,16,,,,,,,,,
FpSH9YniQQFbJ9vwjxqsNHA7DNfecJEWiREFseb6pump,360,944,89,0.6164383561643836,16,6,900,nan,0.08653190688055212,0.10380192454613901,0.13201477288399444,0.30235202359068464,0.2570084387650083,0.5160891498183926
C8ZbVCfxxpJVaYi4An9pS8ckU1WTxNKF2o2PDNvfpump,360,945,88,0.6153846153846154,16,,,,,,,,,
4R8nPamDM3Vk8V6ivpnq2gmvho7ueVpMGU9noXRqpump,360,945,88,0.6153846153846154,16,120,900,nan,-0.05316730951281401,-0.06865886695874612,-0.2193638229170196,0.11881887452583893,0.10068629826418264,-0.6595315771944461
7kfJNK972x3a5W8kmjYkfGK9oZGjkRCEtZkzPkuapump,110,938,89,0.13285024154589373,16,,,,,,,,,
7kJehzAt1WNmXqLwuZzvaN7gnheLLZQsKu7ZMEXkpump,110,938,89,0.13285024154589373,16,5,900,nan,-0.08650382172510829,0.023244735008695505,1.0098428845239633,0.42209791975791566,0.15788468793310234,0.8461649617105753
D95b8fts8djzEbHSqGcS8tUBLXDefbCk91VMmpCCpump,110,938,89,0.13285024154589373,16,,,,,,,,,
DBpvALhKXrptf25jfB7ym2QzVuj4CEmF6gV49b9Vpump,110,938,89,0.13285024154589373,16,18,900,nan,-0.07913317598947889,0.07619709111266726,-0.3818832286242523,0.29912916279126406,0.1209677866483414,0.22726158876182434
YKHT6bCBxZMo22YZSghe6tsp5aFX3mzyMUbbf3Apump,110,938,89,0.13285024154589373,16,,,,,,,,,
4FaSuBUp15t9Qiar9MdpaspkZJU5RK6A3QLnybNCpump,159,929,91,0.2064935064935065,16,,,,,,,,,
BwMGuEjN6uNZN34JoPT3REjFgE6uvAFaJgHdcNT1pump,159,929,91,0.2064935064935065,16,,,,,,,,,
9T4TnPviAXMB1iQXVX647CaYTsGg2sq1t22Kixgypump,159,929,91,0.2064935064935065,16,,,,,,,,,
GiRrLzdan5Gz31ngH4zgxk6ybYaryNVCSLdAJyn1pump,153,923,90,0.1987012987012987,16,,,,,,,,,
BiZcprpAUMJLvzHNu5zRzdpphKKeUNe8gYCm3yQ8pump,213,923,92,0.3,16,18,900,nan,0.06712508197891975,0.1475382017234559,0.3144256208467662,0.4029635551870358,0.21465904201893773,0.7415283732867537
5655KMLBgq98T3XrBC3YZ2DbhbrEtKfrwLvxSLHZpump,213,923,92,0.3,16,6,900,nan,-0.9837005502104285,-0.9849524192208855,-0.9843687328412984,90.33685877387332,0.4152779243178118,-0.9764324858636451
AKsNgG1sTmNe4CV5x88LXSBsN9Sw5kYu6UvLj7Y6pump,213,923,92,0.3,16,,,,,,,,,
DimyNkABRwrdyKJhrCn1JYXtX8B4VybjWzy5j2ugpump,218,921,90,0.310099573257468,16,,,,,,,,,
BA1Sqcj9rzcsHtwavNSVFeCXRioFL9BP4Y7f65UJpump,218,921,90,0.310099573257468,16,,,,,,,,,
9AX92xMkM5Z26nQzmJfb5wRZsLSs4n4fTJxMNom2pump,276,926,87,0.4246153846153846,16,6,900,nan,-0.3754072886069193,-0.5410157862841476,0.993452774297483,1.681197132028393,0.21107142511334379,3.24397290835432
4BQ7xDWWL7aQhST6zKVQMQFnfLvZmogrsakpCbz1pump,287,926,83,0.4491392801251956,16,6,900,nan,-0.29158119622309553,-0.07748717828598584,1.1366495404509074,1.1606139129577058,0.323191151744478,1.3639980041001918
GuXiRMUJSSRGUqe4BZGPokxBUg4EDZfoH5EBt7hopump,289,922,77,0.4565560821484992,16,,,,,,,,,
Bo3sVJY52FNDBxT3uDN92FcL277fXriy1Un7dXuQpump,289,922,74,0.4565560821484992,16,,,,,,,,,
gB8hzbFmZWANMuARYoerRQKtoSn9KJ3w2b4aqm9pump,289,922,74,0.4565560821484992,16,,,,,,,,,
GDgqVdisBKouTEdKtw6GQZtc55DLAS3PrpfLLMRhpump,347,920,73,0.6055846422338569,16,,,,,,,,,
3QgaUegtLJSdXA2NzDoskN4rrJEqTnF1XWA1nBrPpump,349,917,73,0.6144366197183099,16,,,,,,,,,
EV3wbTo13C6xkTshUZaH3LJeStYgiKR7mY8B7am6pump,351,917,75,0.6201413427561837,16,6,900,nan,-0.014527451171990169,0.13492325669910787,0.07047119171262506,0.19474418130353013,0.16453699277867015,1.9389629095578003
6pDk7itpB2xQUQAvJLitNFrCSAinjozdPBcS6UsLpump,351,917,75,0.6201413427561837,16,,,,,,,,,
DZPspRipkDMUxTzd7NdQKqHLW9fSuE8CWmModx2vpump,351,917,73,0.6201413427561837,16,7,900,nan,-0.39666866896830666,-0.4202680899046697,-0.20502320083160663,0.977439121137099,0.4042872741292281,0.6520526382645015
ERMS1vKBCQS5YMJCcFNP464RJyHuHwSLYdpsre5Cpump,355,917,72,0.6316725978647687,16,23,900,nan,0.010838207255445154,-0.005451857998153731,-0.030084273580376575,0.044640758811561904,0.32559403136614473,0.0018782808440334087
9ZtbETDNjnST9Y2zs82FZYy49xUMPgqXRh46YjjRpump,355,917,72,0.6316725978647687,16,120,3600,nan,nan,nan,-0.3952097252972584,1.1924983959864437,0.7386312237104322,32.64314752145069
3MHZzkmgxguPpq7RRzczjzLRDaJwcyGtyFUgbXMEpump,240,917,70,0.35450516986706054,16,17,900,nan,-0.22380782870941707,-0.33385142898578235,-0.2539870034642078,0.5522802052293574,0.3283053391471788,2.057715899203664
Fpu4MNh6MfSu6kAzugvHgW8FnGEXfym9raHP8TpBrKJR,240,917,70,0.35450516986706054,16,9,3600,nan,nan,nan,-0.10641493029197602,0.6266972758109035,0.7977770553809265,-0.014707928740345544
3N5umsvLsk5dbsJegYoG33YfYY3yn5vL78ZPPXY1pump,120,867,65,0.1606425702811245,15,,,,,,,,,
Fw2aagAnwEex2ko7n9QW3ks3Tvfdx2s3SsfsFzErpump,120,867,65,0.1606425702811245,15,10,3600,nan,nan,nan,0.15913909621484468,0.4270923787051619,0.8658319967800221,6.217671102559654
2R6Eazy55Bz6AqkWPCESqW6TrJsVYhSn4Q8tTkdppump,120,867,65,0.1606425702811245,15,,,,,,,,,
FaF8WhqHrTcfwzBp2qRBeHgZbu1wB5S9Yj26KW7Hpump,120,867,65,0.1606425702811245,15,,,,,,,,,
5DsoZbmqVSTh9acH5aUGTt66diaWv3HswYELyn3ipump,120,824,60,0.17045454545454544,14,,,,,,,,,
3EbLPUVi6ZDitZwuv2eLyiudxrggkCQfpHA4JRLTpump,180,824,58,0.2795031055900621,14,,,,,,,,,
d7737w2iLSTqLxLU1Q7ovrHocWdpkNwJ3E2GLyXpump,180,771,55,0.30456852791878175,13,,,,,,,,,
H6QbkNxaVKuwhRLRFpRBhBubqGuPk5bqs2NyVf4epump,180,771,55,0.30456852791878175,13,,,,,,,,,
euXT5wMLfGs1zu2zfgeTUSXhjZNuMMiUZLsLsDKpump,180,771,55,0.30456852791878175,13,,,,,,,,,
3q9ZjmQfJjFVh7QHZykbUWZtFroeZw85jveXHsHYpump,180,771,55,0.30456852791878175,13,,,,,,,,,
3KeUGy1hARt1rCCydFt11r6FuWAYUxnQZJ2JkwKbpump,180,715,57,0.3364485981308411,12,5,900,nan,-0.1269947403191638,-0.2454038442836739,0.3539759020292417,0.51465892150658,0.08543561773241617,0.6457576038726021
92t87DktrvYAi4yuv4TwhAbF4E2C934rJf9zqgsipump,180,715,57,0.3364485981308411,12,,,,,,,,,
BcNhFkxKPTxmYzK4G98VafhaHWBSy9deTujuTok6pump,180,715,57,0.3364485981308411,12,6,900,nan,0.11447222381586664,-0.16195934388922417,0.4638985340857278,0.7201576180067016,0.3244973690909041,4.896794043214803
6EbafsFaXBsHxYuup5nteTniq7pSkxwjsbi55Rptpump,180,715,57,0.3364485981308411,12,,,,,,,,,
HK3igJ6L4MiZZ2zM12Nohu1MGZRzKJvqbpFwz1yopump,180,715,57,0.3364485981308411,12,,,,,,,,,
4UEfFzoo7ZfynUprybpB3HkvxXd5rfzCBB7mzT1Kpump,180,715,57,0.3364485981308411,12,,,,,,,,,
8PoLji879M3Lmoxvmm8z9HDB8qUkFhaWR2g4AMwTpump,240,660,61,0.5714285714285714,11,,,,,,,,,
ENGNF2NEz9EmgW2pGr1vSJHbuSDG183pQ6VnKnGcpump,240,660,64,0.5714285714285714,11,,,,,,,,,
ETguf5mcGLRgcCdKtfCXNVXaCpznFN3TqbUT6aEp5iys,240,660,64,0.5714285714285714,11,47,900,nan,0.0038436916093671503,0.0013139963570396596,0.21501338810492832,0.0038289742133110634,0.0005089508626851388,49.09270054709518
Fg75gUo5qtQhL3iU6iaXaD8b818RK1zGeuysiqFApump,300,660,68,0.8333333333333334,11,10,3600,nan,nan,nan,-0.003571129572117915,0.030696119457695403,0.503166583982191,4.517987328150149
BezdJrtJxz83mewWwcKBjFctGC26ECNaGXo6vMDPpump,300,660,68,0.8333333333333334,11,7,900,nan,0.2069857917578255,0.11424762472056238,0.4257076250945513,0.36232368577259083,0.2435529176138265,2.261705252514131
5Lxdugp5gpE7dau8YRRyKn5KeLaiFUGF9EMmHT1ypump,300,660,71,0.8333333333333334,11,8,900,nan,-0.14873410875212045,-0.3537411178930294,-0.44784799714720835,0.7334425679962779,0.18747205768502426,1.152509083121398
HatVQQP6jGjwbhhYiSotv3dSAVv9Y3NdCAZxUrGupump,178,658,73,0.37083333333333335,11,,,,,,,,,
EVo4bRhn6NB6oRypmvuiiTLcdiXmz9Ft7UyG1WExpump,178,658,73,0.37083333333333335,11,7,3600,nan,nan,nan,0.02660328685295954,0.40695391636280964,1.549127268187049,3.9877642347772557
7Hp8Q8udDSGNqSXrM1tyo4jrisL5LzD7Fzxr4eKcpump,118,718,81,0.19666666666666666,12,,,,,,,,,
DDWjoEafc3AYGXRHtCjqNKXEDmrsmSnF2n54qpqRpump,118,718,81,0.19666666666666666,12,14,900,nan,0.7812667206113504,0.12364120180501481,-0.41188871643939695,0.5379845476456174,0.31430552751649304,9.020335170071492
9BFw5KMWpBfzbEKh7qtp5U6hXRVZ6DqykZGV1BkFpump,118,718,81,0.19666666666666666,12,,,,,,,,,
6sjctAg8j1HY1hWyJz9SQBsGAF9CBt29JHNBbGdfpump,178,718,82,0.3296296296296296,12,,,,,,,,,
EKH3tGXvf5cWoXLdnCYrmdLBPhrykwVxNuMPJg5Lpump,178,718,82,0.3296296296296296,12,6,900,nan,-0.08637981955056329,0.34211026346864126,1.1728306718118917,0.6909326582078144,0.19747170261774757,6.924309876484724
DpphSvKEo4Lyu7yHqMc5pJ4WzuqbP4Y3VQzEjZ8wpump,180,718,87,0.3345724907063197,12,,,,,,,,,
HknhbJQAE3MgswkkU6xAhXLXZS5km17nHibdbk1Epump,180,718,87,0.3345724907063197,12,10,900,nan,0.06416084833844793,0.010266859385909655,0.11004054773034944,0.44567772491581953,0.4221678831790823,3.1368161319389376
EUx9N4UXDyAXJpziyLF36j6Ut3Gu9X3VKEGptbmfpump,180,718,87,0.3345724907063197,12,15,3600,nan,nan,nan,-0.05941331689912088,0.7125450593334836,0.803814865820696,54.19857035135369
5csfa95Xf8ebiCwP9joQ7mtC8KwFvnnejnYx5FbYpump,180,718,87,0.3345724907063197,12,120,900,nan,0.0010974671921892831,0.01013445843275873,0.016197618980568818,0.012523341951524563,0.024267031698289216,0.11435818559900168
3aqXuwp6HuVXs9vdD9Gpg4dzJaUx443RjK7GXzphpump,178,716,91,0.3308550185873606,12,,,,,,,,,
85PbYtsF8i2jdvRfv523dYU5Xo43DKkX3oPXYgWmpump,178,716,91,0.3308550185873606,12,,,,,,,,,
3LdQLw8ZBMcjjRL628MntdgS8KcsEunJWiRncXH6pump,178,716,91,0.3308550185873606,12,10,900,nan,0.14209495365063263,0.375837933778584,-0.040803985386721586,0.33733277862722516,0.24418978518324513,2.826772702180339
8kFboZiKNQ4jC8fyNAiCjm9YGV5qs99Ns7fCchdYpump,174,772,97,0.2909698996655518,13,,,,,,,,,
4tzmsD8EpQVPqHDdzSXWNHJnBLL3fNUFbLv3nufjpump,228,766,99,0.42379182156133827,13,,,,,,,,,
6gjiZpuqSBmxcS8YpdmHGnEokzCGm1ojmzU6KY4Fpump,228,766,101,0.42379182156133827,13,,,,,,,,,
8mwa57WGi1L656Y34BQsAzKt76qxXwfV9FEwFCuvpump,228,766,101,0.42379182156133827,13,,,,,,,,,
VqmABNboP7rM7NGNBDsgX3DvdQJqpa8K9toeTCDpump,228,766,101,0.42379182156133827,13,,,,,,,,,
5QZDZtXwSHGfreiVwkLvhyLm9MN8APjEvEGzyArhpump,228,766,101,0.42379182156133827,13,,,,,,,,,
6soNfReFCsgGD6ANDiwaMFN8MxCbn7BUdEvq98cSpump,228,766,101,0.42379182156133827,13,,,,,,,,,
2vBS6D5mTPbQHChbZevmJ3Ck4uyrmdhbt1LkbyLopump,228,766,101,0.42379182156133827,13,110,3600,nan,nan,nan,-0.18995417825510952,0.3505780956022278,1.645520336099896,0.7466766832331553
96enXoCy7WDNuKj2hyfBTQNyeUMXMSSsJLrem5Wwpump,288,766,102,0.602510460251046,13,,,,,,,,,
3XstzAweu14Djh8K8udr7iZmd6DCwGiaSAdKL5NGpump,288,766,102,0.602510460251046,13,7,900,nan,-0.19825761549335896,-0.30293513816490614,0.9659168830597085,1.0449222471941235,0.303956610944216,2.052688574418289
2wa4EjBBo1YuJeGiYyMgwMvs96b5d1iqdf555sSWpump,288,766,102,0.602510460251046,13,,,,,,,,,
ksxv4TqwfNdEUA2gqbpYSvKTJNetkto6ZuYgjhxpump,288,766,102,0.602510460251046,13,,,,,,,,,
2XzK878GKk8TaiVakJWrvDKgdBDTqxW2X8iG3Xuwpump,290,766,99,0.6092436974789915,13,,,,,,,,,
3U5ZB99H9xsfGKmho5xUtmos8AuQr9wz4mXFbT4fpump,294,766,94,0.6228813559322034,13,,,,,,,,,
GLcxHMDNwPwg6pNifArGBEXran8CfJndETPbk7gspump,354,766,91,0.8592233009708737,13,,,,,,,,,
J6Z7U2z3oJK7ySHN7TEgQANidtmowyBQMdZLCTatntR2,354,766,91,0.8592233009708737,13,,,,,,,,,
AVZKVLTPZ97Ah6AbEZq1TpEPPrzfykq11hN8FrVvpump,299,765,89,0.6416309012875536,13,,,,,,,,,
3G2At3nh674eLVjfRXnJw3HGsgQQAWMXCsPvt9tBpump,299,765,89,0.6416309012875536,13,,,,,,,,,
4j7ofgW1T8T95e2KKMR8AKiuGkUTZaggJnbj46gzpump,239,767,88,0.45265151515151514,13,7,900,nan,0.06847199253616254,-0.2652571340314689,0.752353984461074,0.5302247209441757,0.28429641428010727,2.9068108360791647
Cbj8wDvAvbRw8McNPd7ZhUrcw8NSvsyfR4db6pL6pump,239,767,88,0.45265151515151514,13,13,900,nan,0.17666292888254298,0.017151021555201984,0.7144998340923459,0.562802252070918,0.30088328434285466,40.339532034699154
AfpoytNV4W18dpmPs5FghWJLJx9diH3qX2tuNH7Fpump,239,767,88,0.45265151515151514,13,11,900,nan,0.37798445150977056,0.19092532370537074,0.22505636422714592,0.3192916248634783,0.3524383420511393,16.453597569159637
AE8Wq7D5cCqdkhP3mvahBggVPLYAP8awSvKWJhD2pump,120,767,85,0.18547140649149924,13,8,900,nan,0.2830557254622805,0.10035105351574392,-0.27131203819121674,0.4087061143745571,0.3892112672582983,4.122632889333715
56mZroRW36NLc8evXE1EicVdmCg1Ss9UsB36R2wEpump,180,767,84,0.30664395229982966,13,6,900,nan,0.2988219226492126,0.42152301273509707,1.3467554444701038,0.6363777035345124,0.24955933624508125,3.622900856503657
HpD1TUPDXsZV3BJemr6QsanCyzzBegX97WvoCzt1pump,180,767,84,0.30664395229982966,13,8,900,nan,0.41561919100960654,0.31942414094606986,2.411043458428449,0.44497662859269477,0.34674502811822816,0.5399309917938984
J89dYSJ1KMACAySYUro5ztzbC89vEFJALNjUBub3pump,180,767,84,0.30664395229982966,13,,,,,,,,,
3jX8p8QumtfccakGib95yi4pPDNgQnDJEMmwjk1Upump,180,767,84,0.30664395229982966,13,,,,,,,,,
GRtQ5uL4865792LD3uEX8mSdpbXKbPY7VbTBV9Xupump,180,767,84,0.30664395229982966,13,6,900,nan,-0.3031059072042729,0.06100624474771332,1.2541441660190529,1.3441371767889525,0.14928345825131187,1.963343245511933
2kXrA6YuuBPcP8TeBrNFULv7RJwpmPHR3z6K3ebepump,180,767,84,0.30664395229982966,13,6,900,nan,0.02339549418511888,0.20439858860424853,0.009649431999559921,0.2874982773321137,0.12207036668352596,0.23701903243885702
MJuM4zEQqkbym3VoF5jTLmeUdsvhD447zRnucjzpump,180,769,83,0.30560271646859083,13,6,900,nan,0.3471208949316975,0.07866739183542615,2.5264134736901047,0.4669167522745756,0.12119874014387785,2.4004469771270243
3VFnDoACa991DYe987w354sbvmhqjjzC4Z31SoZepump,180,769,83,0.30560271646859083,13,,,,,,,,,
6UozZHF36zk5GAgamH9zWajvPkGh3eRumc5QKN9Dpump,180,769,83,0.30560271646859083,13,,,,,,,,,
B7soueuN3RoeZsBiAaSbXM2s3CGcUkaq5qhctczvpump,180,769,83,0.30560271646859083,13,,,,,,,,,
2j3z9Kr4PQuTZowLdWD2UCBFuArNgV3aRtsYkFDFpump,180,769,83,0.30560271646859083,13,25,900,nan,0.008186456904851314,-0.016678858105618866,0.09242559321491872,0.15483506610529166,0.49288497040025253,1.726742869681679
AwRYgeefzrgVxR9iC8t7X7xficS7LiWtgJdy1gyLpump,240,779,82,0.4452690166975881,13,6,900,nan,-0.9856715038066091,-0.9959437728095017,-0.9897191622487587,443.86804728796983,0.20096624198435498,-0.9777346003883189
ADzmJCZfwf5vFQ6y9EysRS7xWqFgRc33QAAnj7Mipump,240,779,82,0.4452690166975881,13,,,,,,,,,
8h6e6M3X7zEkTeRagS8rtvcnVALKdRDP3Hcos5Zkpump,240,779,76,0.4452690166975881,13,,,,,,,,,
3YQNnjRitpVfNmuTUEvdSU9piEQ4jZWfCdyM2nU8pump,300,779,74,0.6263048016701461,13,,,,,,,,,
4fKj7fLTwzgJARUN8zmHa3o2fmVwJFTo6PYyHDwXpump,300,779,74,0.6263048016701461,13,,,,,,,,,
CPyHdubDKeae94FCsm3wLqjj2wiJCzX1DvvC4Gx1pump,300,779,74,0.6263048016701461,13,,,,,,,,,
9yzaY15JLqQBScy4E3VyV6cfZzEWCRTAPsUUjLeLpump,300,779,74,0.6263048016701461,13,5,900,nan,0.23333706254367836,0.05639386139006297,0.5632527135373413,0.5133599316418742,0.355036444981606,4.5366809857811345
BkCVuyxNjWk2eyCVEEoWWYikdfGPeFxwBbmDmzGJpump,300,779,72,0.6263048016701461,13,,,,,,,,,
vPeCS5gnJUYGQcyfHrDriVnVUHyntt1Ux2qQKzTpump,300,779,71,0.6263048016701461,13,,,,,,,,,
EJqsDjKYHXEBUX2yqkUr32kvrGEdrQkjC2RKbCAmpump,360,839,72,0.7515657620041754,14,6,900,nan,0.0390963940628406,0.03598702212592153,0.05614082137379328,0.1564660056606911,0.3064467364380609,-0.17387792117792655
9JbFJ4VFvF1f9N23HkUPwq9hYThJBVZskzPhishxpump,240,840,73,0.4,14,,,,,,,,,
7iZirmEZhqK4cR7Psgcq2oBbAHRVvgsNLKCSJj38pump,240,840,73,0.4,14,8,900,nan,0.11705404619838,0.6046279545641486,0.26944831885489773,0.5538394136015607,0.6463971700444663,1.030912023794866
8zFovnzXzK9JDiftGaw7wiRxARrRtvm9Lz12vJ8CZ5ZA,240,840,73,0.4,14,27,900,nan,-0.17188535569295016,-0.17181893824758576,-0.08241048744508528,0.20760002767375077,0.10322873425855379,0.23402481393847285
EjMVpNNhbd8HHwN1qnGHQVMZFxywXahn8qZuCx3T9m6b,180,840,72,0.2727272727272727,14,6,900,nan,0.707677591854458,0.5206005300281433,8.843886085754551,0.46313348827641226,0.18822593510146687,13.277733208434519
6xspxZawBsq5yaL9gcfg9jSD9CRY9z7A8DySyMpjpump,180,840,72,0.2727272727272727,14,,,,,,,,,
3uLNzUmiqAgSbZzg7UZAzV9HKV7ip98uvg41jP1ypump,180,840,70,0.2727272727272727,14,,,,,,,,,
Gc6tTHepUyKTKQN7oLTsMTeRPwz4D3FTTGwXyWMNpump,180,840,70,0.2727272727272727,14,,,,,,,,,
8dv2dVsBKrh4zpureLv7rn9DHycFf6GxRxdr3EG3pump,180,840,67,0.2727272727272727,14,13,900,nan,0.2714418404091792,-0.20307017984998488,-0.14467040466294268,0.6993864157766208,0.29344443289546723,0.2603437225167209
4BCy5qPSToL2XFHwyivSVieKKM9Lh959hZAiuPDEpump,180,840,61,0.2727272727272727,14,,,,,,,,,
3Hfbhg84nsUtzrTPTu8SpnhzFcDpAsvXv1cEyX4opump,180,840,58,0.2727272727272727,14,,,,,,,,,
AnimeXV38KBcwkdf8sQ3XES9pW6BiyCQPLUHvCrpTXgi,180,840,58,0.2727272727272727,14,10,900,nan,0.2638731634978486,-0.05316433545736965,-0.4131761130184126,0.3585475831719378,0.24054066946967553,2.9128149618847354
FAijGiVUkZQgK1gEyMyGXxqQo9QJwd5CRJxRBBkfpump,240,840,55,0.4,14,5,3600,nan,nan,nan,0.18819706817345438,0.44469061680612104,1.0557936578333833,0.924693197623595
GqeNPKmi8P5f6rE9N2nSCYRdDC24goppQ2v7Up2gpump,237,837,51,0.395,14,,,,,,,,,
6M48b3EVgTL2HmqkvLvMvfPGesN6YHdSc61cVixNpump,237,837,51,0.395,14,,,,,,,,,
AYJ1tYQZZJ1gmZhURYuXLwG9bygUcgBnYPzriLpxpump,237,837,51,0.395,14,6,3600,nan,nan,nan,1.7174294711148157,0.6955501979356322,1.3067014610160061,41.35228777500296
Fzf9vJs3385BnKvp9PgHX2iWZf9CzSoWLTnZBYf2pump,234,834,52,0.39,14,5,900,nan,-0.21226736304951288,0.11655231011337408,-0.08455550064460016,0.7765085067434565,0.21063161092765656,1.262918285679767
D5rxbQeHRQ7GtHzg7APh44wt15g3FKFXhvyCCuFMpump,234,834,52,0.39,14,,,,,,,,,
HpkuvFhxD3xAnBwbC2EZQvr8VDCoRRZ3AWnupLVhpump,234,834,52,0.39,14,6,900,nan,0.39264342820274956,0.41920632021554227,2.5107295747871223,0.5644083660078539,0.3173040287843918,11.346650361736389
AUKhSigQGLbRWJg2mGP1j5Yk2qSpeVQy8QrewyaDpump,234,834,52,0.39,14,,,,,,,,,
GZEs9V467mznpgddszzDU13P6NTFwws9Em1u6TV9pump,234,834,52,0.39,14,5,900,nan,-0.06689975577140894,-0.21184506066102649,-0.14753286837524404,0.4691303030689817,0.07822128669783951,-0.2434989815604408
FxQCUFpYPWLbpdn6DvPW7uRmWvVwTmTu8XgpvJp8pump,294,834,49,0.5444444444444444,14,,,,,,,,,
WUbc4PcHxraU3NJqyygjM2YaTpSDaXirV3U8TtZpump,294,834,48,0.5444444444444444,14,6,900,nan,-0.616076977863812,-0.7147113554031411,-0.7790270134388274,2.9714932233983027,0.10594613045345024,-0.2866816706340535
5NHPWfmaUi19A5sjR3rCx1X2HuGYrasoTF9RmxCspump,294,834,49,0.5444444444444444,14,,,,,,,,,
8Byg9wi43TNzgJpYta6UXxPz3LPe8v6ZwvmWWoWQpump,297,774,46,0.6226415094339622,13,,,,,,,,,
9Uh4Mfn57L6JSg4H3ZzmZsi6wbz6ugeaNZmA1Duepump,297,774,46,0.6226415094339622,13,,,,,,,,,
BsZKqtJdNoQsQCdKg9zNVaFjjPadDgtiYoo7buwnpump,180,774,48,0.30303030303030304,13,6,900,nan,0.17560571173791417,0.218855421089879,0.589614847893208,0.3494346498342158,0.2553341218260579,1.6699419398030626
35uNEwccwXPdwcGN5Ez1D1Uh6prm2VoZUU4AtLoipump,180,774,48,0.30303030303030304,13,,,,,,,,,
3XEe11RMNqNTka33ik2yEmr3siUWmFQWSESP9Ejepump,180,774,48,0.30303030303030304,13,8,3600,nan,nan,nan,0.1599483711647589,0.47330964776751194,0.39856443789159884,3.742401613235935
Eu3wxLxv1NHF432e3bYCdurGHUgJGCC3KH7YdiJCpump,180,774,48,0.30303030303030304,13,29,900,nan,0.02387809121753537,0.11374145166407246,0.24633405755257698,0.2623415108093078,0.528191128328414,4.407039038697361
CQtZ7eg9RpDXphZGGrmVeT2LwH7ubzLi3jvkBRDfpump,180,774,48,0.30303030303030304,13,,,,,,,,,
2snh8r1t9WRaVBTQt11ionr3kfvpdBNRABvd4cd9pump,120,774,49,0.1834862385321101,13,,,,,,,,,
Cj3QhqdtLLLGv7ze7viyhwgrDoHMWL2K26724R1fpump,120,774,49,0.1834862385321101,13,,,,,,,,,
7h2S67waWYhdmpGZzdiUFNKhmMfHShwG5vZ3PYHvpump,180,774,52,0.30303030303030304,13,,,,,,,,,
EPRrmBQojQLNxKjULjkB2fHv34kAfgVK8JLQ7gRCpump,180,774,52,0.30303030303030304,13,11,900,nan,0.10851714206118324,-0.1453529471515077,0.26727935026565564,0.44528193880792477,0.4648914486207657,5.776851512635791
3Q1uv5ACS22sda2QGhnzKd5kRfsjh8vxYnFRfCggpump,180,774,52,0.30303030303030304,13,,,,,,,,,
7cok2xaMZTzbae7ETiFC3n9GeFT1kCPeNnwLxsRRpump,180,774,52,0.30303030303030304,13,5,900,nan,0.22417353973785104,0.21803924321162227,4.4554412654410385,0.6599571358368951,0.1795745260358987,10.12722319803781
H8BwuDEmACKBZTNYoYuE3ysrcKkaL1bEiQ4gNSV6pump,180,774,52,0.30303030303030304,13,5,3600,nan,nan,nan,0.35776699622897623,1.2010309161454762,1.5445985616464946,5.625561108667804
AGbfomctz1Pe9fzNuppVZ6jQrjZecRujyx6qt7egpump,180,774,53,0.30303030303030304,13,,,,,,,,,
7dyG3fnerSLDt8Erp6HpSPuTFkP3uDEPxne3NgsRpump,180,774,58,0.30303030303030304,13,,,,,,,,,
EAQRe1zCu8TaBSZkWkjY4SCAmdGAm9uLvLmrWEnQpump,180,774,58,0.30303030303030304,13,,,,,,,,,
9KwJRmYRCCFdPSdkSxeW58tC9kfi6bio1ShjfoW7pump,180,774,58,0.30303030303030304,13,,,,,,,,,
25MRiib4BQYintSNVMkr7LQjbJK69zTw8RRJGB6Ypump,180,774,58,0.30303030303030304,13,,,,,,,,,
BYqsBimYUWhfAAsTupaBHEztVH3RdD5fZg39pSwopump,180,774,61,0.30303030303030304,13,,,,,,,,,
2UyrTw7QggTUuuqwZ9ipGoCsYP67GPVprNTUN7aapump,180,774,61,0.30303030303030304,13,,,,,,,,,
6zW8P7fgtZNTCad1PDc35vkRbo1xbZfQPTMMLFeopump,180,774,61,0.30303030303030304,13,29,900,nan,-0.34331515005978686,-0.20750901339549355,0.3078459642726299,1.3257851048446758,0.26305281811654446,-0.1762007713090451
TLDDDS6EFnxsk44bqcTHnHYVaxmq4HjEBsxDNvmpump,180,774,61,0.30303030303030304,13,,,,,,,,,
CcYp2Y8KNVWYqdTT32mu5LdVeJkBR5cyUAvEnFC3pump,180,774,61,0.30303030303030304,13,6,900,nan,0.7434079701426679,0.9037211381476633,2.003157817636473,0.551501654417255,0.30408448792568676,6.403875295666573
CFavJDAfxjAc5s7DxLQ3rQyPebU8rJtHBbVSmp5Ypump,240,720,57,0.5,12,7,900,nan,-0.41660678012024066,-0.48092859684642075,0.5260350574582016,1.4607357553166054,0.3701706600862902,0.6267977412208261
5rQeb2L5W39SZ5RCFhGnfUZEcj83cvud8no84Qyrpump,240,720,57,0.5,12,,,,,,,,,
USoNnf9CY285mwhx12XSmmGuMu16w84v484F71JAMHF,240,720,57,0.5,12,8,900,nan,0.005001666266941207,0.013586117790344243,0.01680959214468203,0.017287714234350573,0.1927942942596136,86.83261249219105
gwiPtzv51Mx3r5ioA8pr11NydtGAQy8jefCbS4zpump,240,720,55,0.5,12,,,,,,,,,
2NSHQefnzYtgNayCbbSPKSJgypi7dUf4QD4MhyvYUvxD,240,720,55,0.5,12,,,,,,,,,
EPQawGHZnfxKdaYQB6FSMStvxXGTfLoXW5znXYJWpump,300,720,57,0.7142857142857143,12,,,,,,,,,
GuyxLMxGjhAQf8wtNVPAMnFxDm7JnXiLQUTgojgPpump,300,720,57,0.7142857142857143,12,5,900,nan,-0.2047419094543308,-0.41563062074394386,1.5550306372999825,1.2495949126841979,0.09650250766337522,2.41179517667569
2ZyEkoCkUdCVTDPSbN51xSAbrKRZKWpjpSXPBpzEpump,297,717,59,0.7071428571428572,12,,,,,,,,,
2S3yzoNGweCeD3fFyp8ZVAVhUKmi2Pok5C7QMsbopump,297,717,59,0.7071428571428572,12,5,900,nan,-0.00040319152905210487,2.342638964526039,-0.00011533892836834703,0.806387847538835,0.11590570208724156,3.8129748362816747
f5TmRASorjbq4x4MrKfxKTDPSBf6LmDrZnMEgadpump,174,774,59,0.29,13,11,900,nan,-0.5227921119542543,0.052712228268414485,-0.2901300449102231,1.9312686365604705,0.4375635859510579,11.562053596614943
HhMq9vuWEntyUXFLv25xG2o3d2m8gJ1jdxtjG2J6pump,180,774,52,0.30303030303030304,13,,,,,,,,,
USoVyFCK2MTnnU4R1K7CLvTC8qoAt2N4EfyDYV13BVB,180,774,52,0.30303030303030304,13,,,,,,,,,
6kDhQghfw5GLUVx6uK6tA5zs9jTwACE17d7ahh6ZVsqu,240,834,50,0.40404040404040403,14,40,3600,nan,nan,nan,-0.10796967885801456,0.28246621906711106,3.149069163162841,1.2693871664634546
7m2TUkpPZCScBhPJnGjWjbh75KkDNnwAdd7i74m8awad,300,834,46,0.5617977528089888,14,120,900,nan,0.0026024893310310215,-0.0010462330421318056,0.02997159691356721,0.014733658794084876,0.2677943694963251,0.1362904237030269
Fc2DPSGeroQoAr2gMVCquzaFJEdNZjZ2cs5oNa3Mpump,300,894,51,0.5050505050505051,15,,,,,,,,,
DCs71htej9jK8aZCQb3sRi4HNEdr2FqWfPDyr5jRpump,300,894,53,0.5050505050505051,15,,,,,,,,,
EbTTe3bJTRbAaTyd2weiW9yD3MEYGLMUpjdsZdF3pump,300,894,53,0.5050505050505051,15,5,900,nan,-0.15015796617914778,0.0019536488522144957,3.16782232318137,0.4104617533169034,0.21000264052571424,4.9792430603129265
3FyrCnHdzQ2xiApdb1jcR7LRtDbXRaRusXXQDy8Ypump,300,954,60,0.45871559633027525,16,,,,,,,,,
F6pMTzKKnV7howYKWUFyRPBkBEhx9kE4x8vT8aq2pump,300,954,60,0.45871559633027525,16,,,,,,,,,
TTFZRVWRs3c9Tqa6MUvQbCr4iEfGdn5XLQ3bkLMiVHH,300,954,60,0.45871559633027525,16,6,900,nan,0.00038287237677003816,0.0015079144017873247,-0.0033933860225590085,0.0015056440194863372,0.004546817524154814,59.62192658654157
DHsR49Z6QWbPHJfukhrkTU1WEvEoXzwsAVqzoLp5pump,360,954,61,0.6060606060606061,16,,,,,,,,,
6oGuFDbEeaSzTcvrmmd2MqfNYwHKXFoN7regcR22pump,360,954,61,0.6060606060606061,16,120,3600,nan,nan,nan,-0.002340377239042679,0.16950401620982522,1.0892180614525768,0.723907217566105
EUgmSRwrsVD2tgsrVHWEH2JMv9C3TqqGsH7inixvpump,360,954,61,0.6060606060606061,16,,,,,,,,,
5FUTTMiN9KqZkPsk4q9Kpp6kmweRKTrJrdhhv5DKpump,360,1014,70,0.5504587155963303,17,52,900,nan,0.07030087935557483,0.20342922292627197,0.15835857149820476,0.1811933982058032,0.23226237016636755,0.34646374014888814
A6mrpBeeNKm743fiNg8Mrz7pj7uGML5rgDjWo4nrpump,360,1014,70,0.5504587155963303,17,83,3600,nan,nan,nan,-0.07178389135329244,0.1560599082889781,0.5519517268103289,10.233626578066941
A1TJ3cWdzwcjZMm9Pcb3E51iNjV5eZE3SpZXUrboMARA,360,1017,70,0.547945205479452,17,,,,,,,,,
8TLxeYnnWpMFiC9npbh7XzyHpLtTYmw6DCuHBJjppump,180,960,72,0.23076923076923078,16,14,900,nan,0.1917406257762586,0.3597160927284224,1.1484931445696729,0.5526487514128673,0.6035248513181126,24.490976091380876
2uER9DLE6qQKhPphmPtb1ZvuuvCRst3atmhC3qjLpump,120,960,76,0.14285714285714285,16,14,3600,nan,nan,nan,-0.06397970984864487,0.12488449699025145,1.1299261319956597,-0.03526001613676033
F4DfnoTDpdv7aRAFEZ6nDBERhAE5UJdy7qBZgCJ1pump,176,956,80,0.22564102564102564,16,,,,,,,,,
BhquHHbrU1wqsnet3x7gdz18Vih7C4EKNqtE1piMpump,176,956,80,0.22564102564102564,16,,,,,,,,,
ABAA3Xisck8rDrno87UZ7PGpGf6af4dwAEZjLNZ3pump,176,956,80,0.22564102564102564,16,11,3600,nan,nan,nan,-0.024121830721990034,0.286877333673841,0.42555145745022294,2.650960839334436
3H5zJjdodECf1ZsB48478GkSjTvcKVWzpsh6NxHupump,176,956,80,0.22564102564102564,16,8,900,nan,-0.19796708022898646,-0.3526274753367049,0.12807300897982055,0.8655134125634949,0.25613473278240834,4.209161187447941
EYdmRYsNYMJMvGndM1JJghmtkKBw2JZzX1gkReRopump,176,956,85,0.22564102564102564,16,,,,,,,,,
GqZ3Baz9Z5zmreGJ4GtYzFrCoEnKX6WifyzrCBZJpump,176,956,85,0.22564102564102564,16,,,,,,,,,
6MQPb7xWrowgoyMjekGLvcri5pMEBZYVXEZgXkKGF3hL,236,956,90,0.3277777777777778,16,,,,,,,,,
7MYegHoqDGhWdvrnxeuiAEndgG6qcs1N3W5v6SXspump,236,956,90,0.3277777777777778,16,27,3600,nan,nan,nan,-0.03916907377639589,0.6843275695318994,0.8108800419653517,1.7870205009477793
5xhRaGMf9KE1dDdozKyj4b8Gv52viGWSH5ntdjbpump,236,956,95,0.3277777777777778,16,,,,,,,,,
8hUxdG4ipEzCHUhk1w6Y6djp51ghKn9Bk8GsHxwTpump,236,956,95,0.3277777777777778,16,8,900,nan,-0.05492736699752476,0.575578916250034,1.336648603515597,0.8798409886136825,0.7235274896927961,5.252614603725314
HSGCVT2FWQUtxX5g68WzTPbnmzWPuV8khFe5Hhmspump,300,956,99,0.4573170731707317,16,7,900,nan,-0.1980528180062211,-0.03593920431226583,-0.2767761817759843,0.5512395092042588,0.10249112531190153,5.0833532869359646
8FUQ9cGi32sx4qEn3BffjAzc7QhLnp5ecj5KgP9xpump,300,956,97,0.4573170731707317,16,,,,,,,,,
AbzABfZfMGTdiRur3kYC2j5WihusfDzW9FYno1t5pump,360,956,89,0.6040268456375839,16,,,,,,,,,
DWDL2S4kzf7B3zZ4FeiUo947Ca3QjDFYEH2v2YkXpump,360,956,90,0.6040268456375839,16,,,,,,,,,
F8shSPpvEtZtAp5avEKBvGZRYf8eiKodutFBoUCmonqH,360,956,90,0.6040268456375839,16,,,,,,,,,
EqsLn2XNdSghRJTgZkaK66VPLVqdNiBGvXFAKXzq5Evt,360,956,90,0.6040268456375839,16,6,900,nan,-0.14680646601388236,0.20270477688834498,0.14702698180582718,0.44009347675102195,0.12255221992483178,0.26642602086281664
HsUJxURpAtdYpvppxbwZTBinRnqY7Fpv4sFHD8F9pump,360,956,90,0.6040268456375839,16,,,,,,,,,
AWhYm15w6qpJ7hjAKjY3C3jbd6TThAckNpUsX7iwpump,360,956,88,0.6040268456375839,16,,,,,,,,,
DeNGDha55v7iVaZXMzjA9wZUmFrhhubcpBP5VM4qpump,180,956,87,0.23195876288659795,16,8,3600,nan,nan,nan,0.1381974666786412,0.37088155833587777,1.4622758750020233,4.597255702412881
6kiHB9qU4Yefjf7eovytrBeyebd5ct5hqbFqeqrkpump,180,956,87,0.23195876288659795,16,5,900,nan,-0.5046977481893764,-0.2840851681435297,0.317091214638044,2.3718250803833025,0.41661979214928635,6.222405435319185
DDRbRchi7yLQsKTRWfhorGXaSsFpZPEtY2DiQmJppump,180,956,87,0.23195876288659795,16,,,,,,,,,
zN3jWR1hTQMtLpVANxpTeD7CR3q4z2vfpL5WQBYpump,120,956,85,0.14354066985645933,16,,,,,,,,,
HR99L4BnTEKpr4ii9qm58NAtEmP1Y9cGgX2XUUebpump,120,956,85,0.14354066985645933,16,7,900,nan,0.4661765849922319,-0.39170999617204827,-0.1550972088385566,1.0581080841843402,0.3171115481067477,1.2751467640732197
2tJNy9Ep8bCXWMGSZkFt2r91rKLXbC5vAnTmYi8bpump,120,900,74,0.15384615384615385,15,6,900,nan,0.15733893304644053,0.5330419822820964,2.6937402256754335,0.4246456361817382,0.2677382230711869,12.425505229674165
yPRXjUeAidU5Azc3GL35QbWRyJwznju7yTGmzKTpump,180,840,63,0.2727272727272727,14,102,60,-0.02875351706726237,-0.5067427219112572,-0.7560959258489616,-0.8580414191079855,6.32697117861489,0.07680465615154065,0.07774301035206066
9NCBFpUvWTuAtHbUo4q1ruvrUsuzUtwhRoU7HwrTpump,180,780,56,0.3,13,120,900,nan,-0.00794249094731414,-0.02028953226796526,0.15744764023081337,0.038234297703169086,0.17011371185867716,11.474735190733702
HtK6PtfghpsomyUk5mJA91DGpLAkJkGuMy65XK6gpump,180,780,63,0.3,13,,,,,,,,,
7M8qDF65xMHBVEphDThNfCvea9Q8f1DrMEjuHYuTpump,180,780,63,0.3,13,53,60,-0.014201635720650585,0.26607714355947354,0.3723823353027014,2.470690111947691,0.4739794422278347,0.41591602028296754,2.470690111947691
CLoRXWYHKQm6i2vShBrTgT29J4RRBBgVthvnbK6Dpump,180,780,63,0.3,13,18,900,nan,-0.1712378967796978,-0.27379478905710564,-0.3887141442315054,22.716152619032343,0.5488248439208586,0.47812639739069795
FGv66qXAKiXDFwdRKKU2EQVAYRJkBDU5bdcsxP1fpump,180,780,63,0.3,13,47,60,0.4136511780153669,0.49438099363194343,0.9455710165873081,4.673530588993561,0.8202694160143147,0.4899710297740128,4.673530588993561
6dX5M8DY6VTFtVRX5yzWn9RE4MkJTyoAVbAodk6cpump,180,780,63,0.3,13,,,,,,,,,
8vGr1eX9vfpootWiUPYa5kYoGx9bTuRy2Xc4dNMrpump,180,780,63,0.3,13,120,900,nan,-0.12159206877854678,-0.11764263305524336,-0.05049129198973035,0.1941831664888673,0.5287345948652856,1.3570569541779718
8DoRKBVBzDKqKvXyzjyhKDkmxE2oQxe8Bvsst2zZpump,180,720,65,0.3333333333333333,12,,,,,,,,,
2YxEmTED9G5ZpxwfBHuVzPVQ4TfMYTAjMo5Tx1WApump,180,720,65,0.3333333333333333,12,,,,,,,,,
Gymbmn9wwMKe4NnmVceyyfpncp9arbwPfSdBsyY9pump,300,720,66,0.7142857142857143,12,17,900,nan,-0.22361299965606796,-0.29616190224592,-0.6048860676076735,0.8923794839634568,0.19577630612698044,14.858257559664455
C1quiRbpniMjwABM2d3vT9ijXUTtmTCKTs8uaAy2pump,300,720,66,0.7142857142857143,12,16,60,1.052703417608253,2.279486770150385,3.355064016935751,3.355064016935751,0.8714978125494989,12.787355292172087,3.355064016935751
3spGNmo9SKtiHrUeXAjchoqUBNgGvRBdDpgcH7mSpump,300,720,66,0.7142857142857143,12,,,,,,,,,
2WnQohaMh6Dnn8u2afduvfhyWZk5PJVikCeMC5X9pump,240,720,71,0.5,12,7,900,nan,0.4211396257430704,0.6039990633167194,1.8167148896881358,0.5367590467401216,0.23107203536902657,8.124905742712963
6Hdq7xZUCKoRxXMbzKhL6WMmpbgS1y1FdpU1mzU2pump,240,720,71,0.5,12,,,,,,,,,
6fEaYuzirTMXFnFo7dGKHJs8wWVFPdh1bfZL9oRPpump,240,720,71,0.5,12,7,900,nan,-0.04846997873494241,1.107873695262687,-0.08041954227059644,0.7844452383164218,0.3192606185182589,8.123940913599244
89RAitwPJBEfLK4Gcg5iv7AjFABHWNvoD5rkvRkvpump,120,720,74,0.2,12,17,900,nan,0.22516600496148875,-0.277238837995059,-0.08886466908744217,0.8343493319229364,0.44837525352731433,55.6535348141197
D3MmqB1YgTJZAta8mbWNqw2b4mjDT5KEZ71Q6kcTpump,180,720,78,0.3333333333333333,12,,,,,,,,,
4imK9oUJPrf9ktMUqXCZDSfqm9uagX1BpRaeWWnhpump,180,720,79,0.3333333333333333,12,,,,,,,,,
AZq7qpBH9ybTe45ydz9bQmmaTBU46r5pRPsibNJipump,180,720,74,0.3333333333333333,12,,,,,,,,,
6CpVLDKyWcEeJ7Ypvghc645Mg2TjbuABztqXqK5Jpump,180,780,79,0.3,13,120,60,-0.3237205836300413,-0.5724475616241402,-0.5080410887273634,-0.5893985442471212,1.4487985121518152,0.3132381440226914,-0.657888644124013
25g5Ay42aip4BZN8KWWA79jiY2VYykuMg4qdBDsapump,240,780,72,0.4444444444444444,13,,,,,,,,,
EhhhiNyiomwdTjHiGrLTtxvHcNg4Vh9gNX4TUFvWpump,239,779,71,0.4425925925925926,13,9,900,nan,0.4877046905271005,0.7967851008006743,1.338542409654083,0.8958951740119525,0.5176023206584451,0.4647422852003422
7WmG1z9ysDhAWY7vCGkbhAG3zCaVUzzZrEAUj1hjpump,239,779,71,0.4425925925925926,13,5,900,nan,0.22021094746957992,0.4728579934192989,0.2957651805977577,0.41870654848043665,0.3691082528328828,0.3385904461279441
zh1t3y7gr9dxoW46qo7grVTaHaLrvGDvQMRu1FYpump,299,719,63,0.7119047619047619,12,,,,,,,,,
7dCTq2EhLWggEgCSVmdBdVCP9M1LhjrkfTz7yMXSho1d,299,719,61,0.7119047619047619,12,7,60,1.289127930656711,3.4859630261285037,3.4859630261285037,3.4859630261285037,1.0271442319133428,nan,3.4859630261285037
3e53B7z3kkWcp9NrpJsRC5e5U6sNwxbHXmAXBH5tpump,240,779,64,0.4452690166975881,13,33,900,nan,-0.12746428925014852,-0.17952313768098271,-0.16123678733856228,0.29498693420128314,0.48737089067705514,3.975625786379828
9VKCbbd7c3Y6MRAmvB9rzgAtuGjvFZSHTZPqa6FNpump,240,779,64,0.4452690166975881,13,8,900,nan,-0.08049268201018644,0.05750500780709156,-0.26629656164818616,1.139202992823475,0.10989072783642412,3.6851774263841355
CdB1d5hhSs4SfnLKaZA3db6g2d1mR9AgwL8wcF1Tpump,240,779,64,0.4452690166975881,13,109,900,nan,-0.09041043357473477,-0.11806632400584727,-0.21662076907935712,0.1518680524308523,0.7134044028096818,-0.16122226864877465
ZUXSHwzZrE1f9wy8rPyyZpiVbLNeyDRNiobvyfFpump,120,779,61,0.18209408194233687,13,10,900,nan,0.07071749929197901,1.3644620598815442,0.08485057170224164,0.8181210697091644,0.8198890931891887,2.3004615369336743
AgijpCyfkbj1Z9mDmmnrq9yZQVWLtxQoEK3rQHRapump,120,779,61,0.18209408194233687,13,63,60,0.013995964184757348,0.012099881408799806,-0.028057055877606096,-0.046824104007817,0.04917320528028273,0.198677408186411,-0.06058203533549045
Aq2idw7BeJX2WfNek6jGnp1z2s79CpFYZXo2zCF1pump,180,779,58,0.3005008347245409,13,6,900,nan,0.6529710664135888,1.1375937431013323,5.536353785047062,1.0484914205310047,0.9908375702800065,7.972082693955995
FcaEwSgoFtu2EAry7cKAfncBY42xgiuaSJYHwRcvpump,180,779,54,0.3005008347245409,13,,,,,,,,,
EkMuHB8UhMZxR2MtuwSzt3Ymk78uSJ7sUT8NnAx4ms4N,180,779,52,0.3005008347245409,13,120,60,0.29918817715361934,0.7060696315840089,0.4821391093486924,4.752020296029928,0.42993345523919896,0.3768748061755228,5.452674692288474
7pQYyWKPtxMCzdWDPZKJ7xTnCzFB25SPxp8cM4xJpump,180,779,57,0.3005008347245409,13,21,900,nan,0.15559580486601599,0.16606212290695987,0.06647070433564872,0.25813878329713563,0.44286155371747776,1.3355414330564792
3zyBhfJrMrXJrWG8n4LJdUnoASfgQrBZ2SjtzQeqpump,180,779,57,0.3005008347245409,13,90,60,-0.6461560937629494,-0.7640245559166692,-0.6460003022137439,-0.4158420792091574,3.2582935406508944,0.1700392020486211,0.395284302271639
H9CvE3o83EYooNhZuf1g3XTuro94bnnBauUP5hQopump,180,779,57,0.3005008347245409,13,,,,,,,,,
94jVx7XRH3MHbgNzdk3bdWZsArZeMwkBr9antDRFpump,180,779,63,0.3005008347245409,13,7,900,nan,0.08531129934622905,-0.03475612518978588,0.16822729931901792,0.1408356613098645,0.20779860567722513,0.19005726750542862
74q9g2GxfG2JgNBz2mdLFFETYPDXBsVYr2F3RHZbpump,180,779,63,0.3005008347245409,13,67,900,nan,-0.006970421653771819,-0.1296412142076092,-0.34322716857528845,0.24897059971931929,0.23119886698986172,0.11131340081347374
5ZUkxSP66eN9MjnfGQ82zV682x7H56ZYP6wpfyWmpump,180,779,63,0.3005008347245409,13,44,60,0.08979944140798235,0.3029997907790223,1.6675326492645324,4.952967901146767,0.7641788487495607,0.4991878052122577,4.952967901146767
336wdKkmBGH8SSjmEvW7NdGWWn33Jm8FqiYBcxuEpump,180,779,63,0.3005008347245409,13,,,,,,,,,
7rMnp9EJd61SvNn8LGc7SAJeQxM36oeECKmP2a7opump,180,779,63,0.3005008347245409,13,113,900,nan,0.13893935642123068,0.36000319218852717,1.1046674571336226,0.5772548180475152,0.6709217399104799,83.89127566729516
B7bVuZ9vVGmSstLNfU3heVxgsCLQuC5D46HgqaiSpump,240,779,63,0.4452690166975881,13,5,900,nan,-0.4300501858249771,-0.38085264986961664,0.44603008032263847,1.8827574734243162,0.27410491344094845,0.8238858531850286
HZtTK1uokNiXxjLi6wj38ATaik1L13Gc8jx42T2Bpump,240,779,63,0.4452690166975881,13,11,900,nan,-0.0703505392879008,0.01059740043013413,-0.06538316987826231,0.19208849331435815,0.5332628264454509,0.1052183621411007
BpXqkQdeiiSR5LLkZhgurK9wEFhCFQW4jabQETiDpump,240,779,64,0.4452690166975881,13,,,,,,,,,
CRkYt5r12pat431AaghadDCjrGB2vGQ1ekQziSjypump,240,779,64,0.4452690166975881,13,,,,,,,,,
5ohBqLgmccJstRhrFskitBYa7DtwQ13HZmFzH8Wepump,240,779,64,0.4452690166975881,13,120,900,nan,-0.34352149863050285,-0.1957820959853378,0.3307395848667116,0.9053510788504644,0.2537236603285531,0.2987796723658025
F1mLkfewYCoZgR8sGBmwLg7bzKtcKyyqJ7YYSrVjpump,300,780,61,0.625,13,13,60,-0.06867376852995821,0.3850761739551991,0.3850761739551991,0.3850761739551991,0.8694310063413232,nan,0.3850761739551991
77rUTY78vqn1MAaWMFW2dFQ9fHNr2WubS8e6P3nhpump,300,780,60,0.625,13,,,,,,,,,
GafyWkvYmsqd7MrsuvJJcMZXdaDRTS9z538ZhJspump,300,780,60,0.625,13,,,,,,,,,
HcNWQPmvtCSZSXPsbGDx6FSRfscnauKPTP2v7C6Jpump,240,780,58,0.4444444444444444,13,6,900,nan,-0.720326888916957,-0.8246591564543941,-0.7833518228779979,7.38368707343064,0.2848349090477496,-0.41885925954589565
6a4TCQoCFXXNK8jUtjCMPqvoaLGx1oNLrciBiRafpump,120,720,53,0.2,12,11,3600,nan,nan,nan,-0.03891925552605369,0.3955333528411055,0.7160937589229434,4.836554446822893
36GuKdF7Z3fVAMVeZQRUPBT2uJd4SuXvmLnmraD7pump,180,720,56,0.3333333333333333,12,120,60,0.0958150896090526,0.21093028548266957,0.420880901804932,1.2141812809844628,0.30333427582583433,0.2575655933110372,13.817689347224114
B7wGz1pcn3FR8EimxZf2yLWFKg9KSLumqrTX6MaYpump,180,720,56,0.3333333333333333,12,5,900,nan,-0.013448313949984914,0.24292220354871552,2.099811708323964,0.8062841149094186,0.2251299724036145,2.7990354481733752
AvnRcJVB2t5cvYZMWk67xiPyGqxfgJeTDPViknLkpump,180,720,56,0.3333333333333333,12,7,900,nan,0.026237591905295288,0.12714508106316513,0.1756108349879124,0.3670989301582598,0.3280967870485459,0.5694779847274836
7sGdNQSvUGpahh6qyXB3g5gsdK9FAzZM299KyCXspump,179,719,58,0.3314814814814815,12,120,900,nan,0.09074838986651157,0.07195761262431244,0.04810869295039821,0.10263543898501278,1.382756924465377,0.30664825185155475
4jEbdEWatK6ubnK915keqyu9T9EVmN7P87Vg7LpKpump,59,418,30,0.16434540389972144,7,8,900,nan,0.026047544658847288,0.32907060611587036,0.17337981624937782,0.5342324535256959,0.1932875116084359,2.9569364654983357
3c32HTEvDVQC71irgNwQ6HX69Kw387V1aWBn76ugpump,59,418,30,0.16434540389972144,7,10,900,nan,0.003780548162656272,-0.03224752433172029,0.9036056162764492,0.8661276620997186,0.29819451249131873,9.66609402502239
CjRtyRTbwBgtbpDshAa6uAHP8UPMDqioFZATdBqmpump,59,418,30,0.16434540389972144,7,57,60,0.013334373825322876,0.0008853114790279282,0.09949402274560426,0.10944672595957528,0.09707086481879923,0.199644305085106,0.10944672595957528
3S5mGWH54YAtjoWNHEEA6rhCC6vFTzpFVzAGiwyepump,118,417,32,0.39464882943143814,7,,,,,,,,,
H83D7mvT1sWuQCUJZzJDVLuCwB6e2fRk3a8VGwj5pump,118,417,32,0.39464882943143814,7,11,900,nan,3.0370718812606627,6.141455507498433,6.026048096976084,1.0068278828822286,3.9129600988142537,6.131544222773952
AwvwgWt7gZ9seYtzcK8LLSS8hCTfyQnRpAWN135Vpump,178,417,37,0.7447698744769874,7,23,60,0.020463115723656333,-0.11062632105670145,-0.3956460675396398,-0.3956460675396398,1.1575601049199054,1.1603736132319629,-0.3956460675396398
76yPcGUMzHeMvWw1SBcmx4H2ve4SyKCCAE158ZD8pump,178,417,37,0.7447698744769874,7,5,900,nan,0.6685919774683589,0.4509192212654287,1.6362008773425503,0.5824693189984962,0.48556636424483324,1.9863719873940586
BD5wSmuNysbBWTDrnNxfUqtzTvrYfJwgRS8MHroEpump,179,477,41,0.6006711409395973,8,35,900,nan,-0.012632941295453337,-0.0711323008343615,-0.07937895676691875,0.1713839662213208,0.24699515075152406,4.555853595133565
CdKQLGogBTECMzYaDkU4uounyNKVxU8L5S8titQKpump,300,537,44,1.2658227848101267,9,11,900,nan,0.11349701550408953,-0.5018705775385092,-0.20325249823938307,1.8125558986749608,0.37127755408126195,3.2545398083844557
DLtW3nX7tqMvY4CKCUGpwZ8S6ZanQC4Azw66p1Xqpump,300,597,48,1.0101010101010102,10,,,,,,,,,
UCoFuzqbvJ52NjmS4Ra6QEYd5jpVYDDQvxxHo5UJJgR,300,597,48,1.0101010101010102,10,5,900,nan,-0.0003411061462045284,-0.00043626672721974735,53.535955380363625,0.0020132473150719287,0.17672216076732342,53.535955380363625
76vPMYvU7Gv1h1GsuY45XxcuF19JKfkYgKdmwe7Ypump,360,657,53,1.2121212121212122,11,5,60,9.631812629498514,9.631812629498514,9.631812629498514,9.631812629498514,1.1115937189828207,nan,9.631812629498514
FLq6s9GwF1TQ8xZLz7EmDJnDMKPoMUXaEayHbtZUpump,360,657,53,1.2121212121212122,11,6,900,nan,-0.033028257520009485,0.3035972069028092,0.809490135271193,0.7093471154319559,0.2704432022113057,2.4132045218015183
6gTwUQGMFq2GMNYgvb4ejjDqCBoN7Gs87jToemYopump,360,657,52,1.2121212121212122,11,47,900,nan,-0.035145974166861715,0.14528357388217739,0.12143594243440425,0.32165682918009275,0.3196003620466752,2.9098643922638243
BiTt2dobZm7YpNPGJjBqJcCUpUwFxYAFHfMBBazopump,360,657,52,1.2121212121212122,11,6,900,nan,0.10407016589161944,-0.06930265672712299,0.8632025645121519,0.5716666027287766,0.5632258539601878,-0.6168257604928117
DkSJKm11B4PKLZWGx7EuXAxacGEjpMeUkk68oRxepump,359,716,59,1.0056022408963585,12,,,,,,,,,
YBPUY1zz2QV1vk9X81YekCJC7MNbVxcscQxBiE2pump,359,717,65,1.0027932960893855,12,,,,,,,,,
mNzssXQ9hU1ASJ1CVuu4JjrFBrfeVdR2JzirKS3pump,359,717,65,1.0027932960893855,12,9,900,nan,0.1377812741177784,0.45835834434405753,1.1211959365063682,0.35236013102240443,0.17931096626411133,6.554042852960518
9nXkTPZETP9hrntNYgxQSeDzwbhrExhFqKJPb5Z6pump,359,717,65,1.0027932960893855,12,,,,,,,,,
XTAL9rJpwoPokY1p2KqGcuBULuKJ1BXiQYDNXEq7KoX,359,717,65,1.0027932960893855,12,68,900,nan,0.08183511042339475,0.08258198875528722,0.08373340085777903,0.25083581558985224,21.832333321109026,93.16192364867204
AuD4BEQaNUcLzqKSVANe4UGZVUTZcpamuNBAfBFdpump,357,775,76,0.854066985645933,13,76,60,-0.028775906654487038,-0.09981925354954801,0.1967584275350982,0.7917135944008562,0.4387661297643243,0.06325849897597641,1.8021341227410552
DUxbHHy34XSoo6cjeeiiTMUu12UyoNWbvvMUWcvjpump,357,775,76,0.854066985645933,13,15,900,nan,-0.5643488839725297,-0.7658586020406665,-0.8568933795205096,7.512722627193828,0.19870685643295008,1.671017273275202
3UGJHrLqzbX4g7GdAWAn5XkhVApT4WHxAewntuWJpump,357,775,76,0.854066985645933,13,,,,,,,,,
DdSfpVAAi3kcZLMVBS4whtttTu2wPFYfwEwmKLe1pump,357,775,76,0.854066985645933,13,,,,,,,,,
2YxBvZ4BwYtoLdzf7pDAAQ6kExX94q5nz8RrLaPHpump,357,835,83,0.7468619246861925,14,,,,,,,,,
4LSbFBqfTK3QFi1wqw5rVkvt1SRgyZeRTZD3zzNdpvRT,418,1135,98,0.5829846582984658,19,13,60,-0.06568620383029466,-0.18617859403432657,-0.18617859403432657,-0.18617859403432657,1.671426853501659,nan,-0.18617859403432657
Edpcd9aYh6BVRKV5hYrgnEuJ3MHAFcdnHtSL9yvopump,418,1135,98,0.5829846582984658,19,18,900,nan,-0.008664148259139304,-0.005780394602778904,0.20333515353081655,0.048367814172449515,0.012133822420619885,2.9314655485192143
HKBWBhuW2jBHTLmJYFBwUBZkdzp6ji8ydjAwxP1aUSPo,480,1255,107,0.6193548387096774,21,7,900,nan,0.024667426424287875,-0.33194115384329215,-0.10309276247656252,0.9003200310560606,0.09380607985709052,2.7796741223415844
7LRo1JRKLaGxYKGJWTyUmA5LduJFown9Xmpo1prJpump,480,1255,107,0.6193548387096774,21,28,3600,nan,nan,nan,-0.003547861906261107,0.020645312662996802,0.39582822644893967,45.16918302045517
K3kpBCjX7UJgt7i9LUPRuJ665To4KFUrNyMQRN4pump,480,1255,107,0.6193548387096774,21,120,900,nan,-0.026639959392719015,-0.026302279692152153,-0.011198547513555979,0.03260112076216738,0.4260633528585802,-0.12084260034591188
HgD7ueF5YYRM679TxZRjWNk7s2f1QXbEFjQR4tm4pump,420,1376,109,0.4393305439330544,23,51,60,0.39462630107201746,1.9465868110781104,2.5227802508378288,4.956186958620268,0.8074170863459206,0.4120524950755902,4.956186958620268
gAshQBpVGDRAtL9y6C5fJvVkA5cMWVR6c58w4XWpump,420,1376,109,0.4393305439330544,23,60,900,nan,0.3416725513474481,0.5107927983384182,0.5391385233413228,0.5715116426027461,0.6502308859181418,34.172459202899375
AENK1YJ9978xp19xQLKat6eNmndf7Jg2FxFfKiwvpump,300,1437,113,0.2638522427440633,24,5,900,nan,0.4727573336830777,0.7028831765621271,7.90197649125261,0.7025654309468546,0.3235047827114195,6.661096940988368
2qE4vpAj5zv3WDCUdsxkdDwLboqC3PZk9caa3DjApump,360,1437,115,0.3342618384401114,24,29,60,-0.17901035311001912,0.4229033673397318,1.6694332925355608,1.6694332925355608,0.8940234221404021,0.9686696032128284,1.6694332925355608
46amR3aeQE7MJ9QDrgNRqBP3FcsJ9QNYV71L2vVSpump,360,1497,122,0.316622691292876,25,,,,,,,,,
Etn5sZVyKfYY3tqLqctEA4sqKW5Psy221wKNo7K6pump,480,1557,126,0.4456824512534819,26,,,,,,,,,
BitihMR91FwBjFArYh2ususajJMa4Wo5EMp2JN7Fpump,540,1617,129,0.5013927576601671,27,,,,,,,,,
H6jR4eKYVAr9MQ385Cmvo3SogLiYeUX8ECsxqihApump,540,1618,132,0.5009276437847866,27,61,60,0.018377629253060856,-0.0075250981728952615,0.29679984210871946,0.5327095114163503,0.7875256949607004,0.15292006610223405,0.5734748063427966
4SS6ikszgkEZ9G8aWrRu5xR7ipBbZM1yH8PgkG6rpump,540,1618,132,0.5009276437847866,27,,,,,,,,,
EjD5Y9NVhXmtEqU7wYvAyZvDWZFQeEuHXFatJmTbpump,540,1618,132,0.5009276437847866,27,9,900,nan,-0.13560108934242276,-0.29585037737236586,0.10900352670257418,0.7770302802458916,0.20055039216519155,3.640014468956797
HSf6w34nAHiQ2uTPsFH3gSjae7rvbEmgoBEQm2uzpump,540,1618,132,0.5009276437847866,27,106,60,0.2872459078383811,0.1012999421706049,0.372852705507039,0.7754045922994062,0.35164503382060314,0.3684171112890408,2.0033238438489716
5XhJSFcBvpEZrtdaydTuhyjvv5SyaHXWAD5sXzT1pump,540,1618,132,0.5009276437847866,27,,,,,,,,,
BVxz4g44d7z2CV5ZERPsvxY3QznPmof1Ddpascjipump,540,1678,133,0.47451669595782076,28,,,,,,,,,
HfgV3Y9WUMuK7kyQmw3sCYByUBdWDkJPXsoKhJg7pump,600,1738,136,0.5272407732864675,29,,,,,,,,,
5PSfG9tsifaxfJuF9kwHfkDVB5myowkUrwdqUh7Hpump,600,1738,136,0.5272407732864675,29,,,,,,,,,
FC6WBsiqnoq5KqjcXA5mawtshXkTDFPjY3DevsNppump,540,1740,128,0.45,29,74,60,-0.4068505516043729,-0.2519567156397935,-0.030620447871472778,0.5132152874923952,0.7866310138090526,0.3327719754270478,0.4033468842609884
BjMRQ5vksXw8eAsXPe7VuLv9FMA5XmP6QQ9znco1pump,540,1800,126,0.42857142857142855,30,,,,,,,,,
57miZy94FL6iS3foTX6hJWp51aET8MAoZGT4zYuupump,600,1800,126,0.5,30,21,60,0.11427358581263825,0.60570550535107,3.965174100665779,3.965174100665779,1.5209815470454042,2.0292321432528215,3.965174100665779
DfmUxZaGKH46tY2YgL5YLbQXg5FKup6Ftf666Ea5pump,600,1800,125,0.5,30,,,,,,,,,
8pVz3E84hntMq4J9BeWv8KP7xkRNyS4mB4kMGRTdpump,600,1860,130,0.47619047619047616,31,6,900,nan,-0.35529705659365785,-0.46651703840592507,0.7541045505997099,1.2242132659256426,0.17791113525213598,1.8694445175651513
8ghgo3oGxRQ4P6xGcqBUTfhqs8FneB7C5LSZQ2dmpump,600,1860,130,0.47619047619047616,31,120,60,0.20257321702958397,0.4097236525232961,0.5075783647320473,0.24361148638895846,0.33676611913373355,0.44345052575226956,1.0387715968341924
CyDgGBPawS1CquTTVvt3gf3EPdDYmaLKd7NepW9LzNrD,600,1860,133,0.47619047619047616,31,,,,,,,,,
GhkTyfsXQLf5hgu6BvVRFEbpqgRmXUSQNCa89SDSpump,600,1920,140,0.45454545454545453,32,,,,,,,,,
EqtUZ9GD22hTBcxiRgQgzPQZ3ncj4dmwC5SzyJT6pump,600,1920,140,0.45454545454545453,32,34,60,-0.09296594323982155,0.14971999761017663,0.31564520643866434,0.4163220559994052,0.8293398408048103,0.7499818779827709,0.4163220559994052
9XwtS1dGSWAPpuc5FtgShpLZmZkgXT77fjRuvNZTpump,540,1920,131,0.391304347826087,32,54,60,-0.12145566415461118,0.0642350279908388,0.6585964891843361,1.7607319613097459,0.7948568251467282,0.2583175058785454,1.7607319613097459
BdN4X4AMnDDvpJ6fGJiENFtB9VVkkvT49kofatxNpump,300,1920,126,0.18518518518518517,32,,,,,,,,,
G5dyx7UfnX6TeHqrPVAM7qNMXznAsvjtbsbTCNbRpump,300,1920,126,0.18518518518518517,32,50,900,nan,-0.043430011416117686,0.025010629387554273,-0.030046838133675924,0.18656124991389764,0.08486392245261706,2.1970343589167856
BX961hMXPh7wzDxTJmGrgKbKXNns9bsLJdjr5wobpump,300,1920,126,0.18518518518518517,32,120,900,nan,0.05688209389669807,0.08516271128114883,0.1030233238818854,0.07847920905852486,1.3923892556914765,2.760032253854026
FRurQLB9kGxLsNLAcM7LgyHYRHxwy4g44BpzsmHakadu,360,1920,121,0.23076923076923078,32,6,900,nan,-0.1589600634622379,0.29345254118278197,0.39897362063237796,0.7681977285063765,0.4194992168272898,1.4101982687711456
CbY1i2rZ76yTdGPUgWK4xpfKe1vYn7kMYEKZitjtpump,360,1920,121,0.23076923076923078,32,5,900,nan,-0.9837082511453408,-0.9851008449898526,-0.9537648978257833,83.98051596458055,0.5523785109035909,-0.9498512824353105
FPfi9q1AixdUeWQVPFHJMJQ7a43S78dm6UZ4fzN4pump,360,1920,121,0.23076923076923078,32,,,,,,,,,
EKppz9JRQDVLhye12yc4T4P9ue7N6A4vVEB4uyvxpump,420,1920,117,0.28,32,,,,,,,,,
9S3HuR5VKJXEUKHrDpqxNWhkw9WL4iqoXyGN3JpGpump,420,1920,117,0.28,32,7,900,nan,0.1047634487262874,1.2526966359844942,-0.03463932300710304,0.7722767528873667,0.1940073407100275,1.909548335173167
DmSevLDx27zpabUjAYTdmo6rxy8BrfeMn5uENDja8Lpr,480,1920,117,0.3333333333333333,32,,,,,,,,,
5CKuyx8kqzwHVZKoRMstBih9wteTv4XoSBq48j7Zpump,480,1920,114,0.3333333333333333,32,79,60,-0.14516683942617736,-0.3795486179110298,-0.3892638205112412,0.8596176741852724,1.8607346358190668,0.20106971423637668,0.17427799578569392
DKxHTQCvDKUke1WpsHgbfueuRiTMqdzXrWeFHPvzpump,480,1920,114,0.3333333333333333,32,8,900,nan,-0.32056200864463524,-0.524068147696804,-0.27132685919603605,1.6397879585449244,0.20692715595436056,7.517922269361399
6FKjiXaMaqSvWYN4gEgkqwzpzYD1BD5NiLHx3xcZpump,480,1920,114,0.3333333333333333,32,,,,,,,,,
7bDwjEzTaKnSAdmJjicqNrcxrBhr4bEMeujFuHLdpump,539,1919,108,0.39057971014492754,32,32,60,2.4840400354847856,7.722033092779306,11.150225989019495,12.364751720253366,0.9896385768795997,14.09456521247386,12.364751720253366
5rSKQ986XFdqZBwyuQQE3j2YCK3wwuJQHzGGTBLLpump,539,1919,103,0.39057971014492754,32,,,,,,,,,
8iRbif9ppN5KHV44CUh4g77hGZXo8APDmasgC5c3pump,539,1919,103,0.39057971014492754,32,11,60,-0.062844558627701,0.11525573809803413,0.11525573809803413,0.11525573809803413,0.3055157802357441,nan,0.11525573809803413
EtxCL9DfuQ1ZJcydWY3Mqd5B1XjhZhRKTUdAxpjSpump,539,1859,101,0.4083333333333333,31,14,900,nan,-0.03472319505474286,-0.17299536604701815,0.21303328861769977,0.6018334791798623,0.18934093633091642,5.31474593822949
9A5QWVQuNSHWQsxi1w1dAZ8yAr9RbMsdpkGXMNt3pump,539,1859,101,0.4083333333333333,31,10,900,nan,0.050618488772043335,0.14106294885315407,1.5354088287074625,0.3746766190377409,0.13354050289766475,3.7609228872004907
zajhNffGDCgWG7pT1wRKPvHcCgD3jtf8QZY1XX9pump,539,1859,101,0.4083333333333333,31,14,60,0.4699351482591845,0.5497207342603492,0.5497207342603492,0.5497207342603492,0.5612477200880691,nan,0.5497207342603492
FFpSAomQLKwJjAyx4hmYAmnKYZZy5q4YBcUJhtVgpump,479,1859,104,0.3471014492753623,31,,,,,,,,,
CWCKjhyt3x8EjxRdaDssoaBLdRB8BFtiA9VSrpgYpump,539,1859,106,0.4083333333333333,31,,,,,,,,,
3SJZcESxBMGvfRHu2DX6LeewMeFX586hc3hM1ZMQUANT,539,1859,106,0.4083333333333333,31,29,60,-0.1416011778839067,-0.2914996627247979,1.2086649925411925,1.2086649925411925,1.6077285800106877,0.7288126657970617,1.2086649925411925
DuCZ8Wgdp5NYrZHRwFz7fdvePFmvaHTQvExCv4srpump,539,1859,108,0.4083333333333333,31,,,,,,,,,
5EAUpz8FMcHdpoYNitCzGY9tSAq2kbTJ1bPqBJABpump,539,1859,108,0.4083333333333333,31,,,,,,,,,
CE1KorYR3fP9kYoDDQKXHHD1rM1xsbELpFn22k8qpump,538,1858,108,0.4075757575757576,31,,,,,,,,,
FvDKebt6RTUVGdGeaM83avXeyM3aDxF6FANmDpJLpump,596,1856,107,0.473015873015873,31,,,,,,,,,
3zbV8nS9Wx2WxJ16uXYjTZZvoHbTnrvTQYyZE5xEEd5D,537,1856,106,0.4071266110689917,31,8,900,nan,-0.15522879202579432,0.5027503432075544,0.8829444772439325,0.9802760476873464,0.12269614732634657,25.670566534375116
BwB3vRE3h6jW3ud55jUHswA65KFzjMsgrTw5yCfLpump,597,1796,101,0.49791492910758967,30,,,,,,,,,
Hr66MMmcwwt6YNPUAVuSyjhrhFSnjCNxuPuAJ1Ubpump,240,1676,104,0.1671309192200557,28,54,900,nan,-0.2078026145080828,-0.31167602284289564,-0.25157172629827007,0.9958203463149413,0.23636026409108424,4.148406286905881
2uXzdgiVtuD3TFutqxu2mCKYBytuARkHhJMy7iWkpump,240,1676,104,0.1671309192200557,28,,,,,,,,,
9sa9nwDeoFMYShhGgVxBJTHTXHF6jbQnxRXF1Pqrpump,240,1676,108,0.1671309192200557,28,120,60,-0.10793416513672915,-0.2506093198466951,-0.06112901521519276,-0.1723675854539538,0.4051239732593261,0.4339398387780459,-0.21713026481598208
BNn7fUsvq55y4UtvW8jJX4h8CbYcTURXYMopaxm7pump,240,1676,108,0.1671309192200557,28,13,900,nan,0.14534168133059677,0.061206700706252226,0.15982888144460117,0.43147023869409284,0.3509264830794682,15.118302882979403
HUG316gPR11AwHirwqefXFNnTEjwoUER5cE1SQgk54US,240,1676,108,0.1671309192200557,28,16,60,-0.29220110891218853,-0.2285411117862609,-0.02846567934460298,-0.02846567934460298,1.116891834771406,15.889469772406922,-0.02846567934460298
5wAFaNgPsHo22BtKgPWrZGAgng7XfZodBXa811sCpump,240,1616,107,0.1744186046511628,27,8,900,nan,0.15700847825338804,0.5692158308242441,2.170698776850736,0.5541413944462769,0.4089751457264557,7.146458363755217
HpZSFUgEbzXe9AP2xdCik3pYBTifTr5tPTMrq65bpump,240,1616,107,0.1744186046511628,27,8,900,nan,0.4330569079087898,0.8871066434380588,1.1074226052856857,0.4814237433440429,0.3351784193184848,5.98873048291783
B6fsJX369yN6ME8rVXrvM4S4pL1Kj2qZnMkfAAVfpump,240,1616,107,0.1744186046511628,27,16,60,-0.06688047063879998,-0.11073359259937321,-0.12417280515258444,-0.12417280515258444,0.7127014672506471,9.411642092958399,-0.12417280515258444
8Bq4XvNTgGTjkZxtU9hsxPnVabtJsKJ7bj2Cq1r1pump,300,1556,113,0.23885350318471338,26,5,900,nan,0.04075112508230494,0.29842941846576254,1.7947804603057147,0.25853272766287855,0.030327346395056947,1.2145532912561028
CUUxAtrdUsk1cX1cSdWuic4ww1894FVEFMFJb3Unpump,300,1556,113,0.23885350318471338,26,10,60,-0.3050843644579315,-0.06413141618222773,-0.06413141618222773,-0.06413141618222773,1.2859184809734172,nan,-0.06413141618222773
CVfniqNEj2f4Yd8Z4TEtaTU49gWNTwUyCiDDUbsZpump,300,1556,113,0.23885350318471338,26,120,3600,nan,nan,nan,0.041274072211470836,0.08486782170534414,54.82757613103681,0.15470569703545167
ux6z73m5MpvVqdmV9U2sbVFp7zw4UXa6rFdgrExpump,300,1496,118,0.2508361204013378,25,120,60,-0.00403661265156785,-0.6541489948827495,-0.6674053773270786,-0.5900815012999677,3.1124749794784643,1.7958287231062477,-0.5796496108826874
496d5krb88p91EnNSMDh6ULG32F5413wYEvtZjmHpump,300,1496,122,0.2508361204013378,25,10,900,nan,0.015830202087472767,-0.024715920328995278,-0.4198052951177951,0.0755616487378672,0.24004280952468293,3.0743096597111883
DDwhcex6UskFywbwcNRx4McKqgtYg4S6qwfoMdcKpump,360,1437,121,0.3342618384401114,24,,,,,,,,,
7Syw6tu4Jx692uhoryjok5yBwTqje1oftit9E3LHpump,353,1430,127,0.3277623026926648,24,16,900,nan,-0.10912487038183705,-0.014079181556868159,0.09172207740148042,0.652206422618788,0.05670698543193819,4.910486574966421
EHuJuRhEi8vZiajJGm4w1o2aA1vftwSZajaWfcQwpump,353,1430,127,0.3277623026926648,24,113,900,nan,-0.08820292159325127,-0.0071360297940669115,0.06563607851861764,0.18667567166000382,0.022163314743519034,-0.3052241593768167
FCjd5R4usXebjKT1RXo79GjSmWMuDvL7yJdDaJWYpump,353,1430,127,0.3277623026926648,24,113,60,0.01542835941280174,0.05951352654770137,-0.09448392923813986,0.17461939003189353,0.24030132719413805,0.2414426684653871,-0.14495827664855632
6ehEcTMCc85aNF4x9CWx8HuvWGhxQtvKdhKVf2HDpump,353,1430,127,0.3277623026926648,24,120,900,nan,-0.0011867669158928118,-0.003380360070951327,-0.020431714928029532,0.006452204847676778,0.053870764623274205,0.022592312387857083
5nRGHJZ93pMKJo2ayCBxvKqWCsZKCbzQBrBave5xpump,353,1370,119,0.3470993117010816,23,5,900,nan,0.1354261407687014,0.46006264911079753,1.3181719895399575,0.4643264505079645,0.1393771355987558,4.848809375427016
7fj9MCUho1ehT3oxsBRCTsc2Ke5Bh7vUDqgxo4pWpump,353,1310,114,0.36886102403343785,22,22,60,-0.019072536003239215,-0.1432735591948412,0.824804392378131,0.824804392378131,1.5597294641286048,0.8526246750208966,0.824804392378131
EqqL7ikNg75VJmZe2KJPZ555SLPzKBinexovP9Tgpump,353,1311,113,0.3684759916492693,22,,,,,,,,,
GKKRT5J6XCPK3arwfTuFJSjhquZZKoH3dqkK444Zpump,413,1253,112,0.49166666666666664,21,,,,,,,,,
8Y5WvnNevzBgiPpqgvAuVK2GAGDNYD7iPaUi8z9Rpump,413,1253,112,0.49166666666666664,21,,,,,,,,,
mReC6EP5fcyFPo32AhndzKh3248q4Ne666Tp6G7pump,413,1253,112,0.49166666666666664,21,,,,,,,,,
6bdTRHhdZenJQYLTxaYc8kH74GBNP9DoGhPnCjfypump,413,1253,112,0.49166666666666664,21,36,3600,nan,nan,nan,1.7976884223010678,0.803554181878872,3.596023780027937,9.95758693939958
BdmpcoZpRyKXHzEBKcrW2Vpq3cDY45xVPPJuPMQNpump,413,1253,113,0.49166666666666664,21,8,900,nan,-0.3771785352766689,-0.28340389593790194,-0.07509680101128802,0.6671955596497994,0.3243738931545466,1.8977514846558061
Bmmw12BteZLFcUUrc3xVjJ6DKbyzXpC7wE9jxPLzpump,413,1253,113,0.49166666666666664,21,52,60,-0.08555983940153156,-0.055517007190196144,-0.03231613189678617,1.3469239616764077,0.4341298598198269,0.04764803235018439,1.3469239616764077
wdBeJWMASdN9yJdqLQGf7aqDGPEttUvUJ7CaGm2pump,300,1253,112,0.3147953830010493,21,,,,,,,,,
EFeVBVBX5ge6Es5Ymj1NL4ErQjHyKpJ6tLDnKkHGpump,300,1253,112,0.3147953830010493,21,120,60,-0.17933367673466016,-0.17904555436099479,-0.27215438368954903,-0.18220823200631453,1.0553994273640552,0.19647554521936733,0.5532236621931421
5GgkUst9YjkEfqJQ7TTqWvPtoswUdbboYTy189Yhpump,300,1313,114,0.29615004935834155,22,120,60,-0.03772140580863581,-0.026741258232896747,-0.04413874007641516,-0.03417331465003293,0.1846426647266991,0.43409092463859206,0.20109097671462028
9ucedEu8Ruy58KtwCnjv5mhiKXmzC9x91AJNUF66pump,300,1313,114,0.29615004935834155,22,57,60,-0.24477133807097362,0.16552946854157713,0.3024181716346468,2.111468876790445,0.6821266223990006,0.6495243672802644,2.111468876790445
2WD9gyvzQHs44BW8YmfAe5Lr8Ty67vg55oK8rNXHpump,300,1313,113,0.29615004935834155,22,,,,,,,,,
C6ASDsxzqBvF5bCQFVAGMRWwfgZNhfozbb9DkgiKpump,300,1313,113,0.29615004935834155,22,,,,,,,,,
Cp467wsLc1axm5uMtXTLzgRSAmVVgm8eyTpxD9RTpump,300,1313,113,0.29615004935834155,22,,,,,,,,,
2pkwbAevwwVu5FZ4KHqVVKVMRPUs223C4tJ1Vddspump,360,1373,104,0.35538005923000987,23,18,900,nan,0.8622545369605965,0.734482949785608,0.5029890648538946,0.6642362611828502,0.7974750484848637,1.4686485067549038
tSEakxwRz3Y3BpjDttokygCgScgLnui19NJGrR4pump,360,1313,82,0.3777544596012592,22,5,900,nan,-0.08424937795030008,0.5139414694069437,2.24393736044241,1.2803903341272573,0.628685964021565,5.510404678361793
BoBQZP9YgCRqVqkaBHuxL4xizKHgTFs8n3rRaXaWpump,360,1313,82,0.3777544596012592,22,5,3600,nan,nan,nan,-0.6282535473195171,2.4624451622629238,0.7946682478732796,0.8722885093887243
4je81UzH57Z1CoshknjeeidXv9qfL4tiUs4kn7d5pump,360,1313,82,0.3777544596012592,22,24,900,nan,0.030327790075556527,0.05738445115319313,-0.04978655372122853,0.2147301558191008,0.32318886623465143,3.6049268044775413
vVzBpN7bboV6HMfP3Q5kFKtZJp1YKn5XG3YGfNKpump,360,1320,77,0.375,22,120,60,-0.12844153461436159,-0.29508294062669016,-0.5304782127402009,-0.862768883035739,1.8641919656252133,0.14111986651050337,-0.5359073518750026
6WMszYPHAxEFgstkEpyRRwzaVtA9eM5pWvSf8v7qpump,360,1320,77,0.375,22,6,900,nan,-0.09431895429565107,-0.199968328039273,0.1954505481111204,0.32229409984347934,0.1767730223593707,0.5119259738911071
HukaK2eHhbTyiuUwuKMntjPJP4aGdD4VwiExsNmyT8WJ,360,1320,78,0.375,22,,,,,,,,,
4S2qS8P17LSPosME8grirgfUE4p6kW2kZfMSzgmDpump,360,1320,78,0.375,22,12,900,nan,-0.602732395555313,-0.638894427526322,-0.38437720060595937,2.8449693994745786,0.21896294195693214,1.9667569159846106
AJ55bVbXf9fHmMWLqaUq8ZckmAokZwVNzDJVymEQpump,420,1320,74,0.4666666666666667,22,82,60,0.25077887534987786,0.31296523760607964,0.3807350571426671,0.38243516132472055,0.6470797815480561,0.1304520956217326,4.5661134430625445
7xwJQh4jX5pgkLrKCcij4UXcdyXWxDwzeVr65NmKpump,300,1260,73,0.3125,21,103,60,-0.46180321232550914,-0.6191581055983266,-0.7440874712044715,-0.6656869286103546,5.039348096841755,0.33571869608510335,1.084000092078489
WBYchcKpzDMqUjEQfLUTNyLpGR1KADxPERNxQmkpump,300,1260,73,0.3125,21,,,,,,,,,
DNFUP9tDaaHSLGkRfypf4t1u1uNYnFiPKUWFivBWpump,300,1260,73,0.3125,21,87,60,7.184000919198985,-0.6560846889444742,-0.6358205755840999,-0.48902898734438294,3.3846392630561315,0.3946202513187662,0.8726260872598381
BEXzfc6t4hjEV7vwH1d2FiTbuEpuFb9uNhbEjmHpump,300,1260,73,0.3125,21,10,900,nan,0.1363944699733175,0.019405052955553836,0.22668696870399363,0.23081504271349937,0.38078102461681584,6.927046721484272
63zfjPfH4uaX3TQZoD35WqUrqiuCQQWndMTxQHsJpump,300,1260,73,0.3125,21,120,60,0.18986875155683713,0.35959456739996654,0.32554737218705854,0.32905337364814446,0.3117326111849722,2.327654129961596,0.4314487915407461
AvecKFxn8ihToR7gwgAVjfqV56N1rWhN7hv8joXQpump,236,1256,78,0.23137254901960785,21,120,60,-0.061643076483390846,-0.0650444111211732,0.53045945090091,0.7227848569426059,0.6922987969428676,0.43781486638858597,2.5099823756380366
8LkH4DDkVRpoZYYYWBi5KGmqkCeR9GRs4aSEFT4qpump,236,1256,78,0.23137254901960785,21,5,900,nan,0.5413364739995947,1.1322498820721103,3.785924180759009,0.8262144883179535,0.42401567723294153,3.327057383217813
EGkqSQDT7MYJNhf17vR2JZn5pc4sbUDeN2gFCP6Ppump,236,1256,78,0.23137254901960785,21,110,60,0.17404637833205294,0.37057417511767565,0.5230037731038504,2.3470849292432905,0.821467790267964,0.3185091607235431,7.702740923498238
5qHUGTgkRaDrSNGgQg5wQxb5tDrzEW5ewuGpSS3jpump,236,1256,78,0.23137254901960785,21,36,900,nan,0.0208336404433882,0.05351962600010829,0.01530140666570845,0.2460549594357225,0.36054532048771737,5.004373354228767
6SyrTPpPTUphxKneTaZFnJPu1h8ArWvoie4xHumNpump,233,1193,84,0.24270833333333333,20,97,60,-0.02509016255367269,0.24612514027962829,0.6643425091504325,3.2361510057257137,0.8622640326748511,0.3284700469051586,5.291196416451234
2GynKFz6gBLPgqRNwEQg3uoir3rpCDk4mHZAtnAQpump,233,1193,84,0.24270833333333333,20,,,,,,,,,
5rRdD6BFADz1iPcm7dzMaeTV4tpu3PHoucGUAD8Spump,233,1193,84,0.24270833333333333,20,120,60,0.3511071650766011,0.02375552542974968,0.2828105975149917,-0.15213254879052718,0.3988228997480139,0.38091220281170335,2.9896513802708036
54CrAcw3mhAxP2QgFUTubeXTidtXtEowpDTL7b7Epump,233,1193,84,0.24270833333333333,20,,,,,,,,,
hVha9sExfqchfVA8jsrdwDN4Wczep2o48adCnY6pump,293,1193,95,0.32555555555555554,20,71,60,-0.05891470317369518,-0.06679767696914662,-0.02981868873713245,0.4105410245054695,0.5362627594274219,0.27831805856947206,1.2557980595861475
7ZgRjHSnjDqc73mYitJZ4NAAVtdWrTyQEnoXB6Kfpump,293,1193,95,0.32555555555555554,20,5,900,nan,-0.4905026068029036,0.4243011398393437,8.113679425010412,1.5469119933824262,0.5720607436722656,13.16938968466473
7mPKEd18jVUKi221Nw34CN6rBuDeKnzXeDJo5Yg6pump,294,1193,103,0.3270300333704116,20,27,60,0.9730534314348982,0.5867082511891912,0.681389858194962,0.681389858194962,0.6102886343517184,0.5151421627897697,0.681389858194962
GCa9TZMK9Q3VUSkhZgX76YAQBjqQd1dPxkBnZojFpump,356,1192,111,0.4258373205741627,20,120,60,-0.11102066267987953,-0.0009772565027580393,-0.018038011462114256,-0.17585314392619045,0.16247216260437697,0.41081165828820687,-0.2854978874943941
gF6kXDUPivpk7VkqSBKfamxdyKzQPfjj4vXW2U8pump,356,1192,111,0.4258373205741627,20,120,60,-0.14185719718026835,-0.12290383817858552,-0.2860941597103511,0.6401601525257297,1.2508529634290995,0.27401184106758286,0.9740792129968765
7qg3pYUswNjtqVqMFVuY8wtv2Z269oT2UGdxjpxTpump,359,1192,119,0.4309723889555822,20,74,60,-0.09409515192157014,0.021573350338406794,0.30468692755848403,2.802252378829028,0.7111964388432341,0.38817626354000373,5.22016832444302
38Yai6pCdeXkixtHUxFutsWK2vKNLZfPa8tW2HAhpump,359,1192,125,0.4309723889555822,20,,,,,,,,,
HKkJjZTiUoGzZMhBxQL3NQJgAZbSUq6Hhiqfh32Ppump,359,1192,125,0.4309723889555822,20,,,,,,,,,
LFEJTxJ9yi6ojGDFpjbGfABLbH55Fc3oEK8syJJpump,359,1192,125,0.4309723889555822,20,,,,,,,,,
8ifTAcdwxs9JRDBFnk6i1tEmM1X647BsFBu7Q4aVpump,359,1192,126,0.4309723889555822,20,64,900,nan,0.23573039995917644,2.1563774683654016,2.7900610395523504,0.6831811118846087,0.4731735439431201,11.281969091582583
Cmgg6FUidYofYneNCRPY2z311pKJBPmhqJNhELZ3pump,359,1192,130,0.4309723889555822,20,,,,,,,,,
FkD1S9QujAMouUyvHwowrvoq1uTaJs1WPvT3rby6pump,359,1192,130,0.4309723889555822,20,7,3600,nan,nan,nan,-0.408253501412861,1.924121209074333,2.2244765996397255,-0.07438589662696615
8JwsfQ1Nt4dCUvVhCskg4MBpV9wJ1ctud7w7K2sipump,359,1192,130,0.4309723889555822,20,,,,,,,,,
8MBK5t2sazChGmrrL9QWqCEYAt54oifSrfJbnA5Jpump,359,1192,130,0.4309723889555822,20,,,,,,,,,
3h6q3Xjq4nVifeDZ9gZdpF9eCm5XBfnXXpgFkS8npump,359,1192,130,0.4309723889555822,20,,,,,,,,,
BVeEzH4USexqb2A16QQ6sQ7KbzPMkzJwNVjV8m6dpump,360,1192,131,0.4326923076923077,20,,,,,,,,,
6EthCNNajqX2hdPqDbmDtp9Tcpwhrg4cZdnKsVnzpump,420,1192,132,0.5440414507772021,20,,,,,,,,,
F9VX2geLw8RNndxBXqSFpf54D4bYkHjJH9RBgbH5pump,420,1192,134,0.5440414507772021,20,,,,,,,,,
HBeaQ6Pn5n29iqzkffnXbC9ugWEdEJXUmdn6pGzbpump,420,1192,134,0.5440414507772021,20,98,3600,nan,nan,nan,-0.21963091875653185,0.3734708969703368,0.586254379910983,2.8622058109475654
Cfmo6asAsZFx6GGQvAt4Ajxn8hN6vgWGpaSrjQKRpump,420,1192,136,0.5440414507772021,20,120,3600,nan,nan,nan,0.0029430323660324387,0.09457674464695905,0.07056108594950146,3.416369848729966
CZEGT2GyNRNwvD7TG5Lz512dUGH8enxwZVKJoAgxpump,420,1252,142,0.5048076923076923,21,,,,,,,,,
5Ma1VrMGSSgpfd3HbrbQiNBiVtLaBCc9vWfuapiWpump,300,1192,140,0.336322869955157,20,,,,,,,,,
6Vwsf3tgyrMbDLFHcTccgvRV7HjWrCZZzWJhvZFXpump,240,1193,142,0.2518363064008394,20,,,,,,,,,
CuBgSCq48bBvu9omMCWyv1cBi7c716UcpgTixrrCpump,176,1192,143,0.1732283464566929,20,,,,,,,,,
CRjcw3uyqFjGwG7tsc4VBZ8W8xQ1XsMumx1Uor2mpump,176,1192,143,0.1732283464566929,20,10,3600,nan,nan,nan,-0.029348142561559265,0.301941679344919,1.6534607863196598,4.444148317142159
9vYai4xnyLwsw2hVeFQvt7wxtEADRXiaQKF1QA4Lpump,236,1195,138,0.24608967674661106,20,8,3600,nan,nan,nan,0.1287707361284931,0.4090876497720162,0.7832763004261644,2.6984199048981696
AKnrrFCyZxoZnN2ZdXTKjA3mG8wiBHpQGQFFq2wFpump,236,1195,136,0.24608967674661106,20,,,,,,,,,
JVmZJgsFuv2zDhB1Bsnqg5RRcqWwPuiqXZrA4ALpump,236,1195,136,0.24608967674661106,20,,,,,,,,,
7eDjBGP5MHiUR3Qr2gHmbbNYWYfFSwEh4DgKkQ2Ppump,296,1195,130,0.3292547274749722,20,,,,,,,,,
FtGTJYbAe54n98wJxQJP2G5xWNtrq1HCqdGPWsHpump,360,1196,119,0.430622009569378,20,,,,,,,,,
j8RdRQ8tQRbx62cr46e5LM8ekRDZr1opqmbgsobpump,358,1194,118,0.42822966507177035,20,,,,,,,,,
GDPtXowyiXHjsHXgkwM1erpFufPEeNvqK8iGq71Bpump,358,1194,118,0.42822966507177035,20,,,,,,,,,
b1s5xvDA6diLKKV9k8wzYbahpGh3QHXMpa3ebBxpump,358,1194,118,0.42822966507177035,20,,,,,,,,,
5u2cFYg9GRiP7fheZyEi9WcHUFFb2txFXSLC1uVApump,355,1191,116,0.4246411483253589,20,,,,,,,,,
DvjAtw5JgxeCD9XMxwxzMTXoqbprwdtUa5yEha9npump,355,1191,116,0.4246411483253589,20,,,,,,,,,
4CmYEygEusR76TpjxUbTjSLjyDbCMjxKhRKNozkrpump,354,1250,125,0.3950892857142857,21,,,,,,,,,
ELiQoVM9oEgvr5nPBaqSAsQyJwbiU16f71yjWwEApump,354,1250,125,0.3950892857142857,21,,,,,,,,,
Cdt1JVmbDav7WGCoSUkPRg2q6vjcPVJcHXdbYfBUpump,352,1188,122,0.42105263157894735,20,,,,,,,,,
9QrVfifxeHNGJwzXLXopbp8hwpnpgpdqUA6h4rDZpump,352,1188,122,0.42105263157894735,20,6,900,nan,0.03417555617358392,-0.16985064758338442,0.05826819812285744,0.32780666367054523,0.06974777435612683,1.7594491166331712
Hds9xu5UAEMgfJxr5GuYx41DHEK6D8EGxiib8EUepump,352,1188,122,0.42105263157894735,20,5,900,nan,0.024851460283110693,0.39149603083928786,1.4641548395508104,0.9370804923329329,0.23916450725103544,1.51068551072516
EUB1eZBt4m3X4FbperWnKGJdvLsuLMu2YmJix5yjpump,352,1248,129,0.39285714285714285,21,36,3600,nan,nan,nan,-0.3816088213618357,1.0155343930421497,0.4978114367006341,25.274492364017426
F298VFmZCfU2m3hXjfsefwxY5abF1ryp51Tx5nqqpump,352,1248,129,0.39285714285714285,21,,,,,,,,,
4dFAsiyBt6UEKmnnpBQ3rjVfTnLDXBaEKx475KfKpump,412,1248,133,0.49282296650717705,21,,,,,,,,,
ARy1yY1JCLzNLe45ULnDQUhn6PyZbKeyYcmxWjKppump,414,1188,131,0.5348837209302325,20,5,900,nan,0.016774659287570826,0.43350375271602193,2.396712324250852,0.5495274659978004,0.44918415782187693,6.420405298991527
FM7btH3zydALWGs2fAX2EA4g6sDAUxgXdb3UcMdMpump,417,1188,132,0.5408560311284046,20,10,900,nan,-0.005506767232913323,-0.15889759815746385,0.1915360836568616,0.39337800181481025,0.2925585636193707,2.907704788869214
ESJjRXALCHz2X1rN1djwyUdCwpSYKXM1a15Suugcpump,417,1188,132,0.5408560311284046,20,6,900,nan,0.0049223673790022016,-0.006449044244356439,0.1816708772954334,0.09238658469020358,0.07782467796429658,0.684734710121427
Bmv7ho39ijT6ur3GSN3GK4bxZnwM7qrf1ReF5qYfpump,418,1188,132,0.5428571428571428,20,,,,,,,,,
Bcp1E1yb8Q9VdqMGNuHT45QaHCBwzqVXdpJo6rs8pump,420,1188,133,0.546875,20,5,900,nan,0.006536875608760484,0.6107367868292635,2.1049217199295676,0.8319693991317623,0.32068726774922174,2.8704167750434366
7ZfKJmq59V61qYRFFaCeeMAEp7L3oaB4XAcNaWvxpump,229,1237,139,0.22718253968253968,21,,,,,,,,,
CX5bNC78TSgfJiTYpFvCYNemfHRimhVr8XRJAio8pump,229,1237,139,0.22718253968253968,21,7,900,nan,0.0897010934768343,-0.20574789740185273,0.11078254756791983,0.9307966094649094,0.2975298599235105,3.444278554695341
vFsy4Kz5dBQwHgrQfLBw7hfJizrG2KC1HrQ698Hpump,229,1237,139,0.22718253968253968,21,,,,,,,,,
2RMMkab8pEhSfqc32aQ11Dsfg9sL2QzfxnTWDUBUpump,229,1237,139,0.22718253968253968,21,9,900,nan,1.6207722105034086,1.1056628268711224,-0.1583100272486243,0.8484463207185691,0.4597125241905595,1.5170298295370048
BNKQejpQjMCUiV6zG7k7KfEWDeLCHyevXr2EummEpump,229,1237,139,0.22718253968253968,21,5,900,nan,0.21219615098666345,-0.394268382683046,-0.30823332119198577,1.0053209056501071,0.1037821321788204,1.044798821342598
F1Ueobn9vfZgSiGNBmrDAiTjvYJpUkiAjLNE2reYpump,229,1237,139,0.22718253968253968,21,6,900,nan,-0.3483422954685844,-0.04049741898020298,2.373902320953238,0.6096258592586153,0.444801406320306,3.2808962596524918
CU5e2iqWkXKrEHrg6fgoV6uqptEWL9M98oeU4skpump,164,1232,140,0.15355805243445692,21,14,900,nan,0.00226472989240345,0.028766512138871603,0.10542206123201558,0.21180372565252906,0.18532108172406433,7.626314035128175
H3EKcm3BayFEXgBo1njpg3v6FhSUr1FRyQRfuJVYpump,224,1236,137,0.22134387351778656,21,6,900,nan,-0.054514245895247226,-0.5390807745949866,-0.16484783439398176,1.7234639243196448,0.15206480844265036,1.6078487213561
GwoaR1Sac7KGJKkgNjxKFZ9N2WMXF1k1YF2yS2xZpump,224,1236,137,0.22134387351778656,21,,,,,,,,,
HmM1cLPgB53LweeaDmqSVZwJYQGpWjk1YDhDiCx6wAD,229,1235,136,0.2276341948310139,21,,,,,,,,,
J7CExbBZE3W6fqDiMWvq6dMcwYRVufaaGRqG93ycpump,229,1235,136,0.2276341948310139,21,,,,,,,,,
FcA7QkC8QVoM8EvGM8gXk1DfbgqmYdwFC5nttdSfpump,354,1235,135,0.4018161180476731,21,58,3600,nan,nan,nan,-0.29725662420147214,0.9275111645973442,1.1423726739418592,0.44852628526513505
79U3WAzDXdBp7CSCcF6GbWkYFZzACuzuXu59EDYa5ixY,359,1235,134,0.4098173515981735,21,,,,,,,,,
Dmkj4dB3Ngva9gWKkDgj8UMF39EC7ArpGf2rxLxDpump,359,1235,132,0.4098173515981735,21,,,,,,,,,
Apx665vqxenPMpeqLrcsGwN4hQH6EVfKTF5yuyeApump,359,1235,132,0.4098173515981735,21,6,900,nan,-0.06248324041006126,-0.16690092293496817,-0.06816765494086485,0.30133210636739816,0.15324543299817145,0.6279204886606893
6HMNEX4Lm2WzbE5cSWxqEju3YnV5rYURJaScWhaBpump,360,1240,126,0.4090909090909091,21,7,900,nan,-0.9961758435687276,-0.9973130997225007,-0.9968412045542407,548.5950904248322,0.43249484061821397,-0.975012978661673
5i6Ve42SMGGHLYkBbCimW7trK1MxFZNKZSUfWUCZpump,360,1240,126,0.4090909090909091,21,6,900,nan,0.09310301249376884,0.13628461232077838,-0.05601786726052849,0.2354534809896132,0.13845605472540942,-0.07510002391173776
B1SM8wzwtJArpLq4iESiJyjr61YYcnuDqpvSS3qGtpih,360,1241,122,0.4086265607264472,21,6,900,nan,-0.14757061989320486,-0.5368301913666967,1.167724994539836,1.27543600380505,0.186986854022349,1.3833876888880199
8mtTLauYuiCmmao3tuaLNMJ7B9TN5t1VU4YeVdrWpump,360,1243,116,0.40770101925254815,21,10,900,nan,-0.0232914489680478,-0.18243261483134565,0.2499905403150644,0.8223142574880339,0.26881918862262194,2.4121145320115827
4cCyEZoBVPepCK3MUR1PahCgehF9n9dUDHPJenW4pump,360,1243,116,0.40770101925254815,21,,,,,,,,,
CUTuufCBBFA4AwvB3LNwtPqZvCDEg25L9PsKSkx3pump,420,1243,114,0.5103280680437424,21,23,900,nan,-0.0019730907832614664,0.017883302100623055,-0.0027385476607398873,0.019546099994085797,0.24996088619622245,0.36630434588918837
7QddMRv1RJEqwmofGzoSohhJQ36qDLNZmhx4v3oVpump,480,1303,113,0.583232077764277,22,,,,,,,,,
Gz5jDg2a2oTDp8sUEE8MxhshiPYNk3FPVxWrjmpvt8cG,540,1363,116,0.6561360874848117,23,,,,,,,,,
FhaAngKjXUPhinojcPzn3uYsQs6vWdfouLAm3HKYpump,600,1423,119,0.7290400972053463,24,5,900,nan,0.12612861348901316,0.18741910333130374,3.818660098525518,0.6864927501594917,0.2965576756316229,2.7537500108220763
DSdidmMuSBqJ1U8aKmPeRg8ZnQpyQJN1tV9f8HV794sh,600,1423,119,0.7290400972053463,24,,,,,,,,,
6Fjp4SHuPkjJusTxgm2ft6dpyYeGedkBUm7GHzPbpump,660,1483,124,0.8019441069258809,25,,,,,,,,,
aUWH9iX3BKKeMHP6aoAf2r2KPjLq8h9Kim2YC48pump,660,1483,124,0.8019441069258809,25,,,,,,,,,
HxJZ7fxthZhs57e9fCDfm7s3DLc1favN2JmAG9EApump,600,1483,123,0.6795016987542469,25,,,,,,,,,
FFT4bgyrvzyB5TKAziLkAzBj8mboduzJeDdZ27TU4FHm,600,1483,123,0.6795016987542469,25,,,,,,,,,
6Qf2ifQ7W9P3HTao49cXfQgN73PHG7gT7gUBAhQjpump,540,1489,126,0.5690200210748156,25,6,900,nan,0.10590514918357674,-0.15024459430082937,0.574186925472516,1.0476327378551833,0.3313669572544383,4.829437658690237
5h1Ug5QBfNvYeyQaCYcvropyXr3gwEfy6DWbwJo4pump,540,1489,126,0.5690200210748156,25,,,,,,,,,
H3f4jYE3tEY8JWve2tRJYzqZpAHEHPihJkGQA5BCqqkn,540,1489,126,0.5690200210748156,25,,,,,,,,,
2tCKJWAdwyzRgoXtNaTFwnsHuZMDQkZooCsoHqPHS6YN,540,1489,126,0.5690200210748156,25,,,,,,,,,
GJf3j4NNWcfSwfZhmFMQzCtr1vEDM4uCFs1Xpxucpump,539,1548,133,0.5341922695738355,26,,,,,,,,,
97ANsEsXkDTCsH19wQVph57fRg86ko4bKNNDvUEBpump,539,1548,133,0.5341922695738355,26,,,,,,,,,
Aqy9Ucdx9bbNkLYBYPzNR6vnEm1MrHL4D5v1hgD5sb4v,539,1548,133,0.5341922695738355,26,,,,,,,,,
2ESFEAkkPMoDaMXQCyatSdVDEfVh6dF2zHfQZUuhpump,466,1600,130,0.4109347442680776,27,,,,,,,,,
4yBmS1oYgnR2ftwK4yGQzF4jYSiTt3sGLiHNM8RXpump,459,1718,132,0.36457505957108816,29,6,900,nan,-0.15286448186985713,0.030000201376158664,-0.10378420040145775,0.7108782130375297,0.15073457505272123,1.3781500968174991
GkBx7VC4FxXmAYYTvmqywg9XnMSBH2S9gs2C4VEJpump,579,1838,139,0.4598888006354249,31,16,3600,nan,nan,nan,0.08889871546294148,0.22466045461494108,0.31848663791066356,0.6444668269503868
Ct7ZFjNZ1AsjdHnzvejxzWm33kY45mUSTqdSFzAiHfoD,579,1838,137,0.4598888006354249,31,6,900,nan,0.1996265358293754,0.12353831479896193,0.5237169412547276,0.5233040418744626,0.3334089365834407,4.605989186634282
68QF8DkwjTPPTWMh6gKk8KNhfxBMR9AcEJyj3qaDpump,579,1898,141,0.43896891584533737,32,,,,,,,,,
2BYdL8N8kqC7ZEYUU75X18tTNvgFkK4S6xd7B7CNpump,700,1959,134,0.5559968228752978,33,6,900,nan,-0.10079483899097197,-0.21708011690518758,0.011223193086088212,0.6117080459417845,0.15603075343264775,0.531500865562297
7z8Q8E4dpequE3XcxoXrpiCPiw1yVHZ7cY8EwT7Tpump,706,2019,137,0.5376999238385377,34,47,3600,nan,nan,nan,0.19524822373497064,0.7419210170458531,2.2486025550771602,6.764263664515334
9BVn3Y8tPghbnGuuuxoj2mGekqgSQV1M7nALF7brpump,718,2079,136,0.5275532696546656,35,120,3600,nan,nan,nan,-0.04360207961021234,0.07372413167786222,0.5057454430092562,1.3362449255667315
DmKGKTeSsgnYBf4xGLHJPbMNTdzWHxhbRb57Hc8spump,779,2139,134,0.5727941176470588,36,5,900,nan,0.38497249337190076,0.7441240261186888,2.768678900772374,0.7538612826917289,0.2968266546211798,4.5770373892025775
9Pb3VCc44uVb9MsNshQrDyrdq3hqTyLRMVsTJpjdpump,718,2137,133,0.5059901338971107,36,,,,,,,,,
GS2jgH6874i1txo8CUnudz7N1gAuA9CtRHLXN1Npump,718,2197,135,0.4854631507775524,37,97,900,nan,-0.11418887970322256,-0.05875908264029939,-0.08368384674980867,0.15181877320173437,0.6930613295756245,4.630995151388689
AU1BD8caz3woQdpzd42Kd6cMDdRoefmTqYDrthEPMGnc,778,2197,134,0.5482734319943622,37,,,,,,,,,
BAQPhMtf6UaXMdEwZLu1BVTSxRz9AYZkkb8FQXncpump,778,2257,138,0.5260311020960108,38,,,,,,,,,
tUgWWjQc6xSszvMdtWvXPYFPX1iv8CsQN8t4XB3pump,778,2317,143,0.5055230669265757,39,7,900,nan,0.33872540186758515,0.5869158758634871,-0.05454153547959195,0.3859898858819989,0.08813167136793092,6.696605165170965
GiWxfFzr9Dsjm5BmWNQNn9mrQykPbchd4xx1CfTpump,778,2317,144,0.5055230669265757,39,23,900,nan,0.9931748594145398,1.051305149016342,1.1851496393820646,0.5556113015829373,3.1567540890555206,1.880309836620385
3EJnCDWV29PisxfrpRbjS1kUXFR5SnaPUMC9zynkpump,771,2430,156,0.46473779385171793,41,5,900,nan,1.377159467922234,0.3835039970237131,1.9605810734356024,1.0222205570121563,0.2171900160814135,2.166256627250871
2FW3eNWNKSkJFdrSUwPC2U8zxu9MjExgVYxR5Wd7pump,771,2430,156,0.46473779385171793,41,,,,,,,,,
EBKEeJhtRxHLZe4vGPUXJWZfF2Gq99TK6qzKP7Bnpump,771,2430,156,0.46473779385171793,41,,,,,,,,,
6WS1NsTCjB1VFvVL8CjqUkB4VtK4fQ3sMPrN5e7rpump,764,2543,163,0.42945474985947163,43,,,,,,,,,
69tJh32kgR7u6Vqyrw2xnwLoCsjY5AiG8PqNivM7pump,824,2603,167,0.46318156267566046,44,,,,,,,,,
htswYxYNkQcms7e3Jns5YPybBG3WsY4b8idXgjMpump,826,2603,168,0.46482836240855374,44,,,,,,,,,
4xMegMRMd2TFQEXxv39vtMP1r5fFVuA7VcaSmAhLpump,826,2663,174,0.4496461622210125,45,,,,,,,,,
Fnfzc9MPZCWtZ7KKrPiJqQBaEjxd2xWC6TPCsvGupxem,886,2723,174,0.48230811105062604,46,5,900,nan,-0.2967636821806383,0.07070592906888251,4.093755844703095,0.48803383353803914,0.014046707803272593,4.135051656685982
5upMUvnBmnAKqMoMFADSixXdJU39oxsbSTBWhMVnpump,886,2723,173,0.48230811105062604,46,,,,,,,,,
6MAjC3uWMzGc4LAeKF3EoC85DUtX67MCFE3numnmpump,887,2723,175,0.4831154684095861,46,,,,,,,,,
BmWTEG5i1w5niQ8LvFB64sb6TVcuao5y54DRAp2kpump,660,2783,171,0.31088082901554404,47,,,,,,,,,
Ad5V1WCU99Ldrt3hJciaVJcLgohyz9v5sJpNTd8Qpump,600,2783,169,0.2748511223087494,47,5,900,nan,0.25222342140362053,0.6734031571796886,3.262971227368288,0.5294705084660454,0.09295105320344554,8.482796532496724
iFYiJU8VP3FLhtjAR4p4pP3jkxhZUbv1KfyhbsLpump,480,2742,165,0.21220159151193635,46,,,,,,,,,
HNco6ivsZGeCbtfxWvqmJVKXqvcJkidJGz4BPMhppump,480,2744,167,0.21201413427561838,46,,,,,,,,,
73UveQK7FzQb4ecjpQBCqJd3gKT2MEXG6fhsQuDApump,480,2744,169,0.21201413427561838,46,,,,,,,,,
FYAczZbEfKQ61XkQZ6HhRrJQgEmR6oe6j2XDkaF6pump,480,2744,169,0.21201413427561838,46,,,,,,,,,
G53KLq9qFc5e3Q23pc72qmrKqyND2KjUkWqyY1eFpump,540,2744,170,0.24500907441016334,46,,,,,,,,,
5VUDGeHTyEXWtuwdRRbG8eendwzGAkwWCDNP1zwCpump,720,2744,175,0.3557312252964427,46,,,,,,,,,
FUF7ikJSz8ySPtFqW8juGTywZCx269UUdhmMxGqXpump,720,2744,178,0.3557312252964427,46,,,,,,,,,
mjwxBvhHfYLMr7dsdQQ6YR6EbVPzvaqUcsxaoZ8pump,720,2744,178,0.3557312252964427,46,12,900,nan,0.29187548575646316,0.08134457208336521,0.12618038972325896,0.37428062819513297,0.21047690106567463,0.8194713201823478
Ct5Utd86Vh4YvPf2xyDBUSdcMu8yyuRhSY1RYZXPpump,720,2744,178,0.3557312252964427,46,,,,,,,,,
G9DgDDxrCCrXLuyJTqvifcrH8yBH5kzGF7YcDwDHpump,715,2739,183,0.3532608695652174,46,,,,,,,,,
FYp7F86XyGKFU9boMW2vX3WVTwSPFGadvdFoyDVJpump,711,2735,185,0.3512845849802372,46,,,,,,,,,
BGz9Dz8hK8mWSMWWraBV2qwN2CwVDbhgBcULx3qRpump,704,2730,187,0.3474827245804541,46,5,900,nan,0.17946355629877364,0.17277102374766673,12.83904549133921,0.4652362613082525,0.027243148032840083,12.83904549133921
5pjUXJUCja3z3aN3K6DYYPeaEHwMoQGvhGJ7SCm3pump,756,2722,190,0.38453713123092575,46,6,900,nan,0.470061941190526,2.707691204339826,1.1338066235353583,1.1773860430123233,0.7156527073810293,3.281991097701078
9emJ2FJHkWtE8HP5iLr2Ym4vXwFt44prboEwRfazpump,744,2710,189,0.37843336724313326,46,,,,,,,,,
N5NfKJcy4pJVCX59dkzEeFVusEjYzuas2QWt63ypump,734,2700,184,0.3733468972533062,46,7,900,nan,-0.35778940089510425,-0.5446623750116873,-0.2746314511453859,1.4507937485843727,0.2629607350588646,3.0456470679715997
5STRSXMndEbWFhJyGHNNBD1E687Bt8r8hwcU4Lcqpump,730,2697,183,0.37112353838332485,46,,,,,,,,,
AzbsonxtqEdAA1APoiHX8M6uGVG2nEfcqoeoc2sEpump,730,2697,183,0.37112353838332485,46,12,900,nan,0.10227739264782487,0.042294758024666645,0.018467967552666442,0.10948322949126887,0.209991257234122,-0.20846392772181654
4MbrwEDCvZiZxPkcpj4jEuM7KvhmTcVW1mDr6Woypump,720,2693,182,0.3649265078560568,46,,,,,,,,,
BmDWM5NYWWZm4P2qBrhBNb6jbxsN3estLAkaWg8dpump,720,2693,182,0.3649265078560568,46,14,900,nan,-0.2418506654317948,1.0755037289428775,3.7382381233078386,1.1756642763643774,0.38155830156762816,16.302268723325817
AG4fodovUEAS1eG419d2X7Wh6Y2fq2MnAdA1YR9bpump,720,2693,182,0.3649265078560568,46,,,,,,,,,
8uD3m4YycAfBQYEkpaZq8LjSQUNWXzHWxU74qvfHpump,785,2749,183,0.39969450101832993,47,5,900,nan,0.178638715215099,0.08268997603336059,1.4216075342160104,0.7773693230040716,0.13603177618578446,2.11836501326347
GuUNEcqtzuHeCjaVrEVH3fzhpBSuLW65GbCW1bZt3Nmu,859,2748,177,0.45473795659078875,47,,,,,,,,,
G5WsEp3voREADpMVG11LVQGBmvXbH5PpvjQeFMyapump,864,2748,178,0.4585987261146497,47,,,,,,,,,
FdQMjCVEa77pqH1NbP381Dz32b2QR4xsJRDwM8icpump,874,2748,179,0.4663820704375667,47,30,900,nan,0.33624375253632355,0.496689529043294,1.7469462457572313,0.4534438096687383,0.2408032630157949,12.678143963230006
UemnTg4prZ5QUteJP2ekKMAYYHssyRZz3Ef3uiapump,890,2745,181,0.4797843665768194,47,,,,,,,,,
fpKcazZbb9e31XLjYH6AfBApejLm18U7hZPzJAnpump,714,2802,187,0.34195402298850575,48,5,900,nan,-0.6303590796763485,-0.06423731392436172,0.16108545743592861,3.3798722828965273,0.1819197455577218,-0.24149264239770085
D414E831eNtWfKS7yuHkJBGKPp17BxHAGsvVb8m8pump,652,2800,189,0.30353817504655495,48,,,,,,,,,
AFc8ewrQ2FkZisYm5j7qAYQ3yyCVAZ8p1vGmyxgqpump,652,2800,189,0.30353817504655495,48,,,,,,,,,
GDsogTEtXS1RD4PJcfDu3jYevDzRha6mUqiHAmcopump,652,2800,189,0.30353817504655495,48,,,,,,,,,
6VExhFJceQENY2GUgoGf9sXVST75mw4ovXYt8DaNpump,474,2740,185,0.2091791703442189,47,,,,,,,,,
9JJAnX75nadfDep572z31huah1otpS1KHy4g7wFtpump,474,2740,185,0.2091791703442189,47,,,,,,,,,
4veBqJ8TFFyZBepbP8DmMeUgUosbRhCtd7PwewWmpump,413,2738,186,0.17763440860215055,47,8,900,nan,0.6703393448804578,1.4363057842505724,2.508107094536897,0.6480105707758802,0.6742577525174751,6.317376236174884
6T6APFk43FoZjNXSsBRhMYyVinsntzTGAUpZeP8hpump,411,2675,183,0.18153710247349825,46,,,,,,,,,
9HvMq8kM58Xwfo3DCoihSxvbZ8eM4vJMod58a6axpump,411,2675,183,0.18153710247349825,46,5,900,nan,1.600368223192699,0.5917316236374492,4.553055339694649,0.6674559624204094,0.3457479536233984,7.531536065400898
D72zrgwrjMuzXLHZWET4ibC4hDcnFheM9SzqDrJ3pump,404,2667,184,0.17852408307556342,46,6,900,nan,0.7649251647520603,0.4725545249225407,0.8885314799018496,0.6162699564421541,0.25209924568395387,1.3017050353320831
FYqWB95ggm8bjCrPxnQ5GSNCgXxWKydyGzfasW17pump,404,2667,184,0.17852408307556342,46,,,,,,,,,
FZW2bCcWdkFz8PrQgFFKKWB7S1ksbFTxVrjNyeSZpump,397,2599,182,0.18029064486830154,45,5,900,nan,-0.38249449043951567,-0.4882853908191488,-0.19179654059279105,1.976201346180285,0.07682263026479345,0.23298045253747257
DfvXmcXWo8VYzXKLV5CLfFKUWzC7RmUAMKBhFqxNpump,397,2599,182,0.18029064486830154,45,,,,,,,,,
7mYSGRZu3QoURA6GDcZYbuu3UaeXvNirzFenm1WLpump,451,2593,183,0.21055088702147526,45,,,,,,,,,
HxNNTGqNmTMNP38VseuDAQMEjdFydd8xxUf2um2spump,449,2469,173,0.22227722772277228,43,5,900,nan,-0.16711082842968472,-0.12624901819488976,0.23794296630847245,0.9190889754674014,0.3144700782982869,0.40715246872707045
2HtutbHpCNCy4jBux1K4taVxshFCHgarydADjUjRpump,449,2469,173,0.22227722772277228,43,9,900,nan,0.010987038099602442,0.023373756128859613,0.2817190352777863,0.0654449314991265,0.24970859818109264,0.10617030468457278
5hyq1w4ATErYGNFUomWjWDRVUBmaQVG2rvDdx5hUpump,449,2474,171,0.2217283950617284,43,,,,,,,,,
512B2eBDSDg3xY88Jw3Qprqf6kGSvXLRH7L1kRaSpump,511,2481,172,0.2593908629441624,43,,,,,,,,,
APQfuCeuoCqywQJaVNj5CvZuUZ3EE3abGmti9tKjpump,511,2481,172,0.2593908629441624,43,,,,,,,,,
5nTdKXtGFcGbBHwUB7EsnEyBZ1ThGMGVofZAVpkjpump,513,2483,177,0.26040609137055837,43,8,900,nan,-0.003459962690551044,0.06398498906975658,-0.07485686431311855,0.3173965440991132,0.26055698967573515,2.0144961612238075
FMiBqDMPgGukPPj1fwTgpNvxjpLVwMCjZP8ULryKpump,517,2428,174,0.2705389848246991,42,,,,,,,,,
4skFA8FequaJV8Zd3njafvMvmX4yVbnzmBRo4jXVpump,517,2428,174,0.2705389848246991,42,,,,,,,,,
AAdao8JXwua6W6aMYXV5NMk1eDjms1iNsniEsDb1pump,582,2437,177,0.3137466307277628,42,,,,,,,,,
2RcD4toUmZywZ7ViKsgjchVLkkhH7xcbsqqgjuYSpump,588,2443,180,0.3169811320754717,42,,,,,,,,,
DfJy9p8AarFgv6CU9xW38oFdEEK41qkbEXhxzUoUpump,710,2456,176,0.4066437571592211,42,,,,,,,,,
DuBfXGHkyRWSi5u7gi21xz6Nij75XRsj4p3zSsNspump,652,2406,167,0.3717217787913341,41,,,,,,,,,
9pqWPKYYtmPfocSbweWfWRFqv7EKbHtZrhQjBQqMpump,652,2406,169,0.3717217787913341,41,6,900,nan,0.03459021414105434,0.2589554439874586,0.18797411434470002,0.3637785290424682,0.20874779916172898,0.3849253368418808
8Wbhokeyfv1WTv5xej494iQBcGE2xZ8aKXe2ixnrB529,652,2406,169,0.3717217787913341,41,,,,,,,,,
6Hg3hRVgUYzDmDpt7FfBKfhsHTF5mpLoza462nSupump,652,2406,169,0.3717217787913341,41,,,,,,,,,
S98Vfo1hLHu1kxFujoNrSbmWkw1ShSntx1YEFDtpump,653,2348,171,0.3852507374631268,40,,,,,,,,,
5P3skKAfTT8a9hrfcSFzP2wYpevoHDC5PU8nXGhgpump,653,2348,171,0.3852507374631268,40,,,,,,,,,
76HLfhuAXMvTGqQEFFGnYyCgypk3VkpGTzavxwA2pump,713,2352,172,0.43502135448444174,40,,,,,,,,,
9MMXQQhhMhA4yWeTuiv7dkGTeCMzKCGmfmWgVD3ghYn7,719,2293,170,0.4567979669631512,39,,,,,,,,,
4s9LfXuYzbTLEfnoGa8WiKvwuwo7ERK9bZCDXpfxpump,720,2293,171,0.45772409408773046,39,,,,,,,,,
7MQSupJTpY31HGChEHUAsS1pQhLSrHS5CCsB9bnaN3eS,720,2293,171,0.45772409408773046,39,,,,,,,,,
GY53ctA7NX3LNWQQGM2YgsAPcy6w796rQiDgnsiqpump,719,2234,157,0.4745874587458746,38,5,900,nan,-0.3361289597659629,-0.524024716493346,-0.08348280774202366,2.2530796563354776,0.31739728583427707,0.6237334058650563
9U7SRJ3aB6SaD7RpPhuFfRmK8GypcXdDUUGvzEtPpump,718,2176,151,0.4924554183813443,37,,,,,,,,,
3rC1aughedydZfETxDQXtNEfQ4xGZ5oJC1JcLVBspump,718,2176,151,0.4924554183813443,37,7,900,nan,-0.35058051324792106,-0.47923046820772264,-0.43402294189960167,1.1801159892967954,0.2700205220622458,-0.012050121189942198
8cCV6ybhSU4WPbuCP4XubF9Hadr6TRm1djSDtyd7pump,598,2236,156,0.36507936507936506,38,7,900,nan,-0.2081096357857123,0.11718956698983596,0.15583553192301536,0.6059216033581394,0.25157435927366906,1.7188228099664422
GdMx76BW2NYPH8ipDwXjCvZiXXhFDQnfec9TKVU7pump,598,2236,156,0.36507936507936506,38,,,,,,,,,
GseQWit8p5SREsjb1V9WB3KEJg9ETfGG2FZaChCYpump,538,2239,157,0.31628453850676075,38,5,900,nan,0.10107541919165053,0.055261583205234555,-0.02616354741293425,0.5581375639782836,0.19792744001274,-0.009485534457598699
3JKhx3e5pPbDkwUP7oP4JFXGwk23z2NtrHWVKPVYpump,538,2239,157,0.31628453850676075,38,,,,,,,,,
jBZXbRBsS5detVwD49DMFSRVdTp7gaeDNHAJn1ppump,478,2239,158,0.2714366837024418,38,,,,,,,,,
5YJqprg5aKQtSwnnF5V5JraFc8Qw2EwqPKdq5dbmpump,478,2239,161,0.2714366837024418,38,,,,,,,,,
9StoqCkySiJVGYjvQ3A1xbU4HU9LeDrM2VJUNDzGpump,478,2239,161,0.2714366837024418,38,,,,,,,,,
Drac2HBT8Fxt9SauZj8yVWUUyZbE5gZ9fNzXqL8Kpump,478,2239,161,0.2714366837024418,38,5,900,nan,1.279056111935692,0.4262206268048647,1.2596521957259381,0.8626449223167357,0.2649243429173219,2.855037222991496
7yqbQhuc9jVMA1XzHbN6awy6cjfUon7ZeTvNLJDvpump,479,2241,163,0.27185017026106695,38,,,,,,,,,
CrKbbxStdbYKZBDaqDjJdAdM6TCkUvX4A7DHJ2NRpump,479,2241,163,0.27185017026106695,38,,,,,,,,,
c9tnt7JsbiDG931okPZbRu6WUsB5nDqzL5BpbnQpump,480,2304,169,0.2631578947368421,39,5,900,nan,0.15827653025961474,0.15946558603329009,0.46916237874712197,0.41108742766988327,0.2414614385155923,1.75387777904721
HKMK9zw7uCV2D24mpnmdR5491nCyrWBGhUuTQEVZpump,540,2312,170,0.3047404063205418,39,,,,,,,,,
EP5k7WwMYXPNzkAEc8wtUm2imx3sg3NDRNxyt9Ktpump,540,2312,170,0.3047404063205418,39,6,900,nan,-0.33713565400720635,-0.3919211219130321,1.013624068706172,1.1941406264526533,0.1670018255630858,1.2496652045180725
EJfr9PcxxAntozmGDbifiTN8ZMoMjTqiQspwEowFpump,597,2385,179,0.3338926174496644,40,,,,,,,,,
GoY3hMdiVf2QkqkLTYLPnXRrV1HXsLjy8GJeNGjPpump,597,2387,181,0.3335195530726257,40,,,,,,,,,
7ZzvPcgJGc5PMKPsMm8yjyPq2wkY7YtEmT51Qtygpump,597,2327,181,0.34508670520231216,39,,,,,,,,,
DLYQBXkRo43Ct96fd9Cr7y5tZP5yQKUBLMTZU92epump,597,2327,181,0.34508670520231216,39,,,,,,,,,
HbvQTX1SHkktEP25fqUFijwMBLEgtmc918C8ShgCpump,537,2328,180,0.2998324958123953,39,,,,,,,,,
5jifcyrUEQUkGTnrhPLfL8xUdazZzcALJGDPMenXpump,537,2328,180,0.2998324958123953,39,,,,,,,,,
DW1Za6dt2HcgXVYMu9ZKe8CP6A3ip4TbbBWuCR9bpump,537,2328,180,0.2998324958123953,39,,,,,,,,,
5gkuTAKAskEhhc1D6ACtF6mmstfCg2Ldm5qT4C84pump,537,2332,183,0.29916434540389975,39,7,900,nan,1.1461153683571648,0.3159266961633851,0.8967988575732073,0.5906034116116106,0.31720081394526406,1.864898527334213
CR9vFRAbC6m3enGP7bTtoqEE12zetkwHbkFg95Dvpump,537,2332,183,0.29916434540389975,39,,,,,,,,,
HJvNXZ64yZeB2aZWyFEP7D35W8eRLfLDcbfUKRyHpump,537,2332,183,0.29916434540389975,39,,,,,,,,,
4Y9Red7dLgEMHzBi1nTGko7ub4irPFFKxtSfs6aepump,537,2332,183,0.29916434540389975,39,5,900,nan,0.05029469828798061,0.4003214589013999,0.7140398386643185,0.4523333612893684,0.20863992182287272,1.1466576199792877
GepVkouMVapm62pd5KzC5pxVh7j451n9jQJtEZjTpump,597,2334,188,0.3436960276338515,39,,,,,,,,,
8HWzVHr3vYVAKohiKw9GEQw5Ntg42ccdMrxgmPYkpump,597,2334,188,0.3436960276338515,39,6,900,nan,0.2649291655988608,0.5222189059987312,1.2680611082309996,0.36561142434214877,0.2622856421068206,7.524491947895495
UxbEbJpwXnBo6WbPTQa9qyrjhbeQ6Jidjs1XRm2pump,597,2334,188,0.3436960276338515,39,23,900,nan,-0.011613177260992757,-0.06351449623892547,-0.31563198869284625,0.2783417097886057,0.43185857396492083,7.282506974799455
HsmX84Jkz51Seb8yMsR7Yfnbd795qv8Wmah4kiZ6pump,597,2334,188,0.3436960276338515,39,,,,,,,,,
7XrokXKTBJQahMyNWKMW6VxRxTTSUxaGLoNAqEETpump,597,2334,188,0.3436960276338515,39,6,900,nan,0.3865057098959934,0.3810809707641707,0.6502850676405676,0.3922472583334539,1.164541604611974,0.760579533284925
GZLNaWXkrikpxA5Kcu8tRc1fM2N5h9zaBToCWQs1pump,597,2275,188,0.3557806912991657,38,9,900,nan,0.24398081847686237,-0.07764701367547933,-0.08464600485508222,0.4997139254350863,0.348283367557364,1.5601237542273263
CcWVFqrwzkEdHH1YpfZRjkdbKrxYQbU9BRqeC6ZGpump,598,2275,193,0.35658914728682173,38,,,,,,,,,
Gc5hxBYZjxWNpt3B8XYbp4YoGCHSMfrJK7ex4GUTpump,599,2274,205,0.35761194029850746,38,120,3600,nan,nan,nan,1.3868585755082479,1.6823603444231454,1.8173104846195067,8.485827692904742
CDfPCmvmU6WkfAKqDhRZkv8bVHLW2FUpZCzbqa1cpump,599,2274,212,0.35761194029850746,38,5,900,nan,-0.22969861948291492,-0.23357271020915105,-0.467368721979174,0.8889896209142891,0.2723602638122724,-0.08340034240470895
4Xg9qDuEP1vMEwqMr2yWo92Yn9a7xZu5BNQBbXVfpump,599,2274,212,0.35761194029850746,38,,,,,,,,,
87cRLJX67bTkHb19uKJQF2defWfLRKnr1qDLQd7jpump,599,2274,214,0.35761194029850746,38,,,,,,,,,
9xmd52vTQomtntt87cRTZuJjQk9GWsmuMMk3ezpNpump,598,2273,217,0.35701492537313434,38,,,,,,,,,
FqBzU27KvwRKki7ZLzVMBgtKaVjdE64nfEkL1An1pump,658,2273,218,0.40743034055727556,38,,,,,,,,,
PeBVYRsRQZAiUoSnBXXhX5E9HUgBZyDURWrerYcYgiz,658,2273,218,0.40743034055727556,38,6,900,nan,0.02545572574079058,0.9604267021418629,1.2425363459093286,1.105868431979464,0.5754097329286983,3.085104753469386
6LAVYbytESPF1FMBD8zaCyg9s4vRbcfhhwPN5P3Rpump,718,2333,237,0.44458204334365325,39,,,,,,,,,
EZA5ncFF3XtYYpzFYyxcXjLPovJoxkQbFfDGSRQxpump,778,2332,251,0.5006435006435006,39,6,900,nan,0.18956675346694296,0.07389305725509399,0.896150341208475,0.4305307680909201,0.4109908925972809,1.5595719577633176
7g2xyrq9Fk1TvFiqqcmLJAQ9jAtfHobmrdzzM9Dp2SpV,599,2274,257,0.35761194029850746,38,,,,,,,,,
DPmxFPHYvwyGLWDK6iu9EiDs1yCZR35TisCz4Lygpump,599,2274,257,0.35761194029850746,38,,,,,,,,,
6hosezP1x4Ng4zgYZtDFx58e6VBnFmnQ4ojyX32wpump,539,2274,262,0.3106628242074928,38,7,900,nan,0.016329715091918162,-0.01996136506507329,-0.02271940059395161,0.4350394955668371,0.14233260960261815,4.265494063242139
HeXxaXU7jZS5LWjgCGSjSFjFPyzTkMkaJ4jHirzApump,539,2274,262,0.3106628242074928,38,,,,,,,,,
593nS9yVmVHr3xN9REetTDSqfGNJggTsoQUVU4ympump,539,2274,262,0.3106628242074928,38,,,,,,,,,
FJBWgfc8wdEeUc2n7BN9EcmEJQUauvvpp9ZXvmF2pump,479,2274,264,0.2668523676880223,38,,,,,,,,,
Fw9LotRCnRPR5KWGD1GKuU6Y93E4xA8ngDds4S3Gpump,480,2274,268,0.26755852842809363,38,5,900,nan,0.10940562198924297,0.1610818780570098,0.7947147874851057,0.5246932948310423,0.16849250108338126,0.8458135165598697
CKSfQyGQAHtXPm6EYvguGb9Kd5gt73utYASdabQ9pump,480,2274,270,0.26755852842809363,38,,,,,,,,,
33gmnQQ8PFhF8qJTqEHNZMxydYQe25oDPRuQrMaipump,480,2274,274,0.26755852842809363,38,,,,,,,,,
768m4oL2PSpL832KQ7LBGDJGTLMvWQB2GETYRHM2pump,480,2274,276,0.26755852842809363,38,5,900,nan,-0.2673982354543858,-0.4676345437713554,-0.4808204133468019,1.2242343070373476,0.1899435995267788,-0.1401811065806129
2NjuvDtoj4HqSNGqMYBs4wBotq1e92gyHCCyEPKZpump,480,2274,276,0.26755852842809363,38,5,900,nan,-0.03239231877532989,0.35032436236201225,2.748035172488262,0.529751271680725,0.245928094307176,3.5383982517899844
EaaHExWS9Yiq5zDdm8fQ1Y5cXHg851PEExMxWNJPpump,480,2274,276,0.26755852842809363,38,,,,,,,,,
3uuWyPHJhtGdeWKYWJLAtjv6J8Z2WSw3mnFpugU6pump,591,2268,274,0.35241502683363146,38,,,,,,,,,
FtateF34Xzawa91bpbVNdX72hZYo9cymRDYqBreHHbJi,591,2268,274,0.35241502683363146,38,,,,,,,,,
DhvuLLW5ZMvvKVGVA9ZvUtwfJ24oVEaC5Q9opZWK7A8V,587,2324,282,0.3379389752446747,39,12,900,nan,0.12102222190394474,0.20868753686529118,0.5202982665505866,0.49427538983706165,0.23925671028232276,6.707613339200352
3gSWWRmnu27Rj4agNjPUMqoXq2SmUZ3UWo8QW4Gwpump,587,2324,282,0.3379389752446747,39,6,900,nan,-0.27077755218091504,-0.12398988268971389,-0.2618182780626048,0.5030105039668284,0.16270615137566166,-0.043996534696639
7XWZDMVv5oSFVuVky9w6yy7aPHQcRfcAenvpjxPCpump,586,2323,281,0.33736327000575705,39,,,,,,,,,
6BUHtXAd9Ahj3D3Rgng8Cht8EpAqihc5qimKVoVxpump,586,2323,281,0.33736327000575705,39,,,,,,,,,
Gy9uok5JPaHfqVYqSQ5j4VHw8Ud53NCu9kVn2HdApump,586,2323,280,0.33736327000575705,39,,,,,,,,,
FtXH4AAgR8KMBR8zDfTfHnYdSStw2Am3iwq8TpoHpump,586,2323,280,0.33736327000575705,39,,,,,,,,,
8KZhSTCKSLLMuBRAZDT4FohNmBBhdSS1aJT6DfrQpump,520,2257,274,0.2993667242371906,38,9,900,nan,0.5618063830656863,-0.1631828332325066,0.8637047259183537,0.9689735480179834,0.3544534132667652,6.08291689243826
12MtVBUwd628NCNK811KPep7KfGTdY8bcW9xQL6bpump,520,2257,274,0.2993667242371906,38,,,,,,,,,
2UKkazisyXfWUyLT4eqCgvEV6KNaxqwkHU49htQppump,519,2255,274,0.298963133640553,38,8,900,nan,0.38029206331503396,0.5320842739737421,1.1895229378063692,0.4205687139690039,0.18930589213957297,1.2779908468591974
7M5k3bTN8kJj3eU5CEoL8p12nKFXSFewkdGi4kxKpump,519,2255,274,0.298963133640553,38,,,,,,,,,
HJzs7y2zwBXXjvXjS1zzj56PJ1GvVUmca1mDMr1spump,519,2255,274,0.298963133640553,38,5,900,nan,-0.4527005380150594,-0.423037414120653,-0.6338833894603142,1.438591254835131,0.18584957091882692,-0.1910272319068198
5TrT61zqFxPHugukVD8Ce6TimgaHT5Sdqz4zfenfpump,519,2255,274,0.298963133640553,38,,,,,,,,,
4orXPB8QqxBaWCo5LKaQFmFwj8gpTSZocoqZMCYppump,578,2254,274,0.3448687350835322,38,7,900,nan,-0.03700865255486674,0.5384488872204571,0.8028781251321364,0.48753808168389495,0.23425206777685068,5.242732807137127
4uuxPfEdy2ZHhgux9zrRHtsbVx9yrnDrtLLAPWhmdKSE,578,2254,274,0.3448687350835322,38,,,,,,,,,
BT3X6i8JzQQDLgKDqQsHp5wPtSRN3as5VzYpnVEJpump,573,2309,282,0.33006912442396313,39,,,,,,,,,
HJEJGoEgsM7cE4nNv5YTY6t4Wb3PdcwE3NVkP6uVpump,573,2309,282,0.33006912442396313,39,,,,,,,,,
3YVwekptG83VNCGNB2mWRVmnNAzsxyUqMU5TBR6xpump,573,2306,282,0.3306405077899596,39,5,3600,nan,nan,nan,-0.4616028121698087,1.2298597335211379,0.9455816276209001,2.096048868865173
3EV3TUbdLZ2KbiMHvGDFbRkCkgiRcvptFRw4TWSipump,573,2306,282,0.3306405077899596,39,6,900,nan,-0.19426661435426207,-0.06729112312088725,0.6172859021503427,0.2665331575940555,0.07445505970701977,1.3429193525919851
FitRPV7tdpqhXjXaGjsKzy6oGLK8oBnnibH96Smbpump,578,2247,274,0.3463151587777112,38,,,,,,,,,
5rJthJB5JZwDvk57je7kod1wkQ7oQgoski9XH2PXpump,582,2307,279,0.3373913043478261,39,,,,,,,,,
CP8GU8E6A6BFhvxmroVfoTBoTZhkzA13GPPq9a9mpump,583,2307,276,0.33816705336426917,39,,,,,,,,,
DZkFZtKNdyrkKx42eHWp2biM8HkzxDVsVuKFoTjjpump,582,2306,275,0.3375870069605568,39,,,,,,,,,
Hzo9meSRYtgeF87zLsv9LcdmQaqYxWamxQ1Tmycmpump,582,2306,275,0.3375870069605568,39,,,,,,,,,
EGWY6RWw5RhEAihJsExpmMDd2GhCJmeCWC1HUBEnpump,582,2306,275,0.3375870069605568,39,,,,,,,,,
CuoAS9ipyuysr5bP1iZvA9sXNmvhk3pLHgu2SBx8pump,642,2306,273,0.3858173076923077,39,,,,,,,,,
AKBHvAqoojLaw995SatYBcpV2hebtSaSDUDBMAfLpump,642,2366,282,0.3723897911832947,40,5,900,nan,-0.0017256332310308098,-0.07459669243605205,0.18807691556801198,0.5052385588794499,0.15359186815896667,0.19003893127075244
C65gw5k88heBcebgtvDwztk1wS1Luo4Zg7pu7oFnpump,642,2366,282,0.3723897911832947,40,6,900,nan,-0.994173373835512,-0.9908585949490345,-0.990805575849669,239.327273909392,0.27913843191485666,-0.9898468526752874
GGXbEk3fVV1rBDt28YbJwVPh6VXaD5rPpGYXULYPpump,700,2364,284,0.4206730769230769,40,,,,,,,,,
DVb7fW75D3QnZDU2TR5QadF8GQ8aT5RQ5XjXwGuupump,700,2364,284,0.4206730769230769,40,,,,,,,,,
3rKTe7vKhupBCPbcNzChy2MTMvZ3NAq15DmYrqHGpump,700,2364,284,0.4206730769230769,40,,,,,,,,,
3bLw2fp44SGrAp19XAtaLmutCksRDRDvjLyTbWD7iEqV,706,2303,271,0.44207889793362554,39,5,900,nan,-0.6914122604139668,1.697046321100697,45.60755577435569,4.932225262883932,0.6806188858259449,10.901004063606383
8WB6TuGytm5Q7YfSfD1LPzeQYV2LnTqgC5ASxnJZpump,767,2303,268,0.4993489583333333,39,,,,,,,,,
GSLmRmE2tTQzQaswiJQST9WdGYj3V3kLbKFaa9xzpump,767,2303,268,0.4993489583333333,39,,,,,,,,,
D19eh8TdZJpMFKpW43wUSW8iFa4dVBFyatbNecaCpump,767,2303,268,0.4993489583333333,39,,,,,,,,,
EkcTa8n14fXcHdfvZqCg72cTCutJnnKb19vcHwKTpump,767,2303,268,0.4993489583333333,39,120,3600,nan,nan,nan,0.09210578014230664,0.12675932509213264,0.8576336628662703,3.114187088132071
9m5nwkpKjyv8SRY7M1cTVCbMVv38j97YQqS4iwtvpump,775,2303,265,0.5071989528795812,39,,,,,,,,,
B2LzKgXFkDCEnoNcfsAyFEgZWCehYvQMi1u5SgDtpump,775,2303,265,0.5071989528795812,39,,,,,,,,,
HHkd676UQiyNVXVFwYwQtBa6w3VbWUKmbYbZXqEjpump,775,2304,264,0.5068672334859385,39,,,,,,,,,
Ehjqf14dNJnigNCNqQ2mcFa842k73L9HKVxXKHq5pump,775,2304,262,0.5068672334859385,39,,,,,,,,,
4YhFH8GEBqWjfiAfczjf31ngRdQxfSBqc8gfD4YQpump,775,2304,262,0.5068672334859385,39,5,900,nan,-0.11908805481140439,0.09244669527205707,0.34832435142322793,0.46796181938514925,0.13064207842419723,1.9091175332604124
6TpjRqHB5BBZH6gtKdqiHDD8u7noVqS85LhtwxySpump,775,2304,262,0.5068672334859385,39,,,,,,,,,
FJBaZFtrcZqx5zF4Z8kSL7SGq12ptoh6FqcrUbbhkJJi,775,2304,262,0.5068672334859385,39,120,900,nan,0.1268286454707095,0.6111625739004927,0.768605799016848,1.3460339314620116,4.008140518285628,1.5675776992746937
9KbvJ3RitJ8rFDAM6rEVKKJV8Y4sKsawnYJR4QKHpump,600,2304,261,0.352112676056338,39,8,900,nan,-0.014365025720721403,-0.03354649214025873,-0.2668847625537538,0.10580839510663824,0.2960996199067582,0.8275017005793368
FRS2TzZZGv4X4kx9a2wiMWyrTBRN9CYDRmp9quUTpump,600,2304,261,0.352112676056338,39,,,,,,,,,
47QmsheocjD1gsb3nghrUfPAQy6yBCbErt6wMMDdpump,540,2304,259,0.30612244897959184,39,5,900,nan,0.7532678445052594,0.4442823225666135,1.0081229884777563,0.5201805557421996,0.22701634712393767,2.550308866222623
HiY4qx8j5QuVh5UFnKyFq1DvzzDNgFkgyyhEeDXhpump,540,2304,259,0.30612244897959184,39,,,,,,,,,
E9aqL5mdwzJqFpoCaDiutUWJ78CjBRvfVU3vfgXtpump,540,2304,257,0.30612244897959184,39,15,900,nan,-0.0015108698825373468,-0.0019861616033809426,-0.001623650865592019,0.09152194237275528,0.15106955485777537,5.88204798162691
DFPx9wF6oikK8drHiY3EukCA4gDBkHPL51SL573tpump,480,2304,256,0.2631578947368421,39,,,,,,,,,
3uQw7mq6aZWFsVRSY1yn31QKKu6wzX6n7JeWsXnQpump,480,2304,257,0.2631578947368421,39,7,900,nan,-0.37042856226109355,-0.25866230203099316,-0.014020380673789412,0.9287738280096725,0.19375785019125258,1.3093669177861949
5RvzePocfbTfpUitxtrPQkF5yDN6zBKDgAGDzP18pump,480,2304,257,0.2631578947368421,39,,,,,,,,,
CHVayd2v4ffoGcZiBDpFGrWW3J8haMQXafrArSi5pump,480,2304,257,0.2631578947368421,39,8,900,nan,0.2695379831839688,-0.04396732941783943,0.14116130990112508,0.4984473285433247,0.26808722698169124,12.776537910905786
2CUqkRbuiST6yTmV1uZrWmvrRFWQqKFsdSNwZkstpump,480,2304,255,0.2631578947368421,39,,,,,,,,,
EKSqz65fJNVAnScVuX52EPCT3AvVYZjJCcAHY8C8pump,420,2304,254,0.2229299363057325,39,,,,,,,,,
GBzKWZ2f1amBwsGGZi2wC6r2Mvz5KyoSJANnWHzBpump,420,2304,254,0.2229299363057325,39,10,900,nan,-0.16735403871745214,-0.33710896711074334,-0.15187362750095768,0.626086098992061,0.20720011320563458,-0.10337264126339585
EsSBTcudQscyUAA79tFrCLXWGqM4xduHg2Jqim1Lpump,480,2245,246,0.2719546742209632,38,,,,,,,,,
6zxYs3p2UM2Fa7GWNefSsMxYSq7HZ5b1XbgbU96spump,480,2245,246,0.2719546742209632,38,,,,,,,,,
9jSTqaJP2u35CLCuThnW9BTamDqnX5HoYzFwhaJCpump,480,2245,246,0.2719546742209632,38,11,900,nan,-0.24321119762810617,-0.12276260512301951,0.23636239307898488,0.4434392899001189,0.30259060417462413,0.8593587574912751
897wEhKQtCKXuxxoDA8BH9LWnSpdTKLVzqh1J8xFpump,480,2245,246,0.2719546742209632,38,,,,,,,,,
cQ1Jye1NiuoC8yvaswdNyfbn7AQn1KdWkAmba65pump,540,2253,247,0.31523642732049034,38,,,,,,,,,
FGhpwjEmgivfXExogNENAHVk8Lm56VKg2TZD4iktpump,540,2257,248,0.31450203843913804,38,,,,,,,,,
AeEX6gtzfK1d9NbasSV66bx7g1cHoqKRnt43evDzpump,540,2257,248,0.31450203843913804,38,5,900,nan,0.3986941189789437,0.05055097916689033,0.5197273488290413,0.5532196170208176,0.22038148394266172,2.2320531545074127
7M3puYZBZJEFCsbmeMsfTGSkH1Ek36VpKh7dezhhpump,540,2258,249,0.31431897555296856,38,,,,,,,,,
5ZRKQHDiFVFgKa2cnvTx4dj1JMHmepXJz1BxtSGLpump,540,2258,249,0.31431897555296856,38,,,,,,,,,
EMZYjU5e9N5UQmfFJZG4B6wNxp4NTaxXau1UQtxspump,540,2258,252,0.31431897555296856,38,,,,,,,,,
3is5vKhH667c2nqL6SSMGz2nRY1qd4dFt6zJmt1dpump,540,2258,252,0.31431897555296856,38,,,,,,,,,
5FQZH7yHPRinpEyXbp1JewLfFAczB9NZqHGzfnRepump,600,2258,253,0.3618817852834741,38,5,900,nan,0.14053555605322132,0.07062626676027461,1.7702331600836771,0.4321006944411583,0.24400390855243453,2.57154643942258
GrAs31PptyTSVfTabfTbJBQZCcuKQCZjZZK5z96Wpump,600,2258,253,0.3618817852834741,38,6,900,nan,0.03625119841286484,-0.03648958172372674,0.8819502350384123,0.3794869968463138,0.2123442924115181,2.8003068271866067
6BhcSiLCmG1DZWCGmGBbcKVFtnkBGukzy1TjQTDcpump,595,2267,240,0.35586124401913877,38,6,900,nan,-0.18640523483861038,-0.20956289665461025,-0.2999296593268459,0.7767368290021596,0.25333429753280706,0.8181898876419573
DRrzocG3Ye5GC6RUd2kBr45ewKMMcPzd7ARVaMWBpump,595,2267,240,0.35586124401913877,38,,,,,,,,,
2Q7MTrjLhPKpnquK75kiFJdDZ9CFTddAUtVnyNEApump,595,2267,240,0.35586124401913877,38,,,,,,,,,
Hgfwz9d5iK7jNbnwhpmkWCn9dCJpYvcosksfBkZQpump,595,2267,240,0.35586124401913877,38,,,,,,,,,
VJdpSDDLof7HuZiNmsRUSL4YCncsk1FGiVoHyAJpump,595,2270,238,0.35522388059701493,38,,,,,,,,,
7Ru7kZdKBepiKF56vEfa1gEe6BNQCivYRzYQGh19pump,595,2270,238,0.35522388059701493,38,,,,,,,,,
udPEzBjbGMzYZbuLtByqLYhc4TEs6EebG8R7fwdpump,535,2270,233,0.30835734870317005,38,,,,,,,,,
BhY2FZWdqd6P91peYRqwZ4dA9gLV54CsGLCfPn9zpump,535,2210,229,0.3194029850746269,37,,,,,,,,,
QUESTP8xKMfot3ErcdfWXsHbG3kN9mutieAqrVNw74s,535,2210,229,0.3194029850746269,37,120,900,nan,-0.0015464442532328038,0.055757062942714875,0.05353349650109318,0.054361753684762724,0.0002470330720411291,0.08562843246818952
G9ALRz5jtq6wG7dijjsb1TvkGatwPNcnhbAGECVQpump,535,2211,226,0.3192124105011933,37,,,,,,,,,
HXD5YL3rwv1mrHC4giBkAb1pxW6ohCQppJsxrzJZpump,535,2211,224,0.3192124105011933,37,6,900,nan,0.29953835293902675,0.9461344461828662,3.0063984622120996,0.6082921805466067,0.2742979391269757,3.902080472043309
SypcH53HXjRX2hVM8ucJEx2hJgpo9HgRevXskVApump,595,2211,228,0.3681930693069307,37,5,900,nan,0.4469729187183511,0.18650428053373025,0.13557340101317839,0.558607277268071,0.19190057626037335,0.8096738277688547
GiyxNC3aPjQJcsu8baZkY9vtyTMShJsopYHguyFmpump,595,2211,228,0.3681930693069307,37,,,,,,,,,
FnTzTiWvTJugJP3HtVqtpWqj6MuGLk4ZM5TyfGJvpump,595,2211,228,0.3681930693069307,37,,,,,,,,,
DwxFHLjyjtrJcYCHiRkHzuRejVoummWhwnwHgML6pump,595,2211,228,0.3681930693069307,37,,,,,,,,,
E5peneUkvKstns3LYZCkq2mB8uCS6kL9dP3RmZNYpump,595,2211,228,0.3681930693069307,37,,,,,,,,,
EsqYneVWU37VHd1hVtN7A7hw5f4eMmBYAEVGm5eFpump,595,2211,228,0.3681930693069307,37,,,,,,,,,
Cshsbjv9kyFL8MMeGtUBwX8DbQp8cbfuRELsbY2Kpump,595,2213,228,0.3677379480840544,37,6,900,nan,0.09717610205017668,-0.0020230460494784497,0.32660003967256057,0.3997418549364044,0.15006212558978252,0.6728765723877335
KuUtSBFWLpUgr4sXPZ1CYzy1uU5F9eUbj9jcAo1pump,598,2155,225,0.3840719332048812,36,,,,,,,,,
BDXUaN4Bx6yaCBKAmCyGfdXd3UkRobiQwbV8mB1Kpump,600,2155,224,0.3858520900321543,36,,,,,,,,,
2mR2Fia66XTA18pdsgvn8EWubDwWbEbSooQjWkFXpump,660,2155,221,0.4414715719063545,36,5,900,nan,0.8185944444405502,0.5542036334013702,0.7843192648697492,0.7052755933751725,0.3521421087834845,2.4018195995105645
DgRphhLmctWfymig9YCggLAYmxn1iuzPxKrYRApupump,660,2155,222,0.4414715719063545,36,,,,,,,,,
9E7pJVvNrRthJdXsdXkrrbQuu5B3yekR51aAgzmqpump,720,2155,210,0.5017421602787456,36,,,,,,,,,
5uVwVUvzXsYP9Cc1sjRgVJE1zX3xfi3pArJNg9RNpump,600,2155,207,0.3858520900321543,36,5,900,nan,-0.25288706949169903,0.08934328305239281,1.4533072820725228,1.250167674657679,0.28174901288625276,0.11555065967203282
4wTsqNF9bbP3D5Em1qksiPufs2GDZsK5HapSvYiWpump,600,2155,207,0.3858520900321543,36,,,,,,,,,
De15pGV5Y13e8obRxj6VuVppRgvpnjUoRtnNtHy8pump,600,2155,207,0.3858520900321543,36,8,900,nan,-0.2250344433404179,0.06838476169220753,0.0729319708366627,0.54467973321852,0.28026491334973497,3.060512634914888
7XpUU9oVxfAsDxjSNvQnupQjhSsGywZCkoPZKzaVpump,600,2155,207,0.3858520900321543,36,9,900,nan,0.43532379076787797,0.1542450048321169,0.526708748885298,0.4025818288754053,0.31158406342543055,1.9714530311762548
GiAXHqgpNXcjMTRVDvUk2kr4ZnARePn8Zg7nCTTZpump,600,2155,207,0.3858520900321543,36,7,900,nan,0.10926203204566032,0.6552175606806663,3.1467239281412,0.5593967342978595,0.41959484419868953,1.6574054630584945
CQn2cYhvPCH3y3MHbuYXAR6eUxEU3YeBpckkzUVypump,480,2155,202,0.2865671641791045,36,7,900,nan,0.050451692110697666,-0.21556154107114,0.5306677471753951,0.5506221933292058,0.2720491188771223,9.711453115838067
2VVBKWfWTpAwdkDFLCz5SsAeZDxFrzmsKHvchLc5pump,420,2155,203,0.2420749279538905,36,,,,,,,,,
Gc59DcTqMALEPLqBnEtyv6TXg4funGBNknDvGgBapump,420,2155,203,0.2420749279538905,36,9,900,nan,0.04068413625229517,1.96847870195417,0.651243447447273,1.4007496043869987,0.585976495085455,7.573974215078101
HiXMPbH7q1nH1vnQNfd5zxH5uNYM3Lc2Y63YggH3pump,420,2155,203,0.2420749279538905,36,,,,,,,,,
DZ87Nn5mizyrYnHx8SFKgTTLPJQk6pktDuWpTzDoZKXM,420,2155,204,0.2420749279538905,36,,,,,,,,,
EgNViFAowCT6cZu2PVpDyVigQfR3AL9rXHXGWiT4pump,418,2153,205,0.24092219020172911,36,5,900,nan,0.16261407083292756,0.18138530415680454,0.11411097678500615,0.3571478251275515,0.11091947764923418,0.28389858746558394
9HLhhbN4uAEmFyw8xrszyGQ9PptWh5LZNQmzN6rrpump,418,2153,205,0.24092219020172911,36,7,900,nan,2.7322347328305283,0.6752200063834293,0.4050935113377705,0.9317160845387538,0.7169396794865888,5.211596469082408
26w7qBovfKv4zprC7wmPQx9McchzdzNoZYz7SXpupump,418,2153,205,0.24092219020172911,36,5,900,nan,-0.4798997965783789,-0.5093424478531581,-0.2349206573485879,1.944402783422787,0.20317385985240746,1.8239040157430328
DGoWnmZ5Ji457E7Wb9EWpmDYXSgvJ1wcNQ1Z6J3kpump,418,2153,205,0.24092219020172911,36,6,900,nan,-0.0590824660669752,0.13858386854616622,0.7089422026695764,0.7729135821560341,0.3543278018560684,1.0259243355364465
8A7LZkomdHFXr8M7wKWYnBfasWPVtrqhcMbNfAHwpump,474,2149,208,0.2829850746268657,36,,,,,,,,,
7RuKSuywEi3S4urccQXHgUZRGVYdspwQS9CD4KCJpump,531,2146,210,0.3287925696594427,36,5,900,nan,0.5134130235312364,2.0196870575444366,3.1470582096666746,0.8024694048642437,0.2555349167538954,7.7872279023649345
7AmrPqSoB9xyGRyWbN15iGSk7rEE1UVWfaSMogqZpump,531,2146,210,0.3287925696594427,36,,,,,,,,,
oW6jSvHLEqk54WHq88bpQjbYB9ZoKbkoNqN3j1npump,531,2146,210,0.3287925696594427,36,21,900,nan,-0.039495729919787004,0.22207068985478995,0.14877798404788622,0.41469687305161285,0.32934876508317756,3.8295391552811733
EVA2K6vSg4Fg11NfcqVKJbsVgiSxby68qLfcpn5bpump,531,2146,214,0.3287925696594427,36,5,900,nan,0.1194824773337575,0.48471788359631995,1.415219305746811,0.6372821391568414,0.12713304238982442,2.139207924905775
2CrafGwaXQ7tHgw1pdZG3CN6iiUsfeTaZeQA1tpHpump,531,2146,214,0.3287925696594427,36,,,,,,,,,
Cy73CHAHB4brr7jMT5ERFm7AtyNwLiwvu8EE8Lospump,531,2146,219,0.3287925696594427,36,,,,,,,,,
7bQQgwnNf1qPBdTcuouKtYthsHaGLxxs2X38fgzBTq2w,531,2146,219,0.3287925696594427,36,6,900,nan,-0.10302119391529607,-0.2512594069960229,-0.31890416414483125,0.4601564678438039,0.1504816862715937,1.5581134211784415
CNSpk125rafCfsWWCcVQPwnSg6REBe2ewwVF55qfWXTc,531,2146,219,0.3287925696594427,36,8,900,nan,0.11013296970508057,-0.0815190027957925,-0.39491288262305846,0.2071620306911782,0.21574491975183877,1.234023755210321
5rgXYZoaFXbc4L2ZUkV6V8iV66Jbd2w5oXL2XGvL5tsC,531,2146,220,0.3287925696594427,36,,,,,,,,,
CvjSaRcTmcrfutekYzrBEEdTWx1RmRTWDToqtXmCpump,531,2146,220,0.3287925696594427,36,25,3600,nan,nan,nan,0.0023162396467304447,0.29200040324584225,0.6699919735983181,1.719142324827995
4CwRX9ByUrEGuG8FxBKAsFpzFxMRmyEdVRBT8TZupump,591,2146,222,0.380064308681672,36,9,3600,nan,nan,nan,-0.2015234591398104,0.5568762881428163,0.8884258381392266,0.32708104355729684
22TEmBxE6CgmcmkvMJUBGvJTVjV6sdWTCJggg4sVpump,591,2206,227,0.36594427244582045,37,,,,,,,,,
HmNi2EqxYsmNBuwG9MJEWVidhFPPVmJpiWfYbBj3pump,593,2206,228,0.36763794172349656,37,6,900,nan,0.08238165412655829,-0.25534738209433916,0.05199934023132324,0.6002735713769304,0.2913255571599805,-0.059416802042020045
3ck4GcvQcmUqqKraKV3fK6AmWbpr9EE7fdqRPvYupump,593,2206,228,0.36763794172349656,37,5,900,nan,0.4045413598640606,-0.054228259169529336,0.701841415345694,0.7376553675893077,0.18640067172348387,0.2715921017972509
HSofDGkUAPPFFgAj5hGyJSQgeNaEB1BRKHbQgwp2pump,593,2206,228,0.36763794172349656,37,6,900,nan,0.10907026920932794,0.19812676519647,1.0192861722471704,0.4922855277110415,0.33202896874027504,2.137129380897322
G1eqTrFqbkQjxxQEgjhZVK1xqwcr64RMv9VBofJcpump,593,2206,228,0.36763794172349656,37,6,900,nan,0.4111419616222678,0.5382657084635658,1.0903303409728893,0.8516765713326998,0.4170065102122513,6.2281614971687365
5jg76LwAF7EUGdMV2iMYzYWPG2TtV8mYc3CgzJM5pump,597,2206,233,0.37103791174642636,37,,,,,,,,,
9oidz4okAdz1VQuqgaSZrJ7Uc3gJw5QVbZ73AuZSpump,597,2206,233,0.37103791174642636,37,5,900,nan,0.2124095402949684,0.4026902445217544,1.3606866161161513,0.7057339107422256,0.2696258185115798,1.2006938669766947
4HoUp5FkWNs69hoCNx7kEYJLFGN5KHSyw5xejfv7pump,598,2209,238,0.3711980136561142,37,,,,,,,,,
9uZGenBKKUXbCqM7Uh9jtTtRajD3PzHHyZmrAGBNpump,600,2211,244,0.37243947858473,37,,,,,,,,,
EaBqbGuAum75JSmAAz69bFyce16sP5aVyCgc9ELypump,600,2211,244,0.37243947858473,37,,,,,,,,,
8mCt5QnoD4izGiBncq4C2kkzPDqJNwHY9twnxiAapump,600,2211,249,0.37243947858473,37,5,900,nan,0.10033907641821083,1.0382590220128223,-0.24773125120061423,0.6193428150137584,0.10837802596522775,9.137742645949105
6PPs7ZS8ypxutdPj5wQeHStQCY9iNU7evxRVTu2Qpump,600,2211,249,0.37243947858473,37,,,,,,,,,
GrHhWhMbEybuHj5MQEGa5aqVjUcT84kYmJqf2NLfD4FM,600,2211,253,0.37243947858473,37,,,,,,,,,
5fkE6w1Z6p3LSiSGnmt7pwFANi6pVKcyyM8YiicSpump,540,2211,255,0.3231597845601436,37,,,,,,,,,
2RWpKFmjqSP6D6whjz7eXsytTVL1Ac4HJitSVZX3pump,600,2211,255,0.37243947858473,37,5,900,nan,-0.10605642723936415,-0.5433668926632143,-0.07857779241523921,1.5014784983415292,0.11783870768483826,0.5544293737986339
9GL25zPgvXcm6WtUQ5LMjjVk6CnEt1tKiWK6Dy9bpump,600,2211,247,0.37243947858473,37,,,,,,,,,
9KDiVdJy4jzCCrKgvJuRVqSwmEEzoemtATkYFjnWpump,600,2211,247,0.37243947858473,37,,,,,,,,,
DwtXVuEDi4jsjjdWqC54ofPdRWKpkm3BLDEP85WRpump,660,2211,245,0.425531914893617,37,,,,,,,,,
AC8jUD8j1neSZzW3oZgFZ1dQHhqdNoX4f9gV1SRHpump,660,2271,251,0.409683426443203,38,5,900,nan,-0.08619657255187929,0.15019490855645135,0.2629424784254517,0.4345295649948333,0.2427858442755498,1.9548604814231276
EhWu6QbyMzkK1fYTHRqrRnSLFEyPdenwvWkw5GQXpump,720,2271,253,0.46421663442940037,38,,,,,,,,,
Bn1Wy74owcLz85BAmb5VVHh22Rf7BDuSf9JJKdvypump,720,2271,253,0.46421663442940037,38,,,,,,,,,
7U6ggMrnprgUZfhyW5Rhm8gVRqqzj6eEMHwG75wjpump,720,2271,257,0.46421663442940037,38,,,,,,,,,
F2Q3gTKvY3KemFLXb33Unt1QFtt1n8H54kKFqnqjpump,720,2271,261,0.46421663442940037,38,,,,,,,,,
C6TTFtfzmWRymfR5xqXGwepayteeGjvj6KVnu7gs7Lf3,720,2271,265,0.46421663442940037,38,9,900,nan,-0.08735104941552607,-0.19623605066322192,1.4760709652178807,0.275492262441881,0.030856070138068185,29.221159697309716
6VNy4YSvkwPVDZqC1JFjPZww5P9TUAkUUBzYnMVUpump,780,2271,273,0.5231388329979879,38,,,,,,,,,
DGX9HZznvcyiBAyVCPKZuof3Qb7XayvWgMMJbJJhpump,660,2271,281,0.409683426443203,38,6,900,nan,0.2609961397014382,0.34311062375589896,1.4586786119179669,0.5237110122986106,0.27222148950915104,1.5778480880547527
GYFGQXcUFSgGs34BpHJuxSzjMMponA11x28n9pvApump,660,2271,281,0.409683426443203,38,,,,,,,,,
DYa7Rcnsy3XoYwh1ZLseMdcAQjBE92pQe4enpYDNpump,600,2271,282,0.3590664272890485,38,9,900,nan,-0.7224421573790445,-0.7058084192401941,-0.6965792015402709,3.445911658171501,0.3363115743623377,-0.27475073597020183
5NTsropykvFMWgqsbq3JYRicnKbJfPU8PYRx1jgfpump,600,2271,282,0.3590664272890485,38,5,900,nan,-0.6348973049971204,-0.6961513493944654,-0.1974004325628277,2.563349158533285,0.27646624924325564,-0.2482515779572676
qXzaQRM9D9qJq8z6cJSTtTKpowiZHr4BD4RMU4dpump,600,2271,282,0.3590664272890485,38,,,,,,,,,
7Dxr19j2PHovdocuQfvySft7M2XuP5pr6x8YAWHPpump,540,2271,286,0.3119584055459272,38,,,,,,,,,
918p2GRyDLkhsRvtAHaKZg8yrP5kXSe6CYustqTcpump,540,2271,286,0.3119584055459272,38,5,900,nan,0.21636875082080853,0.7285421664251466,1.7383106306924434,0.6770641913647781,0.2297853713839942,6.667532257503536
6LeCYgva3n6LZUxEDc74CabngyGXDzbGRxi4pqxppump,480,2271,290,0.26800670016750416,38,,,,,,,,,
DC9UJKFwVbP2G5msdqgedw1NDyqTx1XAN2KQG7Eopump,480,2271,290,0.26800670016750416,38,,,,,,,,,
EjAuFtMEP6LQDgLb11JU9bkcskhFYbgd9Q5NRXJppump,420,2271,289,0.22690437601296595,38,,,,,,,,,
HCrpPqRJNd2JUNnhsueXQTQZDkDbfXYDzgmz5tS9pump,420,2271,288,0.22690437601296595,38,5,900,nan,-0.07396762429331205,-0.1213432692917602,-0.5180736243161531,0.511999790446742,0.2585752104319765,-0.2753551842204578
5xC8SdxnMx7ToMd4foewMsxGGQ9zTVu7mUJxfnPCpump,480,2331,298,0.2593192868719611,39,,,,,,,,,
UPwxM8cK6u4WP8dzs7T3oAKgJQVQMaGSixakKtkpump,480,2331,298,0.2593192868719611,39,5,900,nan,0.12210443262494208,0.23561082039114267,1.309936224984861,0.9811856471250968,0.313137146499402,4.659924127048498
EeJRS87pgqDQew8JHXS9RGBYjPANhXEFNfqZPuoQpump,540,2333,299,0.30117122141662017,39,,,,,,,,,
BrNL67ABCgRpb23w6VsnawgJ4L6FT91GdPRZp4phtyAc,540,2338,302,0.3003337041156841,39,,,,,,,,,
44xUtxq5pRFFpwjRmdsEM3KiGhqMVoBxgsoXdAyXpump,600,2400,308,0.3333333333333333,40,5,900,nan,0.5383660165892343,0.4734018831346032,0.6285311614224678,0.5672083511221989,0.25740802553076303,0.9507007863771415
Fh7mLxtPAysdvHcMcJ37A3vc6WvBVh7JVDwxmwk6pump,660,2400,307,0.3793103448275862,40,120,900,nan,-0.013114978093735297,-0.010800711532018337,-0.012975282267411958,0.013289266533200042,0.09711179443793701,0.09119734119790679
xbwGuiwLGxKEJEwUye5t2KU1SMkSbwCVzUbr6jmheBn,720,2400,304,0.42857142857142855,40,,,,,,,,,
654ZBNYZ2oFgvvwkdQYa9e5s1jeQNHRjSvocEy1Dpump,720,2460,312,0.41379310344827586,41,,,,,,,,,
WoFihq2bf1wdxxwzzqKAGh3VCtf9nP9AamsiTqJAtxH,720,2460,312,0.41379310344827586,41,10,900,nan,3.470521879855859e-05,0.0015419867259811593,0.0013320128154057365,0.0015396126636906386,0.25436437374778714,89.25025607761516
7oZ2V1p8Mvmc6FPCF7S7NqYWr8cntWLW2kmDBLuSpump,720,2460,317,0.41379310344827586,41,6,900,nan,0.45362855203950314,1.0743207211918464,2.9482681512035738,0.8976840096341706,0.20789581185515155,6.196638737144671
7zy8gnGthn67mNzP56Hcwwzhp8Zs4edHJdn6evxHpump,720,2460,316,0.41379310344827586,41,,,,,,,,,
CUK9aGqcrKCu6zNNR7dqZXDpHjRCMGTzTyXCFMU3pump,780,2460,316,0.4642857142857143,41,,,,,,,,,
2yGsvtnYAgdBpstEkJRLacc6jfaszHj9bU4FzuXNpump,780,2520,322,0.4482758620689655,42,6,900,nan,-0.34541564629019383,-0.6973074270086661,-0.530755430942319,2.491643514173067,0.2873056834009431,0.43047688234762815
FxoSCwn1bBi3PvmHMmxHEyAnzJ1K1KXqWNyaxHXRpump,780,2520,313,0.4482758620689655,42,,,,,,,,,
3CK5Pc932qrsX2Xy6qJohuYvytgL5wTDsDe1kx5ppump,780,2520,313,0.4482758620689655,42,,,,,,,,,
6sAXF26gCZfkGX4ykgE6bAgTzuEwdxzZo7b7V7ENpump,780,2580,318,0.43333333333333335,43,,,,,,,,,
AAghwLrqvKjZHb28nqhDKy7yJrzT6KgknCioVh6upump,780,2580,313,0.43333333333333335,43,,,,,,,,,
7h4DYp3SCCVtJXfXtuH2ru8bdvCkJwpYuKrRe2Zhpump,780,2580,313,0.43333333333333335,43,,,,,,,,,
EgzT5fP6131C5EEqZe58nXJk1bbD5v7GetJFR5kpump,780,2580,313,0.43333333333333335,43,7,900,nan,0.1977471577690677,0.30997265747577374,0.08166008649547485,0.2859422232094835,0.18595446492507195,2.2172304439171135
9ijhsVMAe5YasK9hhPN655eM1nMB5k4jYdDtX2fFpump,779,2579,311,0.43277777777777776,43,,,,,,,,,
BUn5TZQtF7N7WCsSPf9LWEejoYTiySJkZnPFvd76pump,779,2639,319,0.4188172043010753,44,,,,,,,,,
HGjmGYKw4EL9JZrrA6yWyvB4LoN4XtbLQkWYX3e5E5vP,779,2639,319,0.4188172043010753,44,,,,,,,,,
2LkYkeDcGRZ19j5EQbbHvrjk2XFBeGjPUbXy2D5Cpump,779,2639,317,0.4188172043010753,44,,,,,,,,,
BXrMigr38tUb2LPiVFDYzPt4PyWguH4hqRcjXc4mpump,779,2639,317,0.4188172043010753,44,,,,,,,,,
JAWFbz2FDLURWvJGTj3uA9DiKQBBsDZHqm4NCnAepump,779,2699,326,0.40572916666666664,45,,,,,,,,,
DdyPH6rwXHeAk1QFr6yFHpxg5HkmsK881HXyDaoapump,779,2699,326,0.40572916666666664,45,,,,,,,,,
5DLJu2UgaLXWqRehryDZxisS6voRp2wmBaXvhfsPpump,779,2699,326,0.40572916666666664,45,,,,,,,,,
2jLyapf4bU2xcMWQZtmM2AUQSCsSEwRkxYKixEugpump,779,2699,326,0.40572916666666664,45,,,,,,,,,
4hBjqFqmGT1rj9YvgVcoXPxLWgnvCSPfFumHDpWwpump,839,2699,326,0.4510752688172043,45,5,900,nan,0.029636028388108304,0.19060821983574994,0.46288751377190374,0.5419999035108969,0.19009371538363132,1.6924282606247925
8DwgzQeTfFkcqmytqmEGZ6ttAn8EadRLq8NgL1GZpump,839,2699,326,0.4510752688172043,45,,,,,,,,,
FW6R4QQeP4fzqRwDHbBkpjHx3ecvYwhd5g7chKg8pump,899,2699,326,0.49944444444444447,45,5,900,nan,-0.13536579298113693,0.06878894032609573,1.1874426430729148,0.5327356463325544,0.13734592308197804,0.5881232152714475
BXhsR8dnacXoKLJahfm2NnRuXENNufZDQrZLV4kpump,899,2699,326,0.49944444444444447,45,,,,,,,,,
3M9mwjx1Z7RmCUuNHx8DUpiaqCgGhKQBKNaa5bXTpump,899,2699,326,0.49944444444444447,45,,,,,,,,,
DFz1x1pedB3DUM2cwWdgqYmGhjRvQkneHBj1GEm4pump,839,2699,330,0.4510752688172043,45,,,,,,,,,
D931womcrNwEUxf5khyPAWnxz5PXvz8VdfpR3eQYpump,839,2699,330,0.4510752688172043,45,,,,,,,,,
CUz3n2VjRArmj8LYTq42Vie5LjnfyXkvfLb75ARBpump,839,2699,330,0.4510752688172043,45,,,,,,,,,
2B1DmRh6G3Fy7tgNHXeA4z2FgqdmEM2mEwQcMBdDpump,839,2699,329,0.4510752688172043,45,5,900,nan,-0.004178320287120063,0.37596852075402776,0.4303267258027059,0.5831508782100424,0.22164983256182133,2.1099915828721576
GZBxyrYtnewK7298kcMooczGgnCrDL6BQjfZCf1kpump,899,2699,334,0.49944444444444447,45,6,900,nan,0.1121687222709915,0.4896654555555009,1.0571900124417057,0.400466079330301,0.2816400224986628,3.4428565994775058
AJHqMoBpMpujUnbE4vSmPbBduzJBB9GZyeuqZ7M7pump,899,2699,334,0.49944444444444447,45,,,,,,,,,
4W9tjQc16hFpL5jbGLajnyyonMhft3QtKtHFQGW8pump,839,2699,335,0.4510752688172043,45,,,,,,,,,
GzMGdjzn4JPUWGKUzhA34PHcqVXGnKm6Se2rjCqWmCCt,839,2699,340,0.4510752688172043,45,,,,,,,,,
3uZpCyWBrCyvL4BMVgtgtxiPJm73fzxTegxrwUu8pump,840,2699,344,0.4518558364712211,45,,,,,,,,,
FnZfD1mVTDMcNs3ExCjpK9MdBosR51QJQmNF54UBpump,840,2699,344,0.4518558364712211,45,,,,,,,,,
d8ed1gwSmD45qwEK5wZGMb1Kh1MQ9PXipKsHevtpump,600,2699,352,0.28585040495474034,45,9,900,nan,0.020396672439909613,0.0354194629265594,0.27298375327843827,0.14623722099061223,0.3824361386599257,8.101399210122798
4978aTN9W3CDuUREGxAQaBYqhPXt8142N4o4Sfgzpump,600,2699,352,0.28585040495474034,45,,,,,,,,,
FraL7qvcGGSy93vs7xRwJPdyu214iCa6CsuV1Pn4pump,600,2699,352,0.28585040495474034,45,8,900,nan,0.25684849410289856,0.43038559012130095,0.9467469918111755,0.44268347482504866,0.8561325829596492,1.7641713050217862
8FNsX6k1ovm6uqZZTj91q5ip8JxHRt37qf2A9Qsgpump,600,2699,352,0.28585040495474034,45,,,,,,,,,
XVTWySJscWWGf7rasayZ1AL9m85SYPWX8CxNxxppump,600,2699,352,0.28585040495474034,45,,,,,,,,,
Gh99PvKLnm9JBC9t4udunTgBvkAxCnyBZby3N6Atpump,540,2699,354,0.25011579434923575,45,,,,,,,,,
BKaXDgZxUSC9njpX89xpQ5USh2pnK1yzZvgk8Mg7pump,420,2639,346,0.1892744479495268,44,7,900,nan,0.49624571426903086,1.0846614371301002,2.3771091412788334,0.6788354970807293,0.4600850764228505,23.677028885050728
HBoNJ5v8g71s2boRivrHnfSB5MVPLDHHyVjruPfhGkvL,420,2639,346,0.1892744479495268,44,,,,,,,,,
DvVXHjpUyAunQFry3WjsLnZnriZ9QyzwiZ97eJQCpump,420,2639,346,0.1892744479495268,44,,,,,,,,,
EKSZLgVMFzwBbBgteCJFdaZig8G5g4TkNNkWMA7pump,360,2639,346,0.15796401930671347,44,,,,,,,,,
GVqEasmDypXNM3LFYXY4h8uXaE8ivoZnS9AJCZyXpump,420,2639,347,0.1892744479495268,44,12,900,nan,0.11812767343370312,0.6914173105720545,0.5882324410157376,0.4103000953811588,0.21697257221710178,-0.09000195034378777
GCP3qLdpfGpjS5F1afwDwrTSZpuKktz6qVemfpx1pump,420,2639,347,0.1892744479495268,44,,,,,,,,,
7fmHqRpJLgpVsJFTvrv24CEjkz9c4o5uVX4Zdur1hz35,480,2639,339,0.222325150532654,44,28,900,nan,0.5751142528495488,0.5027195841015253,1.8475500358760413,0.6485202107379312,0.19480470588316304,35.69009486030181
J2hyZSVokSTuy3bG85A5xfs3umCeGtqZZEdKtGTTpump,480,2639,338,0.222325150532654,44,5,900,nan,-0.2264678472558378,-0.4587198310221754,-0.12580982113096284,1.0882919084260467,0.11245209761116018,0.2397009526422038
2WXUVeGq53qJ7QZacDWNRhyxsomCsZeBNsfYixY1pump,540,2639,339,0.25726536445926634,44,,,,,,,,,
7sAnqhZvNCVKqc3Jj6QVDrdqtmnZJY3NePgXTqRtpump,540,2639,342,0.25726536445926634,44,117,900,nan,0.005078955571088839,-0.04979942579169727,0.22020224834123292,0.31858521056475425,0.3536956185668105,10.061871520955394
G3pi7rdWYy2U6TtiEbSwh8mHwXn5LpX64h1whupDpump,540,2639,342,0.25726536445926634,44,,,,,,,,,
7hDD4AQKVaWxSd4AKfELpSYEULraNvFns8y14SCBpump,660,2579,340,0.3439291297550808,43,,,,,,,,,
7S8tqYmatHc2UkpYXmpEiFCecHCF1N8ABNL6UYFFpump,720,2579,345,0.3873050026896181,43,,,,,,,,,
C8WeLr31vA1EmwD6yBsxBL3DsSpJLCx5XsmFFbuvpump,720,2579,345,0.3873050026896181,43,15,900,nan,-0.22741874247111682,0.01739204619453849,-0.08834789745550997,0.5578102350293052,0.3132146137337208,0.27672419489789024
4cvZwC17oMiUA7peKX5GhbaUWv4U5Lwrd8118xnFpump,720,2579,345,0.3873050026896181,43,7,900,nan,0.45507342023686004,0.8235501699884675,4.114797332513735,0.48120405835066643,0.20541621542822963,17.702167891337837
7rj3WNZLK1iU1uR4YmH8xTLTq8FGSw2a9tQwdwqQjedN,720,2579,348,0.3873050026896181,43,7,900,nan,0.40386834311032516,0.05048515627848027,2.052985880289505,0.5688461000046338,0.15619539293221912,4.177462604384286
DkdeMtqaaRY3kNHRe1v9gJKeGpyP1PXe5TrrRkWspump,720,2579,348,0.3873050026896181,43,,,,,,,,,
GBxoYLFsX4ZgVifmYH44gMg15ChPoGPrBnsezo2Epump,720,2579,350,0.3873050026896181,43,,,,,,,,,
CmcEhy1rfCG4BMtEdnZjPRfqpr7yvjcx6VavVGGnpump,720,2579,350,0.3873050026896181,43,,,,,,,,,
5BLEcYuGrQVznBqnkaY7u2z6GHNSPhHkXZxJLkoDLeek,720,2579,350,0.3873050026896181,43,14,900,nan,-0.1966749129750618,0.275273993037072,0.3420082452075546,0.6654537178601365,0.3370371615941274,2.3588611815438307
C3bajJW843KN9Uu441JkXN7zVMs4VM2HvdAGyGiBpump,720,2579,357,0.3873050026896181,43,14,900,nan,0.32386318045382834,0.7565411503989337,4.267226891792197,0.8595376719934927,0.36332130484559266,9.762259025076046
FPi4Mt6cAqA3riPS72L1TFrd9eAbxP8YF7EXt1szpump,780,2579,360,0.43357420789327406,43,,,,,,,,,
4JEkMTE8yewAAea8AZvSKLW7J6r8WLLVrmhCLWtPpump,780,2579,360,0.43357420789327406,43,6,900,nan,0.32808131774802485,0.31873512289460537,1.1796558059151496,0.41893237561405394,0.23606580973762437,1.2124450312483006
Es14VgLestfPFeG9nmvn9Ye1xTRaBNShkNvDikxwvb9v,780,2579,360,0.43357420789327406,43,,,,,,,,,
Dmv4iDf89mxkLh4kwSQ4wFs7VeHoEDADeRm9Rw5pump,780,2579,363,0.43357420789327406,43,,,,,,,,,
AuWsWDQxDjqAzhT62z73PWZDhzCzcEuD7iKfytN6pump,780,2579,363,0.43357420789327406,43,28,60,0.11742639999082871,0.21749375025397955,-0.07650574260483811,-0.07650574260483811,0.6149944326398253,1.044702287798206,-0.07650574260483811
33Rz4AQpQcbUkwGJ993mnD1LgEbjRscrAv5zcdTxpump,780,2579,363,0.43357420789327406,43,,,,,,,,,
3LhExM1v9JFoM2ZHQnXvBbuthSWa96Yc2ubhPYw9pump,780,2580,365,0.43333333333333335,43,5,900,nan,0.06914425957040904,-0.1255006276936571,0.3384132800559665,0.5251385279131286,0.14472700288308554,0.6523393078267021
DAujm7LtjCoUGTu7MzVM51qHqM8CyNKYdEB7Qdrupump,780,2580,365,0.43333333333333335,43,,,,,,,,,
5iMdqvTu7NqYVsxHZnqMshp2ZVejQicWHA8y5gv4pump,780,2580,365,0.43333333333333335,43,7,60,0.31306666204906897,0.44355627782624873,0.44355627782624873,0.44355627782624873,0.3398050670476783,nan,0.44355627782624873
9WdDJ65qfL7c9wv5sf2nKFLD67rzA6w9NwF4Tw83pump,780,2580,367,0.43333333333333335,43,10,60,0.2705556079878364,1.0461857779263837,1.0461857779263837,1.0461857779263837,0.9795120837448206,nan,1.0461857779263837
ErWFD2gFDxxvvo2bVY9PLS6cNqP5EZtRz8PjBp7Epump,780,2580,371,0.43333333333333335,43,,,,,,,,,
HpQhjvHw37xitgSTJvfV43XCWcnG1hh7ZDztCBCi39pn,780,2580,371,0.43333333333333335,43,,,,,,,,,
3C8uxrxJBF5XH9ZgdRxmrMqJCbASFSvBhmPRfqXjpump,780,2640,382,0.41935483870967744,44,,,,,,,,,
FV3w8mVtaSkVqUELBzYMaSagD821ZVduPf7hA4e3pump,780,2640,382,0.41935483870967744,44,,,,,,,,,
9ddBkYDHiqVvxecCG7RM6Tmen9fTeTPPquhLLwTopump,840,2640,384,0.4666666666666667,44,,,,,,,,,
AdYHGgcLYCQSpaSuJPWNJsMKE9RoFQFiBkxr5x88pump,840,2640,385,0.4666666666666667,44,25,60,-0.0933208379621645,0.0721351984514047,1.3174324311129104,1.3174324311129104,0.8869035107353709,0.7975575721560569,1.3174324311129104
215UoqLTUoW75bsck1biuUhMLQKTNBG4kRUPPA7tpump,840,2640,385,0.4666666666666667,44,28,60,-0.07558218631569036,-0.25763286128317875,-0.2339840496693668,-0.2339840496693668,1.0898331654517335,0.7105886003562266,-0.2339840496693668
HwUoczAW6sV7deh4hCPHcUBsgxtBA7oHBpyMBpGBpump,900,2640,384,0.5172413793103449,44,10,60,0.4348688071452693,0.8150115506652167,0.8150115506652167,0.8150115506652167,0.5285351210295727,nan,0.8150115506652167
GyrPx2REsimD1akdvUZgj8NHxCK7Fer8sbSSD1N2pump,900,2640,385,0.5172413793103449,44,21,60,-0.41137613355072833,0.9196229045765298,0.6893401609265712,0.6893401609265712,1.9316687157833894,1.7449351451691486,0.6893401609265712
BeDmy2E3dc72eTmdzUpHLqkDMJaEagy9kqEaEHjBpump,900,2640,385,0.5172413793103449,44,,,,,,,,,
2o5nokFpVgYkw2gXC7qMpxyTGV3WFPRUx7o2WDQfpump,900,2580,374,0.5357142857142857,43,24,60,-0.19451533611986338,-0.3135599571065951,0.8261381420181042,0.8261381420181042,1.350150574333727,1.3997444057049466,0.8261381420181042
AJvN8udbYbASjPr9CRXhL7o1XmctdFCbhXfo7XFepump,900,2580,374,0.5357142857142857,43,,,,,,,,,
3MaU6uQJWtv3S3d8M9VL6JHWRJE6JwSEXCxDV6wcpump,900,2640,379,0.5172413793103449,44,,,,,,,,,
FxkG9P5Pn6djkfcwn4LTpCGomuvjPFVnrkFVvHXfpump,900,2640,379,0.5172413793103449,44,32,60,0.11583320407472786,0.4376573264260255,1.0055398937121534,2.0419847597210454,0.832368248488765,0.8255089477083651,2.0419847597210454
8atwAU9zEKuwooVoXV2aM1aKEH8WfftNFBWGSvMDpump,900,2640,380,0.5172413793103449,44,8,60,2.155304005661031,7.000109886189911,7.000109886189911,7.000109886189911,0.9263603831702002,nan,7.000109886189911
12SFro5AeU3z4b3exEpLczbwcm49EvwU312j1JvB5ogi,900,2640,374,0.5172413793103449,44,120,900,nan,-0.043921941225385286,-0.07565396077468745,0.016080243820084217,0.1887735012664546,0.1345018868081853,0.5104207781434202
nWnDYs4dR57Cek8nsK1W8iWEqKiKZE1hW1CLvP3pump,900,2640,368,0.5172413793103449,44,35,900,nan,-0.024550496243937903,0.062270540930391194,0.03028871322796789,0.13139444468542452,0.2930100693106405,1.0348734713996262
4YTQ2bmCycn4vLiKWjWLe8swEFDWkxByJDE2uCWUpump,900,2640,368,0.5172413793103449,44,,,,,,,,,
BVeW1Yzs5QFzh86YX8MY8VGdXC8r4mbMkF9ygGCVpump,900,2640,365,0.5172413793103449,44,43,60,0.03446813605774235,0.37830769155878374,0.6283894699332142,0.5981067801903912,0.4830286606948764,0.4187319125279686,0.5981067801903912
2QFVUpLtMB8QVfteVQuWnxtc1mB1GV2Pa4R6D5gRpump,660,2700,366,0.3235294117647059,45,,,,,,,,,
3Zogtb9AgUrXyG9YW2dnmFfT1xYPFukxmxqqFfAHpump,600,2640,351,0.29411764705882354,44,57,60,-0.3121570337709695,-0.18706006026027955,-0.34768834733240117,0.10690913064317198,0.7700174838459002,0.07575439965645772,0.10690913064317198
GnWgtFHNbv3CEFm1LtDAWTx69UuLySs7J7S5VNAupump,600,2640,351,0.29411764705882354,44,56,60,-0.24758178887318583,0.032401837403126965,0.7643414442495209,2.053441384322324,0.8893521096932543,0.3097597726154454,2.053441384322324
9CjhM6w13YTqyVjHFnZ1TyCHCh4xaBTuEX1QFspdpump,480,2640,347,0.2222222222222222,44,68,60,-0.17021318847275824,-0.44441642443249485,-0.6254229801944198,-0.1359760035830846,2.995885872864872,0.06868100088645276,0.6172512192065742
DRWnf86Z2MjdMGLq7LFSF875iK9Ajo94RVtjK4owpump,480,2640,347,0.2222222222222222,44,,,,,,,,,
AALr9xpQDrE2cP5v31qLbx5xA9XEJnKMZVJiCugrpump,420,2640,344,0.1891891891891892,44,5,900,nan,-0.043473906040262134,-0.27961621697383165,0.20480943249800587,0.5617048567284219,0.14917281440036134,0.8975370930467221
66ZEoQSgY3g5KEijP8ZUucth9ZmrxwYg8ngzwgP6pump,420,2640,344,0.1891891891891892,44,,,,,,,,,
HLScXDXbyULoVe611BhcoYuYowHu4ycH1t4YBkVFpump,420,2640,344,0.1891891891891892,44,,,,,,,,,
2JquisPdmWgrLAVqPCboHfaJEWBbcFq3A7PJSvbxpump,360,2640,343,0.15789473684210525,44,,,,,,,,,
4ziCBFjaByxYmfaXoPgzBTYxLj9to6KpxnrSsGJepump,360,2640,343,0.15789473684210525,44,89,60,0.14458280026440828,0.22897811883563168,0.025220500313004157,0.9086883032339865,0.5738015707273045,0.23573505599397251,15.729807756696008
8kiFjBVtj2oDn8dDBRnTMJALvvMMCWtrUccBHufDpump,360,2640,343,0.15789473684210525,44,6,900,nan,0.6107584791184224,0.03719182858354775,0.8370950022448886,0.8990176989981588,0.34410258738861466,3.792727881059643
CHUUnzp36ZSJbUL6d2xZvu4bgNpuK4s3Q7ECgHZApump,360,2580,333,0.16216216216216217,43,12,60,-0.14201151663919587,0.0998124747739324,0.0998124747739324,0.0998124747739324,0.6033225635078748,nan,0.0998124747739324
HUPvAoT8ZPCwPY7om6n6Zp4YufunEhTLamLWzpv5pump,420,2580,335,0.19444444444444445,43,,,,,,,,,
DBvU4CDo5RpWU9htYbXXowrvNYD9nFgJbDVLLNYXpump,420,2580,335,0.19444444444444445,43,30,60,-0.03773771145669336,0.4613498198680217,2.090919670789114,2.090919670789114,1.0138051266315988,0.7078718965638067,2.090919670789114
8GigNuJwZNixuECrF22cssjHMaBr76nyZFXb3c46pump,420,2580,335,0.19444444444444445,43,29,60,0.3621537313921279,0.2502025858653949,3.2553212388157657,3.2553212388157657,1.1334998508826506,0.8355349663282883,3.2553212388157657
ARRAFe6ypmUGPWQVBiQQauzHiwft5cgWxrfuavompump,420,2580,335,0.19444444444444445,43,20,60,-0.3248558774417688,-0.09135069254312622,1.1755629381412667,1.1755629381412667,1.6575560319723321,3.52828928507763,1.1755629381412667
4qHAqsakh8oBgDpSHccmPHV4rPZDq1MgrQnsZ1QZpump,420,2580,335,0.19444444444444445,43,9,900,nan,-0.0634974864758101,-0.07406703085651967,-0.055757486080274865,0.2829638434378038,0.3924157184848902,-0.1517260908007756
4JGvYrTbLw8yUduczE551CxCVbNbES3r448fM64Ypump,420,2520,322,0.2,42,60,60,-0.03994443506479839,0.20687426571830247,0.30188210569736396,0.5187319889657436,0.9229439306372189,0.269660862471128,0.5187319889657436
77wvPgk8otNJNsXbCs7nERU8fxh4sgGeouzEVP5Zpump,420,2460,308,0.20588235294117646,41,,,,,,,,,
6ABMQVGdHCzrmTdj31eZFctPtrsXT7LJZ8YGRc1ypump,420,2460,307,0.20588235294117646,41,6,900,nan,0.02484065443673167,-0.12091808947743887,0.10889813320150221,0.7357732511729352,0.2867522915663202,0.3184092593518697
BXs1GwKmoXoSHqWoiyTrSoeUBpJKbjNXDpAtjPT2pump,420,2460,307,0.20588235294117646,41,120,60,-0.0425734567849424,-0.06433747784723365,-0.07340543597961235,0.033981619406200814,0.18483185041235184,0.24126864701926465,0.19106920545571815
9mLT5GfEoD7wSrwAoqAMK8y53cQKeBwFoUk8Y1Epump,420,2460,307,0.20588235294117646,41,62,60,-0.07850898010109131,-0.17424793689806695,-0.1795568598036068,-0.11064806073582756,0.48987006963575896,0.08971636403969338,-0.02190046119749056
CGmBrG4GRiMvFSGaEiB7cwEd9uDYiqrXzkoyR2Qa3KrC,420,2460,307,0.20588235294117646,41,,,,,,,,,
BwJ4jiFVWXiNwFnA9DJvWkyS1E65EFRNV1uETJ3Bpump,480,2460,304,0.24242424242424243,41,24,60,0.3074340818843193,0.2302775705202993,1.6050882570681329,1.6050882570681329,0.7824304600085492,1.130581198136592,1.6050882570681329
9HHTQ7YMx82E987cNqF9KczyZrfKgqvKNyA2yHSVpump,327,2127,237,0.18166666666666667,36,102,900,nan,-0.1502996063050447,-0.14019210232527235,-0.19721660465996782,0.2446962614942456,0.23034140569060946,1.8904129724514562
82oCCbBEjBhj7o5FRAHdB3ysVaTBmYTLiPUoYJ3fpump,296,2036,223,0.17011494252873563,35,22,60,-0.2538875652183431,0.2106548982877936,2.0986306291982353,2.0986306291982353,1.1199393770797996,1.336872211882814,2.0986306291982353
HBDkJT9kMc12usUrcZDpWyfr7kvTTEfvbeyofL1gpump,296,2036,223,0.17011494252873563,35,,,,,,,,,
GUt3ebbJm6SJCvpa8SfFzZe132a78qZDyc2yXAP1pump,296,1976,217,0.1761904761904762,34,19,900,nan,0.09428898185300882,0.021788001137946322,0.2699268693882122,0.17748397296509497,0.5386662051621568,7.8923710878754925
Gd8JxP9W2i9ccnC6psU7gVbVzE9DHHYwNgVtQ3tWpump,296,1976,217,0.1761904761904762,34,,,,,,,,,
8iwHSrQiWAdsB9w4eJX38Bp2gVistxpTtTkesADpump,296,1976,217,0.1761904761904762,34,69,60,0.19544738576887055,0.7169581355508308,0.0676626507032787,0.7981701041305655,0.7357367800540718,0.23432596915371542,4.78545106843612
9tuuE5PgGEkN2g9QoJfTrkuCGroDdPNwc7wRncF4pump,296,1976,214,0.1761904761904762,34,45,60,0.22887919222955033,0.5645932132918821,0.8646128223375344,2.8065901874852903,0.549527698730627,0.3334523522061142,2.8065901874852903
BB7aqj7WAwrZNUR3dLT5gLMVQg2pjUpN946MCXSJpump,296,1916,199,0.18271604938271604,33,27,60,-0.36565943721633065,-0.3468683596612633,0.7553263573428566,0.7553263573428566,1.2361378110247296,0.791747852144365,0.7553263573428566
AP8Wnu37Gf9RHgugPKGvpHe6LcTE2yp5GDy7pL5Upump,296,1916,199,0.18271604938271604,33,,,,,,,,,
7En4udXkF45E5kd2FSk4WKYSCYksdzUwMk7ocuAUpump,296,1916,199,0.18271604938271604,33,8,900,nan,-0.0401667029088697,-0.15394194129996475,1.063023082056,0.4655972879952477,0.2602379464284259,5.2131814316465075
6XPcEY6XbhjKmfnrvA3y6QQvNp4rYLV6v3Hm5b4Mpump,389,1856,186,0.26516700749829586,32,7,900,nan,0.21193171633706043,0.45404033412852307,1.1383994204687453,0.5466254704124013,0.18602515774646938,2.385565665575795
DFzboGhkFF9jPM4nPToBiLNWkukwoZBKQKu5iJnppump,389,1856,186,0.26516700749829586,32,36,900,nan,-0.17699087705074867,-0.11777592823199157,0.31248937746526173,0.2887821958588183,0.2394756211438763,0.11069293795159996
DUPeGi6stKK5zGgVQLc4V8GkZ9o11MucZ5CNXDoYpump,389,1856,186,0.26516700749829586,32,16,60,0.35841838242476376,1.0149792926505858,2.0016038960589944,2.0016038960589944,1.026212918837883,50.419036577902254,2.0016038960589944
5sXYkaLPcBW6SyY5SKvYzEBQY4YJQbHNUieSPLLQpump,389,1856,186,0.26516700749829586,32,65,60,0.0377745532981113,0.08332142388690311,-0.3211753654502191,-0.2786605057903464,0.7393916011038796,0.03915557059298222,-0.017064654714721517
8YVakcmrbeaZUJtpc1ifFjkUKNYLJvXXH6suuFSYpump,449,1856,184,0.3191186922530206,32,,,,,,,,,
CFbChHeejJBFDLVEx6Tcb9umSwVdA4L3xyenrhTapump,569,1796,186,0.46373268133659334,31,20,60,-0.5170279992359836,0.27653975020730437,0.41443118272949797,0.41443118272949797,1.8401374902704486,2.26624899022959,0.41443118272949797
3QwPmTFxDWTtkPGSdwqNGLHTG3xxffDE6ZyvSXo6pump,569,1796,186,0.46373268133659334,31,,,,,,,,,
F9RenTXkjT1RW26swmAB6mutkqwFLo1Fbc4W8pHGpump,615,1782,180,0.5269922879177378,31,5,900,nan,0.21665504172944527,0.23943540659242735,0.3177493685807109,0.3450650280402597,0.35314672696305566,1.7304295174384987
6b7KQsXqb6JR5Nmeer5zGRmo51dwDfttM5b5Nu2rpump,643,1719,173,0.5975836431226765,30,,,,,,,,,
24rX1SutpnUTcDpYLdE6Bg2aK16m2kWYrdyKTfuFpump,643,1719,164,0.5975836431226765,30,51,60,-0.21548088779095176,-0.39535267775171834,-0.2820964341663518,0.49136010627822824,1.7583620875804586,0.377801491688925,0.49136010627822824
5dkPngQmeqTUN57RqhxdA6xCaz7AKdzQoHLdk9xhpump,643,1719,164,0.5975836431226765,30,12,900,nan,-0.12274491916195251,-0.4625310902825248,-0.5152114917930071,1.275653072301645,0.09816672143975998,2.453653542175682
HM75x3BeEtSYfg5GfZWKHdMWPAKWbf8S8h7Gtfhjpump,703,1719,166,0.6919291338582677,30,36,60,-0.02081428080348824,-0.11035574967127715,-0.43331252695362654,-0.17593703491247414,1.167665439750569,0.2270311004219024,-0.17593703491247414
D3Efp1SCsbhokYbVeiJZVbNF3Z1Ar2woWhvRSDriKfun,583,1719,170,0.5132042253521126,30,38,60,0.07719040138742361,0.448441544168277,-0.21339485198933517,0.16056865622759098,1.349550614715352,0.15505336208786327,0.16056865622759098
4H8qamG1mat9w6ZuSjg6MAWHxT8MxXYvnEAHUXN9pump,583,1719,170,0.5132042253521126,30,8,60,1.3898624347272683,1.7971840594375075,1.7971840594375075,1.7971840594375075,1.0435841785544506,nan,1.7971840594375075
8RqKstbnjiiHmZKvMgUGdDrPdwoddYjtopcsAHjnpump,537,1719,174,0.4543147208121827,30,29,60,0.15179387127440402,0.2717765073385885,2.883045501614156,2.883045501614156,1.3039972955068309,1.0528818484773412,2.883045501614156
HsrJz1Crk8cNWiFu9eRMYvgnVu8zzti3Rz7rWRNkpump,537,1719,174,0.4543147208121827,30,7,900,nan,-0.19203286485332616,0.16956039060582673,-0.4322290942790661,0.7064048118909194,0.11420134845442077,-0.3926575611393639
52ZzDVDPk8S4T1rfKNWSvtDnzhLN8omMK1xLCBBWpump,537,1719,174,0.4543147208121827,30,,,,,,,,,
6hDfuLG675uDxQh33e4roc9xg5PSL2opJ8dzwmnWpump,480,1779,182,0.3695150115473441,31,,,,,,,,,
39fNg98hhpyiRTGD8Gf8y5MwFVgJJZEnDyTMKdDZpump,480,1779,188,0.3695150115473441,31,,,,,,,,,
DdSWN7sLXoJ3Bi4F6uW3SnBMYCp6FBE1WjVKjXLTpump,480,1779,188,0.3695150115473441,31,120,900,nan,0.004354106680185987,0.3459034486627335,0.45735687740340647,0.5211371988586448,0.6843839479606858,0.30973011377271686
D9qNfYpFtP9E3YpjBJDCD5PuWoD3445cC9K6PMX5pump,480,1779,195,0.3695150115473441,31,120,60,0.06686215345014412,-0.05218944400045489,-0.07028995009175654,0.14372068643343927,0.23339005697541124,0.16984006737060997,0.268972366817783
5xrGXVNZjdyuGerGcLuGqk5tg38BG3eK5kTcF8QGpump,480,1779,195,0.3695150115473441,31,,,,,,,,,
78YrJ8hacDMWgdUZHohunxGPVQ85fW1Jjft2ho8epump,480,1779,195,0.3695150115473441,31,,,,,,,,,
HtTYHz1Kf3rrQo6AqDLmss7gq5WrkWAaXn3tupUZbonk,480,1779,195,0.3695150115473441,31,120,900,nan,0.016240732255502932,0.18017531651407692,0.1920967704769283,0.2369734490178291,0.13793556136602408,0.41391065729987453
2vLZz5EGx7CjVRqxjvdm6138aVX2M3mqZjZGBjUFpump,420,1779,199,0.3090507726269316,31,6,900,nan,-0.40530975997740426,-0.6285230759689893,-0.5493167368849742,2.9000160816195755,0.2761632741789397,-0.46869379510153275
AqgtHrC5TwPcvTf9dmgQhWwUhmVbaGynop1LxvU9pump,480,1839,208,0.35320088300220753,32,21,60,0.5620462651993188,2.8403033805300186,5.173359940184333,5.173359940184333,0.9683131001490332,4.474163258209168,5.173359940184333
EZW4pq5vMqkk8v6x56XDsNqn665GoRg3z7dknq6opump,480,1839,216,0.35320088300220753,32,,,,,,,,,
8RRDLdszPMLq44BX2VjriuCQmaLeag2ueG6hPiFKpump,480,1839,216,0.35320088300220753,32,38,60,-0.3311808035289462,-0.17647574475999073,0.25565241058346744,0.6122898530137526,1.1895738037152748,0.6423293261078357,0.6122898530137526
De3uNV7rJpN5uJuchVUHmzEji88ov1jxUrHBpGTypump,480,1839,216,0.35320088300220753,32,50,60,-0.04631454265782897,-0.09695808368524395,0.4801731399987359,0.033962708497552896,0.8586349267918298,0.18007801276809104,0.033962708497552896
AJQ9BpSYugBQ8C7gWYssjES6r69T5eAnu3MFqewqpump,480,1839,222,0.35320088300220753,32,79,60,-0.09437623300061426,-0.43246529716702375,-0.22765460847403607,0.18716454529214777,1.4402159453740886,0.6161349378573789,0.7396768910721858
7xpKxK2ktFXtPLQBAPcaLp71a5CU1UdvyfgQ3dWJpump,480,1839,222,0.35320088300220753,32,,,,,,,,,
4kdU5fKaRb3ZDP84vAm2N8PY2Bq3PBtT5NkgzfAnpump,540,1839,227,0.41570438799076215,32,36,60,-0.1281575485907992,0.35167362259975565,1.1007932853744737,2.174868238182883,0.8017441438681172,0.49536831471570225,2.174868238182883
6DBZZt8i1sHU4XggrSNUjGZDwJa7SF61DEMYLN9Rpump,540,1839,227,0.41570438799076215,32,,,,,,,,,
Gb7Mmi5F3VmjGtvdw1mgcXoGBPp2DrbgqWSo6d4tDD1g,540,1839,227,0.41570438799076215,32,,,,,,,,,
AVKQT851Cn3i1K5wDQsBfomYkiqdciqPE2bhZ5Egpump,540,1839,223,0.41570438799076215,32,28,60,0.16464364948876575,-0.1715010336104663,0.15370919741290545,0.15370919741290545,0.9663823546751941,0.5510028754313367,0.15370919741290545
31TBAGQ4cydajbZYCqvuyA9SqmKV7zvtdmohkLAJpump,540,1839,223,0.41570438799076215,32,18,60,0.23971671715156173,-0.07370144584680027,-0.0480085425207627,-0.0480085425207627,0.706511328390326,5.230323934896854,-0.0480085425207627
GCr352ouzNZkNQd3KZqs6jFuQb8LiYnWsEJSUpSfpump,540,1839,223,0.41570438799076215,32,,,,,,,,,
3RXfvoL5tDYRQfZZ9rweeHwCpv5kbdZ4BWrqxWLzpump,540,1872,232,0.40540540540540543,32,,,,,,,,,
8dphQxaQpvt7qbjRZrBkriYNN3MBZRTikZ7S17XSpump,540,1872,232,0.40540540540540543,32,120,60,0.001995047102706149,0.04139342553663505,0.176252378468011,0.18496865447824495,0.24005547307799827,0.1482073887695406,0.3022076555715756
E1KQmMoyRKt69pYva2ejSQ1FB7P1czCvmZgRiypVpump,540,1992,244,0.371900826446281,34,,,,,,,,,
BTKfTUMRYsS5W5RXfbtMcgJf9fqoz1rhRcJtESyPpump,540,1992,244,0.371900826446281,34,,,,,,,,,
FLF1qFm5Y6DMKZngUF78ohLmPfFVfLFtTHryHmPpump,540,1992,244,0.371900826446281,34,56,60,0.25419300433275915,0.48516525565904667,1.027519809474577,5.464497848092643,0.7290591979998923,0.24824750655462824,5.464497848092643
6FPpLK4EzKe1sjC5oyZXfBcVhNbjjJE9pxunpWCTpump,480,1992,245,0.31746031746031744,34,,,,,,,,,
DzCzXJAR1suw7f9By4DTfc1d94wfHAFfV7ouDFa9pump,480,1992,245,0.31746031746031744,34,48,60,-0.12149657259885815,-0.021694357113213547,0.1819015726610982,-0.033070640410272745,0.45583496272332497,0.21983752016295352,-0.033070640410272745
9orRZbVL3zontHSVC92p9LSUTdCFbYtqCdSDdKPpump,480,2023,246,0.31108230719377833,34,9,900,nan,-0.12731828176160398,-0.31602960189348006,0.2594718166216343,0.9009036864916118,0.23204151208893994,1.7976610745709451
FojFAR8uj6zn3327KD9WfFBVTbjvCwsVR5D3dyvSpump,480,2023,246,0.31108230719377833,34,108,60,-0.1115089875030536,-0.29597451705580957,-0.4590596488206159,-0.18347509355647462,1.0467545601661628,0.3021952620296162,0.869865652591213
6ESmK8y4rugurH1ZQWyEBCTYjfjatnALi1iNcY7rpump,480,2023,246,0.31108230719377833,34,8,900,nan,0.032742817092738186,-0.23858527194164014,0.409869202919928,0.6782592405656682,0.3015805281313644,11.761531641450262
GDstqxcHxtSj4FWip88DXGASwjwxnDNynLbNFHYppump,480,2023,251,0.31108230719377833,34,22,60,-0.1283230896561398,0.41084984576829275,0.1343593383178041,0.1343593383178041,0.9118109736071733,0.6884513978398525,0.1343593383178041
4kKgb1AyKo3xpbspPk6PkRxaaUtiYw3FLPbSpbZxpump,480,2023,251,0.31108230719377833,34,,,,,,,,,
3CCFFVtM1gS4ZU9Go146iDYut6VuNLG4NDgQWh3Rpump,480,2023,252,0.31108230719377833,34,14,60,0.35368103584126187,1.4160768270594297,1.4160768270594297,1.4160768270594297,0.9257911847729037,nan,1.4160768270594297
7nLukVng5teXze14rum9v57juXLjUp7JJnCveko1pump,480,2023,260,0.31108230719377833,34,120,900,nan,-0.07894599294170879,0.3698352008702921,50.55915579871764,0.7254870883216198,0.15262989169334457,29.534630082813013
GShWswpuW27nadAacS1mMEhxvrYe9Db2QpfK7Hwrpump,540,2083,270,0.34996759559300067,35,32,60,0.11881923351985191,0.16686042926058864,0.5301929864647592,0.524880727452882,0.8055758277480217,0.7988471237632238,0.524880727452882
FBCStPyNtdW5gnEmsmdFY1whJ7jxEuPggN6un416oJ77,540,2083,270,0.34996759559300067,35,14,60,0.0009984896799957177,15.943585224012526,15.943585224012526,15.943585224012526,0.9508381845286551,nan,15.943585224012526
USCSiKDUVap6hj33JvRDYq6bEmiBwVm3BvE6o5fNgRf,540,2083,270,0.34996759559300067,35,16,60,0.0004508908832447922,15.98598110415126,15.98598110415126,15.98598110415126,0.957913327827981,0.2327465843948615,15.98598110415126
772iJKecjhdRHX9LXkgzXipnofsYxmDcMJKWS7c9pump,540,2023,263,0.3641267700606878,34,,,,,,,,,
4mxp6WN2uAtDBd8BHNPSTYUEy6mD7R3gejzayWGBpump,540,2023,263,0.3641267700606878,34,,,,,,,,,
EiRnsSVCo6bfY91q4e48KDgHVhnh82qY9i1qwwo7pump,540,2083,273,0.34996759559300067,35,6,60,0.3900819971650047,0.6177815439285923,0.6177815439285923,0.6177815439285923,0.7512528640477626,nan,0.6177815439285923
ANsvYRPb1ePR9jhdMLZe35E59NMJg4qfieNU3p4vpump,600,2083,274,0.4045853000674309,35,36,60,0.09812390399042181,0.1361479354753694,0.06443784995811197,-0.09108967644329624,0.4216189659171331,0.30589341104736184,-0.09108967644329624
7aZuFpStG2CQRAr4RbWYGeCf21PLsLL15QjRpYN8pump,600,2083,274,0.4045853000674309,35,15,60,0.03111906813159715,-0.24099027071288837,-0.24099027071288837,-0.24099027071288837,0.9735048928780933,nan,-0.24099027071288837
HhSDQs8y8vQivndqj4e46LqQGasDVNmt9jaSvia9pump,660,2097,280,0.4592901878914405,35,38,60,-0.23919162708274566,0.06326269168830434,0.9447707323116441,0.4641411144504137,1.108708013744719,0.31795029802098207,0.4641411144504137
5RhPVzDsj4K6WMyYJ71yEXAGfhuT25bbSesfKNFEpump,660,2097,280,0.4592901878914405,35,,,,,,,,,
7h3jTPnEF7QT36YZ68eBRS1pg5pqBfj9XmFFbNfqpump,660,2097,282,0.4592901878914405,35,,,,,,,,,
EDxJPcUVHM85Nxq6bbaQ3J2udRbTG5N4DbwKwoUTpump,720,2040,281,0.5454545454545454,34,,,,,,,,,
2sLKA6PzFVjeTUaiKBCkDbDiS8MuoZAeXxZMgs9Apump,720,2040,290,0.5454545454545454,34,,,,,,,,,
4kqEkiDmkkyQWayzQB5B3dUP6whgAL3becLH5jexpump,720,2040,290,0.5454545454545454,34,6,900,nan,-0.32275105960180284,0.9399685026150255,2.3868431266596004,1.3682038453019203,0.24423257218557792,13.067362693631921
GAYMGsgvudP3cUCVE1HZMnuXiFthcGkecpVoj44hpump,720,2040,290,0.5454545454545454,34,33,60,-0.23745754344069725,-0.3504840238979767,0.26448618877179797,0.40069959404926125,1.5877924350196888,1.2434234263288324,0.40069959404926125
8wpWpXtXgiGqRYERWa4Ns3Ydu8mzu2u18sqqHsJCpump,720,2040,290,0.5454545454545454,34,,,,,,,,,
3vewHEY3p6GA6BtaEUUtPmm89DUGbsRbw3XTyGK9jNRb,720,2040,291,0.5454545454545454,34,7,900,nan,-0.005331392280375047,-0.009230751001003568,-0.014057875493119654,0.01164074505083709,0.24694405200712696,3638.0402664378253
CSZnMhi3MLu5Z2W3unxgMjZM4usKC7eNspXiZfgQpump,480,2040,288,0.3076923076923077,34,93,60,0.3729597645478695,0.4324911923668875,0.3162805662522965,0.4564764552427758,0.619023966902317,0.47077135578219226,3.8079444761839163
V6MaeengXCRYCdBHSFV9odNrwj1jim8UU1FGZ1upump,480,2040,288,0.3076923076923077,34,,,,,,,,,
2WbTSrJHr1hNCtmYBjuSetZNdsZWZ2eZTuK9GjNPpump,480,2040,288,0.3076923076923077,34,,,,,,,,,
ECLDS9hrEws6pGLpW8JhYJMpHvawaxJG71ae8oE6pump,480,2040,288,0.3076923076923077,34,65,60,-0.04709534734966925,-0.06828853142277513,-0.04802426006247329,-0.14090046658499256,0.11256736177452659,0.2853069201272044,-0.16403995371059077
57L636DoJzp23Jzb3iLzhYj1FcF2LEK63s6tFg9Wpump,480,2040,288,0.3076923076923077,34,,,,,,,,,
wraeuVRXjp5YibVC7zRY6xMjz35GrZnQttqSJAgpump,480,2040,287,0.3076923076923077,34,,,,,,,,,
DUsxzGppjqvSeYkvNVYW1SGxkxnaAt43FNxuQRLfpump,480,2040,287,0.3076923076923077,34,26,60,0.0011832856207847353,0.07698623840344654,0.25735572261095596,0.25735572261095596,1.195397696313086,0.7953036069584407,0.25735572261095596
2FZjoWKuAZB2gyTwUSSGiDN1GVtydZ2T2smkCReJpump,480,2040,287,0.3076923076923077,34,76,60,-0.14962182323683504,-0.3748722637206763,-0.46449385798868525,0.28493329032397874,1.0884295685197054,0.10863877147574079,0.3854393092082653
DPxk9o57vZPpSBHrTF1DaTWMV6vziQq3zN36EY8kpump,420,2040,289,0.25925925925925924,34,50,60,-0.1819820168145072,-0.18975638942757866,-0.24031397005685728,0.6246524395169641,0.8486337776618762,0.2198774081722639,0.6246524395169641
8GB6MhYXzu2VEVMxbUq6REAmHowmYXwdoUUdSrSKpump,420,2040,289,0.25925925925925924,34,34,60,-0.06885668235111164,0.2252381303294151,0.5814601181453174,2.649399886065244,1.3098987556435666,0.7218350419400444,2.649399886065244
3YVwvY2ysuAe9B7bJbcuBFGy7tJnZNUdwk9pA18ipump,420,2040,289,0.25925925925925924,34,32,60,0.14040606665370037,1.8109534628871704,1.5391123285993555,3.816528746282426,0.8728321825944712,0.614641225118123,3.816528746282426
AEeYTijohQT1XejCCLs3Ms3eoVgzRZ2fVZZyCzxepump,420,2040,289,0.25925925925925924,34,,,,,,,,,
34AnX3vhKG8GfuzbeWKA3BYF8avq2uki9ngYuTrmpump,360,1980,274,0.2222222222222222,33,21,60,-0.5349189750887706,-0.39778474712403755,-0.0688457699624736,-0.0688457699624736,2.604845173541047,4.328743578385877,-0.0688457699624736
EumP1q4oc1DVcZAJ4mRBeXpbTRtvkyr8xRrLL4qApump,420,1980,269,0.2692307692307692,33,7,900,nan,-0.37058498829021636,-0.09108725913118354,0.17166973942165642,1.556020147074722,0.42154365229302543,1.4895918716119083
6hekwc4iXJTMZzzz8Zws9CkDeKey7xhqYYL6W1n7pump,420,1980,269,0.2692307692307692,33,47,60,-0.2609488085428493,-0.3194475868423754,-0.08607453059366055,1.433885457688953,1.1337268280411594,0.2744346434962347,1.433885457688953
HzxQ54wrYxh2RYsX3m9TXAAsucQRxYPe4maVmEUZpump,420,1980,269,0.2692307692307692,33,57,60,0.9160667379600755,1.0517003441150008,0.360054006465067,0.36049461553473483,0.5269788709639953,0.1166766420107255,0.36049461553473483
G5jV5wtNvUais1iaRnJsuRa8Q2DCubcaZ1Ftjxaapump,480,1980,262,0.32,33,42,60,0.7860684081208276,0.2557485154758379,0.6278149247410256,0.763177158059732,0.8472103663860001,0.35035526244024556,0.763177158059732
DMoRRheiQrGVRm6Z76Hfg5XxqJF5kJ4vX9A2cDNKpump,480,1980,262,0.32,33,8,900,nan,-0.1198057465326039,-0.3101382989998057,-0.12360544476398339,1.481650338413104,0.21437593414140915,1.4759562719693178
FzJ1Cm4kwEjiPmfna8WXWwjC7i41KnB9oi9wz3nHpump,480,1980,256,0.32,33,7,60,2.645966248223826,9.14714424497824,9.14714424497824,9.14714424497824,0.922160605478337,nan,9.14714424497824
9ezNGxFRiM5T7HqmGxvRA3mcmZ4CS89FEFA48pMRpump,480,1980,256,0.32,33,72,60,0.028137151973820274,0.039724564539811213,0.11648545568013291,0.7680122245022094,0.3733582199176977,0.09239030583423269,0.7593089952951619
CsVBNQijeDY28yG4GLkeGE5p3Nic1BPv5M4mX6wTpump,540,1980,247,0.375,33,34,60,-0.1502417058499229,0.19149675686477097,1.1490493654475875,0.8891629666483778,0.7605379686498801,0.43314412522091794,0.8891629666483778
8deKqTJUarkegWEhZAE5iF7wfbdSu7aFdyfpiitpump,420,1920,239,0.28,32,120,60,0.055169032609500235,0.05482717158935513,0.049731687550131465,0.27645577698993695,0.13663320803541126,0.3345930510631084,0.47470958049277723
2cm7HRJjQnaM2cbBe8c7DCjFdrWY1wUjmgAzzZVKpump,420,1920,236,0.28,32,6,900,nan,0.1575491187554674,-0.03684572645651074,0.8187641817840978,0.27794313317683905,0.25851254900333237,3.1217510679654534
9KWZaQbLtFo4DkcwFoGtSqgKZ81G2wZSDDY4T8SEpump,420,1920,236,0.28,32,9,900,nan,0.13646292640410196,0.05603109128999595,0.30236585738918875,0.2996192130625293,0.24717459461545715,1.1861136534241767
GW7oTjyMfjdS91akDWVre4KQNmnD3ckZeSti74BDpump,420,1920,236,0.28,32,18,60,0.11182514211281624,0.04572413271726461,0.17104003223982178,0.17104003223982178,0.5897799441880787,5.0573117435467125,0.17104003223982178
CcgRSw62atZK9EEAQVGyTcsshgtGJxtLHK2ZGwZ7pump,300,1740,202,0.20833333333333334,29,85,900,nan,-0.06857044105578936,0.06356933312073298,0.05354860378979387,0.2486716622701173,0.19977318404307637,45.744221449172656
77zPPem2Cp3WoyDmTtcgRK35SzHw3JsnvNihRqLvpump,180,1440,156,0.14285714285714285,24,7,900,nan,-0.9764349857103761,-0.986163102400587,-0.9886904219410594,74.57609511883228,0.22303326909860874,-0.9857707255564563
24GWZn5HerwLTVoZuC3H7Kxg6jLFMvroA1hTU4uWpump,180,1440,156,0.14285714285714285,24,13,900,nan,0.07839683097190964,-0.02318312036000192,0.07402476469783781,0.25548346780143966,0.13820720507719197,0.9168480063378817
2TvUVvuQeVcUwVFp6WVy61wwpnSMG6kNzYpdvEkMpump,180,1440,156,0.14285714285714285,24,,,,,,,,,
HXfHv8JDXHtBGffBVa6LyFRyfvCRR5Wkh5vmL89pump,180,1440,156,0.14285714285714285,24,19,60,-0.14246457002725,2.1598613417780403,2.0693373443491483,2.0693373443491483,1.3730892805600692,2.8350733789677998,2.0693373443491483
GXfpsVmvcsymr1q7mBKBXe3ELtvJQAC8F96ASV32pump,180,1440,156,0.14285714285714285,24,,,,,,,,,
HavpAp4PqYUfiwyFpd9qcCKWrEVi52Z7CYJuXfQqpump,120,1140,115,0.11764705882352941,19,12,900,nan,-0.12261785223737609,-0.13634048560414458,-0.14033846458591726,0.17451874611976295,0.30981999115718156,4.468537151369463
3JFTKtQM96LShPaZWGGg66MmL8ScjvWfRHfBJYGk8mkS,120,1140,115,0.11764705882352941,19,27,60,-0.0641525887429174,-0.28829108001301185,-0.37040715621971754,-0.37040715621971754,1.8147681331051813,0.19949172363929388,-0.37040715621971754
Dwa2kXQZdb2XduBCHBNYDRAxJp1LzRyW3x3MBrLLpump,60,360,31,0.2,6,120,60,0.09326577437347194,-0.11790312310471363,-0.12559786460875355,0.24026962412737318,0.32822603722865556,0.2983248562012756,-0.1301033707399446
pRDTsjfAZjWeV4FAuamh2GFu9Zc3Mqs4UDgPdfSpump,60,360,31,0.2,6,102,60,-0.16850822018827194,-0.1462081760609355,-0.0883640762877329,-0.1873799147429951,0.6484666676692855,0.3032536342160927,0.27621206608621196
54hnNKFzSwcCv4cJ8TCjekX3BHFVzc7ooY53FjHJpump,60,360,31,0.2,6,20,60,0.41192467953329803,1.7377066206215446,1.4815192078810613,1.4815192078810613,1.1822515361207613,2.9949875295645314,1.4815192078810613
EhHJSjF7EzHognd9DwjUJAMtFpEudjMoXZcZgbyBpump,60,180,18,0.5,3,7,60,0.07226769293902824,-0.09715161871003497,-0.09715161871003497,-0.09715161871003497,0.37621276260812575,nan,-0.09715161871003497
85bq8HiHFs9czQNXRsDLCVuyshXtVjERW8jDn958pump,60,180,18,0.5,3,28,900,nan,0.17069649393602093,0.09487387675288184,-0.08948594649842823,0.40753889137226795,0.10180971353624604,3.1765013934103186
4PFGKQbJYRZbk8SHNzqQf4DcpyrKJ7r5UKwj4f37pump,60,180,18,0.5,3,,,,,,,,,
9uEeSZSdxMm1PaoqQ1VNDwcuDMM9RHqkp2p89Je5pump,60,180,18,0.5,3,31,900,nan,-0.07119419909008218,-0.09899948256312086,-0.01988347867703666,0.1788909594141598,0.2699858182405432,1.6391459084501214
AUsU7BR5RrPxJ7C7MoPJ7bV8sxnzfvcHzNdKq4zqpump,60,180,18,0.5,3,120,60,-0.006096652453861817,-0.042371449607665146,0.04505614789166512,0.11266191089226107,0.1087878882874137,0.13793630669098061,-0.26327727617836505
4o1ov5siUZH1BEJWvKxj9LHqBAXLEz1tddN6bRnLpump,60,180,20,0.5,3,120,60,0.0387656754394361,0.09917406038392684,0.104620336550177,0.22539511335562445,0.1534756433046433,0.20673225929149297,-0.5291166646770087
AVLHDtkj5K1zPxACnUbGybWQACBq9H9uatF42h7Kpump,60,180,20,0.5,3,18,900,nan,-0.08059034836709367,-0.07878832024616034,-0.15299162055707183,0.26974509171504235,0.5039117438771856,2.7463578853947097
HG3sZ52NRmNpm2BueL1MSBM3krr5M6YJtQohjNyhpump,60,180,20,0.5,3,47,900,nan,-0.007370552667781416,-0.04629417888679388,0.011997869854632803,0.054658048142474866,0.1227245687551011,-0.6687333337632255
7ursFQJE7UykT95cMCBErzq5sqEq9AJ6q11cWzAqMp5,60,180,20,0.5,3,67,900,nan,-0.03450599043756564,-0.07442579135398986,0.014009562946803555,0.1403674058740254,0.18956051874646956,2.0067318240630034
GNGhPhcLt5HJ6WjUHQSYoY3KhBFsksxu6FpvLpCFpump,60,180,20,0.5,3,,,,,,,,,
CdcFwa6eGBFraXaHpNNetgZyisuTMMsMH6hVgdfnpump,60,180,20,0.5,3,,,,,,,,,
A7mTBXj5J4D92BkTVQEzbF4d7gvbEPFbotgmjad9pump,60,180,20,0.5,3,33,60,-0.020828226460430255,0.46335448376207244,0.7106131883888149,1.4813242902367842,0.8787194190034094,0.7128420754438607,1.4813242902367842
3MXLA9wxYva79QNsP7AjrNttogHncNyHKC8SBn8vpump,60,180,20,0.5,3,120,60,-0.13378752096305402,-0.4467145094046717,-0.3625526025735085,0.14556485177712042,1.0396482611945423,0.2931503481992244,-0.17672767950334112
5tG8efhw51r5yKJ65hfZ9nU5MJaqn9GEtwbfmDatpump,120,180,22,2.0,3,30,60,0.3835574919246092,1.2142979039814228,3.2704112394353544,3.2704112394353544,0.8005665587047418,0.8694067209870239,3.2704112394353544
5CwpF2UsgWvNKeDQaKZPjQCd6jM4K32yNVRVCuh1pump,120,180,22,2.0,3,101,900,nan,-0.18310297708397116,-0.22443023066363654,-0.0839652451340468,0.46186674314572324,0.6245400210641237,3.4016170906674503
35M9BcmFRQ86TnmoFMfUmteZrQrmUm2n7ZiV5gacpump,120,180,22,2.0,3,26,60,-0.03392671342278242,-0.0363721737137338,0.4454658969819505,0.4454658969819505,0.47689879371077576,0.4183938256426555,0.4454658969819505
5HTeFAka8LgGQBoSgzsPry3Yv56zFkv2dWY2sks8pump,60,240,30,0.3333333333333333,4,41,60,-0.07035630709417318,0.008567142498833613,0.07048874000184235,0.807492157422403,0.7076820715982828,0.2055195420111736,0.807492157422403
9jRKQFo7SnAQYAndkwLCBx8D2RLkdspX5dCMSMaZpump,60,240,30,0.3333333333333333,4,15,900,nan,0.007987384548699072,-0.0175711951249633,-0.3559297665599084,0.24606594121872058,0.1886612617813738,-0.5224798516005418
APsZ9cXdHXkj1dfuG622X5xeCMJapJ7LBPuLKvi8pump,60,240,30,0.3333333333333333,4,96,60,-0.014149269081459415,0.04986644956152997,-0.02558926631899927,-0.32213268244525406,0.48365689509445126,0.08259702459169257,-0.38379062543881126
DTdDsWkaXimkyMQgr6mKTiTfsuFQBM6dHS478N6Apump,60,240,30,0.3333333333333333,4,120,60,-0.014254417246338025,0.236903639974414,0.5470563700624524,0.5098729794147585,0.6198659106420641,0.2041008197195572,1.2730878986363101
5mFZZzyUawGknigAxf3zkQQtSpnYqSGUg5bRz3b3pump,60,240,30,0.3333333333333333,4,120,60,-0.0467582122962118,0.20894268713276354,0.26553506707643004,0.30632831263293836,0.5705658252617289,0.3863145164839084,2.703378107600922
3cMeyogu2sPzyQP8vwLLHQHcUt6tFWNsTZv8Mhywpump,60,240,30,0.3333333333333333,4,6,60,1.8513537483557458,1.7144949428637704,1.7144949428637704,1.7144949428637704,0.7531960986648785,nan,1.7144949428637704
D1cdMQobt76zpSsLdffG54R5fiZDS7wKX7yR6gg4pump,117,237,30,0.975,4,,,,,,,,,
7VVmK93JJgnKe9uWCqkCWMtWtWnpGJZyJjjUi3RZpump,117,237,30,0.975,4,48,60,0.09630589556985791,-0.07769896813667898,-0.16290326539612066,0.6225748147406056,0.5539934866532722,0.09396388792860814,0.6225748147406056
BJbUiYM22WhpL1jtTqkvrQuYhkYymdUNGZjbrE87pump,117,237,30,0.975,4,120,60,-0.09527339288759373,-0.07843092458512302,-0.02785423781621299,-0.07420570088575984,0.475769791288821,0.28670329533486605,0.9298507001406726
95TDpd91E9KcwiuU6kkG7BUVkAR3yvBNEC5pHHGNpump,117,237,30,0.975,4,120,60,0.00044299043826456774,0.05441402025691855,0.29661660982578697,-0.2509375206929336,0.4169668374725372,0.23823438503058414,-0.4853143781781748
AfGdjAp9djSaqJxzYo3t6jy8tJA3o2aDPHoZ57Egpump,117,237,30,0.975,4,9,900,nan,0.043998725882516965,0.22468749458606663,0.63276076482661,0.2843349731644769,0.2730487459050628,4.416960402948736
8AFPG5SDGyQbVo4ez1gd4dpYKBtVByFmkykkzAaHpump,117,297,36,0.65,5,120,60,0.07276938152029766,0.08784768036566937,0.10711509198981584,0.029493075957005788,0.29340721773941036,0.4320734319934352,3.805981545878563
62gahMxD7cvSK3GuEyn3SvPwVY1366j8Z12B62mvpump,117,297,36,0.65,5,5,900,nan,0.027803680267829867,0.12321767320440213,-0.06551608410648002,0.1975084879675594,0.05611603027321972,-0.025635997070836636
FHyXHtJwwZs2fyt61ECE35EimiaQmCsfjpBuodp8pump,117,297,36,0.65,5,21,60,-0.5040327710559894,0.12300454659487525,1.230836124391136,1.230836124391136,2.105997879213141,3.280679053265574,1.230836124391136
gHNvRdZLtJFsfJuEnwePNtgiDCy9sbgTc5Mfi2Upump,120,357,44,0.5063291139240507,6,106,60,0.521139266021243,0.4060730775974124,-0.050748967401363476,-0.10686853877334135,0.703247465397234,0.25369042429476824,2.075470996821276
5FkdrLryVefo7HDKd9EATV3q1u6cQDJhBmQubYzupump,120,357,44,0.5063291139240507,6,,,,,,,,,
51B4WNPGzGpnu4BrA5DEBavu9KimHdzm2wPRzSQppump,120,357,44,0.5063291139240507,6,50,60,-0.013861449758412081,-0.060578777164859265,0.007656054842225757,-0.2002452900635352,0.1126308432448293,0.0027595011268920487,-0.2002452900635352
7LQBEx9qz2HRBzWckaPzVkRGSgLNP7wNsCTzRBqrpump,180,357,41,1.0169491525423728,6,54,60,-0.31421739127604176,-0.3484770878257949,-0.16682479825680863,0.7398371971524709,1.7035441528318034,0.1123398763321514,0.7398371971524709
8Pez2sy1p5wJHmR7RpP1yNuP1C8k1iat5jZzKAwjpump,83,380,42,0.27946127946127947,7,120,60,0.3702545639869519,0.5879323544579709,0.46949483989554985,0.5198943642715483,0.6416983394448151,0.3618203119956215,0.9532691578958343
59iQSbZvRcGb67FLVRPDWekRTELjq7ykC98UJbPipump,83,380,42,0.27946127946127947,7,53,60,0.12447037843681619,0.37105175840756655,1.3025901054588132,1.9494134488160535,0.7911879678921723,0.22426985963194443,1.9494134488160535
5dc7xmKWk2dS3xRXiXq6f8t9pRG6R29e1ZXdfqNGpump,83,380,42,0.27946127946127947,7,27,60,-0.04924430620386766,0.6089297207941173,2.642311284186688,2.642311284186688,1.1515589559581114,0.5972804131646606,2.642311284186688
GUhxjTzQz2hw4A7mnLGU5TpTPQxkLtWURwJnEgoLpump,83,380,42,0.27946127946127947,7,120,60,-0.01391219385950282,0.01419188137921834,-0.07259027331248613,-0.0959897540629312,0.1482694966393182,0.25918643496311633,-0.05722229169412141
9HugK4guVF3rYZsTCZULjpmcjxY7AP2t8nw9W6igpump,83,380,42,0.27946127946127947,7,10,60,-0.4037251276797912,-0.2610554302860022,-0.2610554302860022,-0.2610554302860022,1.3997793271906602,nan,-0.2610554302860022
6appX6iqPUuVcuoeivweB87mbLPnmYHJrM2aDmDzpump,83,380,42,0.27946127946127947,7,36,60,-0.7007666574040884,-0.7361755102682388,-0.26067925455172336,-0.5847685791721873,4.11336621888908,1.1484082279709324,-0.5847685791721873
tbhtBAwZ4B7H6J3tjUCNq7rtUdq8LP36Wq38N2Upump,107,370,37,0.4068441064638783,7,108,60,0.05050904785672117,0.06702681716099712,0.770203302346353,1.3538953995931298,0.820781801203465,0.3242972262891989,6.22298035701693
Femuy4XPWMumb1L8ErHiWuXGweXCyqCyfrZxxxxqpump,103,366,34,0.3916349809885932,7,120,60,0.027471243886700636,0.044153546466358495,0.044026547300978436,0.6020975887116824,0.3828721119920346,0.2514272229063599,1.2084394312522448
3zFqvYiFwtVU749ngPAjEARjTrYYNmwirMZwLYngpump,103,366,34,0.3916349809885932,7,36,60,-0.41176335781779383,-0.45205356019094667,0.04309079431679219,1.3966043844348928,1.4354591363840519,0.8949688947510676,1.3966043844348928
CvepWqy7S6YngubvTxAUM4fQQr7bfduaZPYrL3PDpump,103,366,34,0.3916349809885932,7,,,,,,,,,
Hs8Ge1zny1PUc9j3iCB3Mp7EhrgB91HzdZdAGsy7pump,100,353,34,0.3952569169960474,7,7,900,nan,0.07993959734643563,0.40644774299252573,0.7733364175443531,0.8410626522171962,0.5830914010409066,1.1368840648058156
G9FGtfqT5GY73Tb2d1sR5Jws6HY73fmK4nR34fjbpump,100,353,34,0.3952569169960474,7,73,60,0.0012688874725779176,-0.01980492007132384,0.19651305538484842,0.5387817694441703,0.399360793622625,0.24305869828056123,1.5779427848598422
FgKCVNnWmCWHCd97UhxuhBa21LqLnCWpqwoFR3yFpump,100,353,34,0.3952569169960474,7,120,60,0.05679452519881001,-0.060834038241073585,0.38142369985116265,0.4007586800379601,0.5274881639596304,0.24321368661156503,0.3383845522119835
GrT9hTTAfBWGRWDxHoFNvLmLhdMN33WdWar6WWwEpump,100,353,34,0.3952569169960474,7,,,,,,,,,
CAamcCFZg1J8DbegjjUuaVAfXWFgswQbuePFRNjopump,100,353,34,0.3952569169960474,7,120,60,-0.0129856923024807,-0.03031212374976766,-0.11274555548446241,-0.0844580698413192,0.17044750918502746,0.3451988540986337,0.22819675870558953
BVEaDToN2Ufn8m1Jnqy8rtwwCiiMC7JcFtvmKPxTpump,154,347,30,0.7979274611398963,7,100,60,-0.16199022971569454,0.0037959503274218598,0.01806436255908994,-0.06696813351939146,0.32446090112609016,2.499999733517359,-0.025043811486061385
DnQu6xQd9zzW5dWpKppjNTRcTYFS6JDpK5xLXEZypump,154,347,30,0.7979274611398963,7,,,,,,,,,
F2k82EcxLtzekq1bfoGVdgp6EXZ5dLT1jE7g3LvQpump,154,347,30,0.7979274611398963,7,120,60,-0.017714377892834476,-0.02081243962379853,-0.14443386958074156,0.08423487879161229,0.17240665815711473,0.16010376695307751,0.148396220545985
9kUgR9ZEtMgJqSrrLYXDoRzLaCV45H77Xr5rngwKpump,153,339,34,0.8225806451612904,7,63,60,-0.07523222642964855,0.5088814294324602,-0.11750641373688575,0.5322843450749684,0.6601659663123736,0.21479104382966446,1.2519648226080893
6s66PhuZmLuPPWeBd6EsHFWU6VdfeBxDHEEZ6jMgpump,153,339,34,0.8225806451612904,7,104,60,0.21754250069335201,-0.19790934978843489,0.6908664604440535,2.412821371860539,0.94269389334968,0.4840419881837419,2.1942230868733072
HcRLc9VDgjLeK154xDawfb1dmVJ98DoSqcwTHGqiDeJR,153,339,34,0.8225806451612904,7,,,,,,,,,
GxqQ4V6mYWzPe3jyZQCJANDkq3tuyY1RcYRRZSg9pump,153,339,34,0.8225806451612904,7,11,60,0.483441452417378,0.3477189339792319,0.3477189339792319,0.3477189339792319,0.992815380497325,nan,0.3477189339792319
DLvpmv8R4oTbC1DixU5yHLbBcmnvfTckGF3XFzLTpump,153,339,34,0.8225806451612904,7,113,900,nan,-0.107342321412082,0.023052371092393553,-0.0626710024057413,0.2551058245706559,0.9701586353481078,0.8552332313318098
pump3WayMj4S48ERaM5zfETRXMzspN1ZfPVknQNHhR9,153,339,34,0.8225806451612904,7,79,60,0.2809296374282473,0.48374716110849403,0.1505819815291769,0.6473279823582394,0.4469716520861631,0.5147237311454665,1.8094237535356341
77LJr4ZDJJn7PpKxKG1TBEX83LzjCsXPv1EgYJQYpump,50,363,37,0.1597444089456869,7,35,60,-0.13936225512450184,-0.38720077532642594,-0.26378862150758087,-0.4058900520794534,1.5996085698921476,0.7323763018222594,-0.4058900520794534
ANJR7QNkxLWa6eHHFjVAwb1mi5GFkVQHroyG8xSopump,50,363,37,0.1597444089456869,7,18,900,nan,0.14984270296240876,-0.140728792157654,-0.21038592851813265,0.3562540705372544,0.29861676677218674,18.297969633957685
HgWZ9faEs7QMugQDCN6o8nxnWPnfimPFzHgvQMoWpump,49,305,30,0.19140625,6,54,60,-0.2086425148652974,-0.06147236565357306,0.047150211559296995,1.6252938365076934,0.6021698797955961,0.26035363561546454,1.6252938365076934
6GBMJWXfCjtdNViCijgQrDoDdRgkpVCQrvmBfRTdpump,49,305,30,0.19140625,6,120,60,-0.07187548461551174,-0.17569929109770988,-0.21311653855982748,-0.10126638409565425,0.3775609730907578,0.210312729533058,2.0406430900476193
CDYzQPJs89TR8iKYqPdkFAC14j5Dx3pTR6KCGyJ4pump,99,255,29,0.6346153846153846,5,20,60,0.10461581131809661,0.49247571790685973,0.8587430586106302,0.8587430586106302,0.9736095924739,2.3647790963407247,0.8587430586106302
3C6nz382qU71aDiEvk5xsmJrzd5Ey6iNXdpTgrjVpump,99,255,29,0.6346153846153846,5,10,900,nan,-0.020007244393453916,0.020375993647294255,0.5547375364639129,0.2928965554951666,0.30721121806327834,2.8830008522117505
AUFk4hnNFTxkJ6DWbYB6ZkL7urYcRFzHdKxeUTpxpump,99,255,29,0.6346153846153846,5,110,60,0.015537868276931377,-0.018332588841396102,0.035110989663410974,0.13734868595467087,0.27145101705746427,0.33806903217384243,1.3905755937999773
7mKUPnaZSUeoWh44p2rXSRroEyn55669JgKszkzwpump,99,255,29,0.6346153846153846,5,120,60,0.030334792051910586,0.271519920363956,0.26134515050511675,0.35116424808456537,0.259396635061526,0.5172289027195976,0.6649303777636191
x95HN3DWvbfCBtTjGm587z8suK3ec6cwQwgZNLbWKyp,99,255,29,0.6346153846153846,5,120,900,nan,0.03636320799499693,0.05456283337875645,0.06208835773003818,0.0593308609669417,0.5953372030057771,0.48276013471200785
Cm69mN91iMmuHUggqZKM9PRZ36XRBJLKoLKvaRtHDRGS,102,253,33,0.6754966887417219,5,,,,,,,,,
BE7Q9rB9u1T4VApMaKYoyxP59GEZxZMTxckS6r18pump,102,253,33,0.6754966887417219,5,106,60,-0.0860947627568831,0.014820796148480087,-0.18375634272197094,0.29313090797861463,0.6083792513603962,0.2924302921348891,0.7986653307419702
HD3JBABeFkdZwUgKwhwJYqjLNrPWXEaDVfH4uMqRpump,102,253,33,0.6754966887417219,5,120,60,-0.012566485503175517,-0.05436699898627939,0.019825926508464153,-0.019321706102526703,0.09272458190606543,0.2399028308220932,0.2814307931615847
BH3WrGte3e6XYCW8gFea7D8nVnkrUGvyoKqzHA4ypump,97,246,31,0.6510067114093959,5,11,60,0.2510311699685275,0.3949045369745252,0.3949045369745252,0.3949045369745252,1.1545860773292815,nan,0.3949045369745252
ADcF26nFGKMuRZ7va5361H2PCHCDRi2FmeJBkX3Spump,97,246,31,0.6510067114093959,5,120,60,0.043745113045652095,0.12639513993059004,0.17134178646940912,0.11817453831536073,0.2563596163596576,0.18040054951330545,1.3198202754139694
7WJ3ksZauPhEQJjcWbopPY5SrtRhSSHKR973fRR3pump,99,250,39,0.6556291390728477,5,120,60,-0.07903707465590037,-0.19341541887476688,0.34060253791692663,-0.10569070389698154,0.806200683648379,0.33243725885647696,-0.2582702926516295
ChxxxU8mxpgBRtAFx7hXz1nKZKA6NyyZ543Lqdtnpump,99,250,39,0.6556291390728477,5,120,60,-0.046376495361226566,-0.08971315561824733,-0.14822733407463584,-0.18083402072913235,0.27640481676737577,0.4104313195283118,-0.18245732409342674
4eXGQJMBZp656x9eqerEc1hepSoe27zvuXBtNuqjpump,99,250,39,0.6556291390728477,5,120,60,0.047213604776847884,1.1259554935572367,0.506277489202849,-0.4145003031874339,0.9492633579996334,0.653199621551618,0.4044881233886626
EeZ67jpgcxe55R3qGg9oF14eQ293bbSFyKL3VkKvFH3F,99,250,39,0.6556291390728477,5,16,900,nan,-0.03160692656962172,-0.1813275260132996,0.039051208522099756,0.6511713546596103,0.22505711216574276,1.8636738796429566
91X4ErT2VPRbK6SHsEBQ8J1T25twwFeTJhrHxJv7pump,99,250,39,0.6556291390728477,5,120,60,-0.01711769023051468,-0.03079027424279912,0.03505518769901106,-0.2037720714303335,0.1872678798685231,0.2723044707426254,-0.2606717016439666
8K5X85PAJHAAVSvYaAzgVPPAPsqqHmvx16ZyBiscYF8L,99,250,39,0.6556291390728477,5,6,900,nan,0.07242452508853447,0.23300708500163125,0.2505731371081734,0.7725154980818558,0.15787854335600326,4.656068665564377
CTPoyCwkjMvoJwU4xvZZqoD8tiYk6yDchySiN5gGpump,99,250,39,0.6556291390728477,5,120,900,nan,0.05910276849158236,0.05489700059848124,0.03479386361848391,0.0780766228188025,0.6923101624238395,-0.36271581145510545
3trZJN24RBWW3qGaYYwmuZVrXXgwB6TDstaPK1bNpump,110,306,48,0.5612244897959183,6,24,60,-0.10623144918006933,-0.04074349723106918,-0.14706334848535052,-0.14706334848535052,1.0740223340142583,1.7822831884665014,-0.14706334848535052
B5yU1iTwfJ462o9VQBkVhCpj5XHn51utWBm3t37epump,110,306,48,0.5612244897959183,6,77,60,-0.06927847932842479,0.5439753366265312,0.8457767819281665,1.6586017038857888,0.7058369092994888,0.2036098375229858,4.1042318333834125
Gd2igp4YL8Sn1nag3F8U98Eo2eJrgFxjk6DSaRorpump,110,306,48,0.5612244897959183,6,15,60,0.38598095924520015,2.457772744688613,2.457772744688613,2.457772744688613,0.7452392444370646,nan,2.457772744688613
HT3vTUGsYfWQMQqbL9dNG87tYbSStkU7CTjBba2jpump,110,306,48,0.5612244897959183,6,43,60,-0.14725564857233397,-0.4554751367655777,-0.46713166043249277,-0.33120200175079395,3.4066928951410738,0.19433037945316614,-0.33120200175079395
ESuCxMF8quZ1DjHKu3GDoVifECw1gGUkbkJVdpwwpump,111,312,49,0.5522388059701493,6,120,60,0.12337635419400894,-0.3419158717569296,-0.4309213543309399,-0.4232543533079892,0.8802769034697963,0.27703856618904793,-0.5044039239429965
CgypxZcmmZMVQMERA6D59hkh8maPEnj31pYRKM9cpump,111,312,49,0.5522388059701493,6,,,,,,,,,
Ge2x1ERWLtQxuPCgaSwipZwADL7fsnfx9oGVx5nYpump,106,313,45,0.5120772946859904,6,45,60,-0.024105070328412026,0.47754322808544547,0.9353684273606797,1.0392943092221691,0.898508537516573,0.2927729303041771,1.0392943092221691
2wA2beVvKC83cCS2s1Zq1a2XuA5S4SPqhiQLfkVspump,106,313,45,0.5120772946859904,6,20,900,nan,-0.2943073608886958,-0.2526814331772461,-0.14894740227094783,0.6134155623876921,0.3431339852775871,1.8264149918566601
72NtVkCkBC2mKCT6paAdo9g4KptUrRH8aRU3xzBVQHDW,154,364,50,0.7333333333333333,7,10,60,0.05605305551969786,0.15714928232011416,0.15714928232011416,0.15714928232011416,1.2525142498186288,nan,0.15714928232011416
BrikD3tfzSL7deBUQsxzKjWdYkAHKpFKmt89KySxpump,154,364,50,0.7333333333333333,7,29,60,0.05096399466500845,-0.20511883358786964,-0.11592964547712281,-0.11592964547712281,1.3211522538401954,0.26712064935937224,-0.11592964547712281
BA4iCAoJWfhsjDNNJHbd4NQbxLbYgR5QiLojAHGVpump,154,364,50,0.7333333333333333,7,50,60,-0.028617996590824646,-0.0131714425468763,-0.13668012559614695,-0.017795376844425004,0.2229234165014038,0.044128327454265356,-0.017795376844425004
CbwAev4koqtES4JVyjqoDcTTZcCdk1ZcXF2nYZhEpump,101,369,54,0.376865671641791,7,37,60,0.1313870858376187,-0.10824710127528592,0.5045540354718734,0.6115607446515088,1.2009220292429692,0.28653102149386755,0.6115607446515088
H76u9jTTbMtEF5JGmqXM2wW6xqMXpvTdVyer4RvKpump,101,369,54,0.376865671641791,7,13,900,nan,0.03820953866251586,0.12386605690309782,-0.08349418593425284,0.1740646968850488,0.09998393214669501,3.142235144365343
C2k7d3WL3tpd8jXcgkRgAbyTqaVATWbvHVpRac2Apump,101,369,54,0.376865671641791,7,26,60,0.41537322757257344,0.20788367693483512,1.8435809703448687,1.8435809703448687,0.754846601015935,1.7132906529212928,1.8435809703448687
ANM35KbUcfKdEVBXzSjZBoT6ceSwYRs3fuc79fp7kRqP,101,369,54,0.376865671641791,7,19,900,nan,-0.10247603262032967,-0.24131030370947393,-0.3769276241893199,0.7831385535747952,0.4652254509400024,9.301502028101908
99XjLY8VUSuwHcLcbTnqXvhwC3nWShMqqffamanAytMA,101,369,54,0.376865671641791,7,43,60,-0.3224348707950274,-0.03001373366489768,2.777515417899431,2.627489120742906,1.46438709606947,0.44072634417636564,2.627489120742906
4rxNSU5BynixWPZvN3Nprvm4fdomjRSQynFb5XvQpump,98,363,51,0.36981132075471695,7,73,60,-0.033376964277920695,-0.07484866807971335,-0.18174165928127195,0.7123257109637082,0.8735505170831416,0.030656960015103252,1.9370004680323154
9tqjeRS1swj36Ee5C1iGiwAxjQJNGAVCzaTLwFY8bonk,98,363,51,0.36981132075471695,7,120,60,-0.0027573384023263925,-0.0087513794254509,0.08819927190658206,0.17499058830013858,0.09802407128137058,0.11992622812808623,0.14812578019908162
9En6cypnSdGc6cLPxAP2u1cP6FbU9WfC8jEUCLqopump,96,411,61,0.3047619047619048,8,,,,,,,,,
5EHz51kdjgqmq7SH287DihsKZ2GkjziWLUpfpdrVpump,96,411,61,0.3047619047619048,8,,,,,,,,,
DKiAVjAaQLNY6xSs5guR3EJLMjKT27LD15rVfohxpump,96,411,61,0.3047619047619048,8,,,,,,,,,
7GiHstJv9zMvBeaFu85SXRmuaoSLYfjvruRbpqMvpump,96,411,61,0.3047619047619048,8,,,,,,,,,
HmJDgky11u77hpBss6D8sjNpYPD5B6fWgSVDj58jpump,96,411,61,0.3047619047619048,8,,,,,,,,,
ApTCvzxRPJEeicnS9gx7fLZDTJLM4av2vtnmXL9Xpump,96,411,61,0.3047619047619048,8,,,,,,,,,
GpvRM8XQ5QisXkP4BHDyBa85Bbijg7wEYkXTkZupump,96,411,61,0.3047619047619048,8,,,,,,,,,
9dUSY1NRoCVPS6w54t5A2LtqudxHgiaaMRbvbpeepump,96,411,61,0.3047619047619048,8,,,,,,,,,
DGxNfqdqQLxCdrNZrbcA9AutX2cobj7Nx4dpJmDVpump,94,401,57,0.30618892508143325,8,,,,,,,,,
3BH2e41XbJadAbCETXqTUmsvSbR5rxeNMxTU6JcKQ8mD,94,401,57,0.30618892508143325,8,,,,,,,,,
JAuN3RKZR9KSKdmBCH83VXGmTvkbobuLrawZ5G3upump,84,333,51,0.3373493975903614,7,,,,,,,,,
232BE9YxiJ1qHAJH8ymCojmX7BjePxKcitaJ6dqopump,84,333,51,0.3373493975903614,7,,,,,,,,,
DRMmkdvdnCxdPqqwxZkSnwiTEsF2czW361BwE8fhFdex,84,333,51,0.3373493975903614,7,,,,,,,,,
Cd2b8guD4a4fgNng43Wk9sHDJ11tB8ie3EGABjWdpump,133,330,51,0.6751269035532995,7,,,,,,,,,
C1JVw9Eecb13VRiVyV4QpXFpQNaJjmXWAXoFaGynpump,133,325,49,0.6927083333333334,7,,,,,,,,,
62MqxAoeEJQBZMMKrbcLUkAvohHEsq88hjAqhBV6pump,133,325,49,0.6927083333333334,7,,,,,,,,,
EnYMMJKBdFMvx4WvajicJmktkSV4Zj4fcdD1w8LPpump,86,313,44,0.3788546255506608,7,,,,,,,,,
HeJY3gwRvLZyknKv11qJ78cbt4aRPuKDy7YAHq3Apump,86,313,44,0.3788546255506608,7,,,,,,,,,
4Pu3iy2JVbHhiW4QreYDjceQVhWbgGMb5Ravf7Bapump,86,313,44,0.3788546255506608,7,,,,,,,,,
J6Rfx6ZTAycGaxTwzcLHEaQzMbnjo2ZUAUzz9ouVpump,86,313,44,0.3788546255506608,7,,,,,,,,,
FNVvyUz4PaCoPNJubU9ezBZViYNcusJbaaTfaoCnpump,86,313,44,0.3788546255506608,7,,,,,,,,,
D19xbrpXzSPSVLrUc3UuHunJQ3h6ME2SRTCoVUJVpump,99,317,41,0.4541284403669725,7,,,,,,,,,
