mint,symbol,tier,alert_ts,res,n_bars,label,outcome,t_to_tp_s
7qg3pYUswNjtqVqMFVuY8wtv2Z269oT2UGdxjpxTpump,HONOR,B,1786545664.267759,1m,64,0,sl,
GCa9TZMK9Q3VUSkhZgX76YAQBjqQd1dPxkBnZojFpump,Plumber,B,1786541785.5847156,1m,91,0,neither,
7ZgRjHSnjDqc73mYitJZ4NAAVtdWrTyQEnoXB6Kfpump,apes,B,1786529780.8319373,15m,22,1,tp,7119.2
2GynKFz6gBLPgqRNwEQg3uoir3rpCDk4mHZAtnAQpump,ELEPHANT,B,1786520743.6997414,15m,32,0,sl,
54CrAcw3mhAxP2QgFUTubeXTidtXtEowpDTL7b7Epump,toad,B,1786520743.6997414,15m,16,1,tp,6256.3
8LkH4DDkVRpoZYYYWBi5KGmqkCeR9GRs4aSEFT4qpump,BHENCHOD,B,1786514511.3698885,15m,39,0,sl,
5qHUGTgkRaDrSNGgQg5wQxb5tDrzEW5ewuGpSS3jpump,FOMEOW,B,1786514511.3698885,15m,39,0,neither,
WBYchcKpzDMqUjEQfLUTNyLpGR1KADxPERNxQmkpump,CATLAS,B,1786502239.9382107,15m,8,0,sl,
BEXzfc6t4hjEV7vwH1d2FiTbuEpuFb9uNhbEjmHpump,ZAPPER,B,1786502239.9382107,15m,27,0,sl,
AJ55bVbXf9fHmMWLqaUq8ZckmAokZwVNzDJVymEQpump,LUIGI64,B,1786486101.0193298,1m,889,0,sl,
4S2qS8P17LSPosME8grirgfUE4p6kW2kZfMSzgmDpump,DOT,B,1786468570.7675512,15m,40,0,sl,
6WMszYPHAxEFgstkEpyRRwzaVtA9eM5pWvSf8v7qpump,TOADGUY,B,1786464800.197141,15m,95,1,tp,27999.8
BoBQZP9YgCRqVqkaBHuxL4xizKHgTFs8n3rRaXaWpump,Splash Dog,B,1786461032.9674122,1h,24,0,sl,
4je81UzH57Z1CoshknjeeidXv9qfL4tiUs4kn7d5pump,USDUF,A,1786461032.9674122,15m,99,1,tp,26367.0
2WD9gyvzQHs44BW8YmfAe5Lr8Ty67vg55oK8rNXHpump,Troot,B,1786437542.5462582,1h,31,1,tp,1257.5
Cp467wsLc1axm5uMtXTLzgRSAmVVgm8eyTpxD9RTpump,CHILLFROG,B,1786437542.5462582,15m,58,1,tp,6657.5
wdBeJWMASdN9yJdqLQGf7aqDGPEttUvUJ7CaGm2pump,TIP,B,1786420656.2487879,15m,10,0,sl,
BdmpcoZpRyKXHzEBKcrW2Vpq3cDY45xVPPJuPMQNpump,ZEUS,B,1786398745.3985655,15m,83,0,sl,
GKKRT5J6XCPK3arwfTuFJSjhquZZKoH3dqkK444Zpump,SNORLY,B,1786395424.3283577,15m,24,0,sl,
mReC6EP5fcyFPo32AhndzKh3248q4Ne666Tp6G7pump,PONDE,B,1786395424.3283577,15m,17,0,sl,
EqqL7ikNg75VJmZe2KJPZ555SLPzKBinexovP9Tgpump,auhctoJ,B,1786392288.3806615,15m,72,1,tp,2411.6
5nRGHJZ93pMKJo2ayCBxvKqWCsZKCbzQBrBave5xpump,FROGOS,B,1786381995.5730684,15m,39,1,tp,7304.4
EHuJuRhEi8vZiajJGm4w1o2aA1vftwSZajaWfcQwpump,OGGIE,B,1786378338.0824606,15m,171,0,neither,
6ehEcTMCc85aNF4x9CWx8HuvWGhxQtvKdhKVf2HDpump,TOESCOIN,B,1786378338.0824606,15m,183,0,neither,
496d5krb88p91EnNSMDh6ULG32F5413wYEvtZjmHpump,404,B,1786370516.2363555,15m,131,0,neither,
8Bq4XvNTgGTjkZxtU9hsxPnVabtJsKJ7bj2Cq1r1pump,MACI,B,1786361871.7691379,15m,119,0,neither,
CVfniqNEj2f4Yd8Z4TEtaTU49gWNTwUyCiDDUbsZpump,KNS,B,1786361871.7691379,1h,46,0,neither,
5wAFaNgPsHo22BtKgPWrZGAgng7XfZodBXa811sCpump,OINK,B,1786354980.7531564,15m,19,0,sl,
B6fsJX369yN6ME8rVXrvM4S4pL1Kj2qZnMkfAAVfpump,WAWA,B,1786354980.7531564,1m,464,1,tp,4559.2
BNn7fUsvq55y4UtvW8jJX4h8CbYcTURXYMopaxm7pump,TOADGF,B,1786348740.236235,15m,79,0,sl,
Hr66MMmcwwt6YNPUAVuSyjhrhFSnjCNxuPuAJ1Ubpump,Haymaker,B,1786341797.446872,15m,230,0,sl,
BwB3vRE3h6jW3ud55jUHswA65KFzjMsgrTw5yCfLpump,hip,B,1786313611.0531578,15m,87,0,sl,
FvDKebt6RTUVGdGeaM83avXeyM3aDxF6FANmDpJLpump,REMUTOAD,B,1786308929.0353906,15m,11,0,sl,
DuCZ8Wgdp5NYrZHRwFz7fdvePFmvaHTQvExCv4srpump,DHEART,B,1786302351.583141,15m,63,0,sl,
CWCKjhyt3x8EjxRdaDssoaBLdRB8BFtiA9VSrpgYpump,Baby,B,1786299422.2487192,15m,109,0,sl,
FFpSAomQLKwJjAyx4hmYAmnKYZZy5q4YBcUJhtVgpump,TOADCAT,B,1786294741.093513,15m,101,0,sl,
9A5QWVQuNSHWQsxi1w1dAZ8yAr9RbMsdpkGXMNt3pump,KING,B,1786292124.023538,15m,285,0,neither,
5rSKQ986XFdqZBwyuQQE3j2YCK3wwuJQHzGGTBLLpump,ROOKNOWS,B,1786290023.06825,15m,98,1,tp,4776.9
6FKjiXaMaqSvWYN4gEgkqwzpzYD1BD5NiLHx3xcZpump,TRUMP,B,1786284612.6119409,15m,33,0,sl,
DmSevLDx27zpabUjAYTdmo6rxy8BrfeMn5uENDja8Lpr,ming,B,1786273012.952193,1h,49,0,sl,
9S3HuR5VKJXEUKHrDpqxNWhkw9WL4iqoXyGN3JpGpump,GO,B,1786269056.2924514,15m,19,0,sl,
BX961hMXPh7wzDxTJmGrgKbKXNns9bsLJdjr5wobpump,PUMPBULL,B,1786252514.6764705,15m,318,0,neither,
GhkTyfsXQLf5hgu6BvVRFEbpqgRmXUSQNCa89SDSpump,BLACKTOAD,B,1786225829.57289,15m,154,0,sl,
CyDgGBPawS1CquTTVvt3gf3EPdDYmaLKd7NepW9LzNrD,opium,B,1786223899.533836,15m,202,0,sl,
DfmUxZaGKH46tY2YgL5YLbQXg5FKup6Ftf666Ea5pump,Pomeranian,B,1786217899.2931125,1h,85,1,tp,1300.7
BjMRQ5vksXw8eAsXPe7VuLv9FMA5XmP6QQ9znco1pump,GIGACAT,B,1786212926.0161088,15m,222,1,tp,874.0
HfgV3Y9WUMuK7kyQmw3sCYByUBdWDkJPXsoKhJg7pump,SOOK,B,1786205699.721855,15m,123,1,tp,900.3
BVxz4g44d7z2CV5ZERPsvxY3QznPmof1Ddpascjipump,BABYTOAD,B,1786204202.8276715,15m,366,1,tp,597.2
EjD5Y9NVhXmtEqU7wYvAyZvDWZFQeEuHXFatJmTbpump,lickingcat,B,1786200096.528227,15m,390,0,sl,
BitihMR91FwBjFArYh2ususajJMa4Wo5EMp2JN7Fpump,BUBBLES,B,1786197241.581297,15m,79,0,neither,
46amR3aeQE7MJ9QDrgNRqBP3FcsJ9QNYV71L2vVSpump,claudius,B,1786179271.4342124,15m,413,1,tp,328.6
AENK1YJ9978xp19xQLKat6eNmndf7Jg2FxFfKiwvpump,LOUIE,B,1786172844.5468764,15m,420,0,sl,
gAshQBpVGDRAtL9y6C5fJvVkA5cMWVR6c58w4XWpump,RAMEN,B,1786156306.9931798,15m,220,1,tp,38593.0
7LRo1JRKLaGxYKGJWTyUmA5LduJFown9Xmpo1prJpump,PATE,B,1786143637.9927576,1h,106,0,neither,
4LSbFBqfTK3QFi1wqw5rVkvt1SRgyZeRTZD3zzNdpvRT,WAGMI,B,1786139489.989314,1m,322,0,sl,
2YxBvZ4BwYtoLdzf7pDAAQ6kExX94q5nz8RrLaPHpump,GILF,B,1786123684.621609,15m,167,0,sl,
DUxbHHy34XSoo6cjeeiiTMUu12UyoNWbvvMUWcvjpump,Nosferatu,B,1786120085.6799223,15m,282,0,sl,
DdSfpVAAi3kcZLMVBS4whtttTu2wPFYfwEwmKLe1pump,TINYCATE,B,1786120085.6799223,15m,26,0,sl,
DkSJKm11B4PKLZWGx7EuXAxacGEjpMeUkk68oRxepump,DTR,B,1786113270.5863686,15m,53,0,sl,
BiTt2dobZm7YpNPGJjBqJcCUpUwFxYAFHfMBBazopump,NOOT,B,1786109030.0000088,15m,217,0,sl,
FLq6s9GwF1TQ8xZLz7EmDJnDMKPoMUXaEayHbtZUpump,Sherman,B,1786104052.7454412,15m,472,0,sl,
UCoFuzqbvJ52NjmS4Ra6QEYd5jpVYDDQvxxHo5UJJgR,UCOF,B,1786101074.2523072,15m,36,0,neither,
BD5wSmuNysbBWTDrnNxfUqtzTvrYfJwgRS8MHroEpump,DUCKTATOR,A,1786084558.418968,15m,218,1,tp,34741.6
76yPcGUMzHeMvWw1SBcmx4H2ve4SyKCCAE158ZD8pump,AQUA,B,1786079312.483242,15m,107,0,sl,
3c32HTEvDVQC71irgNwQ6HX69Kw387V1aWBn76ugpump,goon,B,1786061936.842252,15m,513,0,sl,
7sGdNQSvUGpahh6qyXB3g5gsdK9FAzZM299KyCXspump,https,B,1786027158.1253083,15m,490,0,neither,
AvnRcJVB2t5cvYZMWk67xiPyGqxfgJeTDPViknLkpump,MOOT,B,1786018333.1279159,15m,42,0,sl,
5ohBqLgmccJstRhrFskitBYa7DtwQ13HZmFzH8Wepump,BOAR,B,1785964871.8873696,15m,420,1,tp,20328.1
HZtTK1uokNiXxjLi6wj38ATaik1L13Gc8jx42T2Bpump,Youtube,B,1785959948.5021126,15m,265,0,sl,
74q9g2GxfG2JgNBz2mdLFFETYPDXBsVYr2F3RHZbpump,FISHHORSE,B,1785953267.6341176,15m,617,0,neither,
336wdKkmBGH8SSjmEvW7NdGWWn33Jm8FqiYBcxuEpump,PATTERN,B,1785953267.6341176,15m,264,0,sl,
7pQYyWKPtxMCzdWDPZKJ7xTnCzFB25SPxp8cM4xJpump,WIZCAT,B,1785946988.9654593,15m,378,1,tp,25611.0
H9CvE3o83EYooNhZuf1g3XTuro94bnnBauUP5hQopump,4chan,B,1785946988.9654593,15m,91,0,sl,
FcaEwSgoFtu2EAry7cKAfncBY42xgiuaSJYHwRcvpump,BULLMOJI,B,1785931644.4529283,15m,498,0,sl,
ZUXSHwzZrE1f9wy8rPyyZpiVbLNeyDRNiobvyfFpump,2x6CAT,B,1785914359.158583,15m,486,1,tp,1540.8
3e53B7z3kkWcp9NrpJsRC5e5U6sNwxbHXmAXBH5tpump,CATIX,A,1785904300.1999161,15m,374,1,tp,18799.8
CdB1d5hhSs4SfnLKaZA3db6g2d1mR9AgwL8wcF1Tpump,KATE,B,1785904300.1999161,15m,505,0,neither,
zh1t3y7gr9dxoW46qo7grVTaHaLrvGDvQMRu1FYpump,CORNCAT,B,1785883155.0933354,15m,369,1,tp,3944.9
25g5Ay42aip4BZN8KWWA79jiY2VYykuMg4qdBDsapump,100x,B,1785873776.9031892,1h,162,0,sl,
AZq7qpBH9ybTe45ydz9bQmmaTBU46r5pRPsibNJipump,KIDNEY,B,1785861777.181217,1h,125,0,sl,
D3MmqB1YgTJZAta8mbWNqw2b4mjDT5KEZ71Q6kcTpump,Cameuh,B,1785837843.6774518,15m,477,1,tp,2456.3
2WnQohaMh6Dnn8u2afduvfhyWZk5PJVikCeMC5X9pump,OltSeson,B,1785818010.2921526,15m,42,0,sl,
6fEaYuzirTMXFnFo7dGKHJs8wWVFPdh1bfZL9oRPpump,JLY,B,1785818010.2921526,15m,815,0,sl,
Gymbmn9wwMKe4NnmVceyyfpncp9arbwPfSdBsyY9pump,Doom,B,1785796593.182604,15m,839,0,sl,
8DoRKBVBzDKqKvXyzjyhKDkmxE2oQxe8Bvsst2zZpump,SOLDCAT,B,1785788148.9043844,1h,42,0,neither,
HtK6PtfghpsomyUk5mJA91DGpLAkJkGuMy65XK6gpump,FRED,B,1785781751.9490104,15m,29,0,sl,
CLoRXWYHKQm6i2vShBrTgT29J4RRBBgVthvnbK6Dpump,BABYCATE,B,1785781751.9490104,15m,596,1,tp,48.1
6dX5M8DY6VTFtVRX5yzWn9RE4MkJTyoAVbAodk6cpump,GEOM,B,1785781751.9490104,15m,856,0,neither,
9NCBFpUvWTuAtHbUo4q1ruvrUsuzUtwhRoU7HwrTpump,GINGY,B,1785775059.2619245,15m,724,0,neither,
2tJNy9Ep8bCXWMGSZkFt2r91rKLXbC5vAnTmYi8bpump,ELONCOIN,B,1785757757.9346554,15m,85,0,sl,
HR99L4BnTEKpr4ii9qm58NAtEmP1Y9cGgX2XUUebpump,LetsPlay,B,1785745066.4006104,15m,469,1,tp,2533.6
6kiHB9qU4Yefjf7eovytrBeyebd5ct5hqbFqeqrkpump,trenchcat,B,1785732718.7291963,15m,59,0,sl,
EqsLn2XNdSghRJTgZkaK66VPLVqdNiBGvXFAKXzq5Evt,DOGE,B,1785710471.3192177,15m,233,0,sl,
DWDL2S4kzf7B3zZ4FeiUo947Ca3QjDFYEH2v2YkXpump,FROGE,B,1785703107.5243244,15m,404,0,neither,
AbzABfZfMGTdiRur3kYC2j5WihusfDzW9FYno1t5pump,ANSEMINU,B,1785700124.6885679,15m,67,0,ambiguous_bar,
HSGCVT2FWQUtxX5g68WzTPbnmzWPuV8khFe5Hhmspump,Meowt,B,1785687395.4450152,15m,437,0,sl,
8hUxdG4ipEzCHUhk1w6Y6djp51ghKn9Bk8GsHxwTpump,windoge,B,1785679340.0628517,15m,401,0,sl,
7MYegHoqDGhWdvrnxeuiAEndgG6qcs1N3W5v6SXspump,Buddy,B,1785672693.0452864,1h,244,0,sl,
GqZ3Baz9Z5zmreGJ4GtYzFrCoEnKX6WifyzrCBZJpump,ZAPPY,B,1785668705.741086,15m,32,0,sl,
BhquHHbrU1wqsnet3x7gdz18Vih7C4EKNqtE1piMpump,Carter,B,1785663353.625946,15m,133,0,sl,
3H5zJjdodECf1ZsB48478GkSjTvcKVWzpsh6NxHupump,CACTUS,B,1785663353.625946,15m,540,0,sl,
8TLxeYnnWpMFiC9npbh7XzyHpLtTYmw6DCuHBJjppump,JORDAN,B,1785645807.3983417,15m,923,1,tp,13592.6
5FUTTMiN9KqZkPsk4q9Kpp6kmweRKTrJrdhhv5DKpump,CUH,B,1785627149.8939555,15m,948,0,neither,
EUgmSRwrsVD2tgsrVHWEH2JMv9C3TqqGsH7inixvpump,PWP,B,1785613686.9928396,15m,43,0,neither,
TTFZRVWRs3c9Tqa6MUvQbCr4iEfGdn5XLQ3bkLMiVHH,TTF,B,1785609207.5864642,15m,203,0,neither,
EbTTe3bJTRbAaTyd2weiW9yD3MEYGLMUpjdsZdF3pump,SPIDER,B,1785605174.9944332,15m,23,0,sl,
7m2TUkpPZCScBhPJnGjWjbh75KkDNnwAdd7i74m8awad,Ww3,B,1785597055.66506,15m,635,0,neither,
HhMq9vuWEntyUXFLv25xG2o3d2m8gJ1jdxtjG2J6pump,禅宗,B,1785576392.7483478,15m,390,1,tp,207.3
f5TmRASorjbq4x4MrKfxKTDPSBf6LmDrZnMEgadpump,ESCAPE,B,1785559347.8050914,15m,50,0,sl,
GuyxLMxGjhAQf8wtNVPAMnFxDm7JnXiLQUTgojgPpump,TOM,B,1785537446.5508342,15m,537,1,tp,453.4
CFavJDAfxjAc5s7DxLQ3rQyPebU8rJtHBbVSmp5Ypump,Ibeefa,B,1785528710.493921,15m,176,0,sl,
USoNnf9CY285mwhx12XSmmGuMu16w84v484F71JAMHF,USON,B,1785528710.493921,15m,551,0,neither,
6zW8P7fgtZNTCad1PDc35vkRbo1xbZfQPTMMLFeopump,friend,B,1785523204.1762574,15m,340,0,sl,
CcYp2Y8KNVWYqdTT32mu5LdVeJkBR5cyUAvEnFC3pump,MIGRANT,B,1785523204.1762574,15m,334,0,sl,
EAQRe1zCu8TaBSZkWkjY4SCAmdGAm9uLvLmrWEnQpump,TALKCAT,B,1785510261.0710642,1h,15,0,sl,
AGbfomctz1Pe9fzNuppVZ6jQrjZecRujyx6qt7egpump,urcoin,B,1785500583.7406,15m,606,0,sl,
EPRrmBQojQLNxKjULjkB2fHv34kAfgVK8JLQ7gRCpump,SHORTCAT,B,1785493273.7854612,15m,522,1,tp,5926.2
7cok2xaMZTzbae7ETiFC3n9GeFT1kCPeNnwLxsRRpump,HALO,B,1785493273.7854612,15m,608,0,sl,
2snh8r1t9WRaVBTQt11ionr3kfvpdBNRABvd4cd9pump,SWOLECAT,B,1785483533.8316877,15m,11,0,sl,
BsZKqtJdNoQsQCdKg9zNVaFjjPadDgtiYoo7buwnpump,ECM,B,1785473214.997824,15m,18,0,sl,
Eu3wxLxv1NHF432e3bYCdurGHUgJGCC3KH7YdiJCpump,VOID,B,1785473214.997824,15m,567,1,tp,24185.0
9Uh4Mfn57L6JSg4H3ZzmZsi6wbz6ugeaNZmA1Duepump,PIKACHU,B,1785460190.5158257,15m,148,0,sl,
WUbc4PcHxraU3NJqyygjM2YaTpSDaXirV3U8TtZpump,Nascat,B,1785450679.3527894,15m,846,1,tp,820.6
Fzf9vJs3385BnKvp9PgHX2iWZf9CzSoWLTnZBYf2pump,bull call,B,1785442025.0528677,15m,35,1,tp,1374.9
HpkuvFhxD3xAnBwbC2EZQvr8VDCoRRZ3AWnupLVhpump,Raccoon,B,1785442025.0528677,15m,49,0,sl,
GZEs9V467mznpgddszzDU13P6NTFwws9Em1u6TV9pump,PEANUT,B,1785442025.0528677,15m,552,0,sl,
6M48b3EVgTL2HmqkvLvMvfPGesN6YHdSc61cVixNpump,haly,B,1785436897.1655116,1h,25,0,sl,
FAijGiVUkZQgK1gEyMyGXxqQo9QJwd5CRJxRBBkfpump,PUPPSIDE,B,1785431155.0496213,1h,251,0,sl,
AnimeXV38KBcwkdf8sQ3XES9pW6BiyCQPLUHvCrpTXgi,ANIME,B,1785425169.5877185,15m,779,0,neither,
8dv2dVsBKrh4zpureLv7rn9DHycFf6GxRxdr3EG3pump,RC,B,1785410719.2533278,15m,295,0,sl,
Gc6tTHepUyKTKQN7oLTsMTeRPwz4D3FTTGwXyWMNpump,BELKA,B,1785403222.5954523,15m,111,1,tp,4177.4
6xspxZawBsq5yaL9gcfg9jSD9CRY9z7A8DySyMpjpump,LITTLE,B,1785393917.6433818,15m,404,0,sl,
7iZirmEZhqK4cR7Psgcq2oBbAHRVvgsNLKCSJj38pump,DOGE,B,1785384961.5869787,15m,535,1,tp,2638.4
EJqsDjKYHXEBUX2yqkUr32kvrGEdrQkjC2RKbCAmpump,PEPFRAUDCI,B,1785373519.895378,15m,361,0,sl,
BkCVuyxNjWk2eyCVEEoWWYikdfGPeFxwBbmDmzGJpump,DEATH,B,1785361286.1797812,15m,38,0,sl,
4fKj7fLTwzgJARUN8zmHa3o2fmVwJFTo6PYyHDwXpump,PIPEELON,B,1785357549.0857134,15m,6,0,sl,
9yzaY15JLqQBScy4E3VyV6cfZzEWCRTAPsUUjLeLpump,GACHAI,B,1785357549.0857134,15m,142,0,neither,
MJuM4zEQqkbym3VoF5jTLmeUdsvhD447zRnucjzpump,PIPEINU,B,1785336914.1914446,15m,21,1,tp,4785.8
6UozZHF36zk5GAgamH9zWajvPkGh3eRumc5QKN9Dpump,buly,B,1785336914.1914446,1h,190,1,tp,285.8
2j3z9Kr4PQuTZowLdWD2UCBFuArNgV3aRtsYkFDFpump,SMUGPUG,B,1785336914.1914446,15m,705,0,sl,
3jX8p8QumtfccakGib95yi4pPDNgQnDJEMmwjk1Upump,SCARLETT,B,1785327882.0627294,15m,170,0,sl,
2kXrA6YuuBPcP8TeBrNFULv7RJwpmPHR3z6K3ebepump,Jimothea,B,1785327882.0627294,15m,822,1,tp,317.9
HpD1TUPDXsZV3BJemr6QsanCyzzBegX97WvoCzt1pump,HUMPCAT,B,1785320021.1369236,15m,378,0,sl,
4j7ofgW1T8T95e2KKMR8AKiuGkUTZaggJnbj46gzpump,PIPEDOG,B,1785299746.2644205,15m,577,0,sl,
AfpoytNV4W18dpmPs5FghWJLJx9diH3qX2tuNH7Fpump,SPARKY,B,1785299746.2644205,15m,62,0,sl,
3G2At3nh674eLVjfRXnJw3HGsgQQAWMXCsPvt9tBpump,JUAN,B,1785287554.64681,15m,209,0,sl,
3U5ZB99H9xsfGKmho5xUtmos8AuQr9wz4mXFbT4fpump,LARP,B,1785278375.7255301,15m,99,0,sl,
3XstzAweu14Djh8K8udr7iZmd6DCwGiaSAdKL5NGpump,Frank,B,1785270120.0118945,15m,440,0,sl,
ksxv4TqwfNdEUA2gqbpYSvKTJNetkto6ZuYgjhxpump,NYANCATE,B,1785270120.0118945,15m,43,0,ambiguous_bar,
8mwa57WGi1L656Y34BQsAzKt76qxXwfV9FEwFCuvpump,金毛蛋黄,B,1785265150.2895539,15m,14,0,sl,
5QZDZtXwSHGfreiVwkLvhyLm9MN8APjEvEGzyArhpump,Deaton,B,1785265150.2895539,15m,929,0,sl,
2vBS6D5mTPbQHChbZevmJ3Ck4uyrmdhbt1LkbyLopump,MEMENOTE,B,1785265150.2895539,1h,339,0,neither,
4tzmsD8EpQVPqHDdzSXWNHJnBLL3fNUFbLv3nufjpump,MIDTERMS,B,1785260922.0311038,15m,590,0,neither,
3aqXuwp6HuVXs9vdD9Gpg4dzJaUx443RjK7GXzphpump,FRANK,B,1785249032.5728674,1h,362,0,sl,
3LdQLw8ZBMcjjRL628MntdgS8KcsEunJWiRncXH6pump,BULLCULT,B,1785249032.5728674,15m,709,0,sl,
HknhbJQAE3MgswkkU6xAhXLXZS5km17nHibdbk1Epump,Nugget,B,1785240321.3540516,15m,45,1,tp,7778.6
5csfa95Xf8ebiCwP9joQ7mtC8KwFvnnejnYx5FbYpump,XMONEY,B,1785240321.3540516,15m,511,0,neither,
EKH3tGXvf5cWoXLdnCYrmdLBPhrykwVxNuMPJg5Lpump,NUTBUCKS,B,1785232808.1565654,15m,301,0,sl,
DDWjoEafc3AYGXRHtCjqNKXEDmrsmSnF2n54qpqRpump,ROBINJACK,B,1785223187.4003623,15m,49,0,sl,
5Lxdugp5gpE7dau8YRRyKn5KeLaiFUGF9EMmHT1ypump,DUCKY,B,1785200956.394122,15m,23,0,sl,
BezdJrtJxz83mewWwcKBjFctGC26ECNaGXo6vMDPpump,Clarity,B,1785195565.785347,15m,539,0,neither,
ETguf5mcGLRgcCdKtfCXNVXaCpznFN3TqbUT6aEp5iys,ETG,B,1785191450.6842515,15m,163,0,sl,
3KeUGy1hARt1rCCydFt11r6FuWAYUxnQZJ2JkwKbpump,ECAT,B,1785175749.9987156,15m,621,0,sl,
BcNhFkxKPTxmYzK4G98VafhaHWBSy9deTujuTok6pump,RETCATE,B,1785175749.9987156,15m,54,0,sl,
gF6kXDUPivpk7VkqSBKfamxdyKzQPfjj4vXW2U8pump,JIPITI,B,1786541785.5847156,1m,110,1,tp,3934.4
7mPKEd18jVUKi221Nw34CN6rBuDeKnzXeDJo5Yg6pump,BIP,B,1786533140.8102272,1m,283,0,sl,
hVha9sExfqchfVA8jsrdwDN4Wczep2o48adCnY6pump,TINKERBULL,B,1786529780.8319373,1m,392,1,tp,3819.2
6SyrTPpPTUphxKneTaZFnJPu1h8ArWvoie4xHumNpump,FROG,B,1786520743.6997414,1m,541,0,sl,
5rRdD6BFADz1iPcm7dzMaeTV4tpu3PHoucGUAD8Spump,TOADPUNK,B,1786520743.6997414,1m,561,1,tp,856.3
AvecKFxn8ihToR7gwgAVjfqV56N1rWhN7hv8joXQpump,COGE,B,1786514511.3698885,1m,665,1,tp,8228.6
EGkqSQDT7MYJNhf17vR2JZn5pc4sbUDeN2gFCP6Ppump,Peach64,B,1786514511.3698885,1m,657,0,sl,
7xwJQh4jX5pgkLrKCcij4UXcdyXWxDwzeVr65NmKpump,CALLOUT,B,1786502239.9382107,1m,414,0,sl,
63zfjPfH4uaX3TQZoD35WqUrqiuCQQWndMTxQHsJpump,Prometheus,B,1786502239.9382107,1m,698,0,neither,
HukaK2eHhbTyiuUwuKMntjPJP4aGdD4VwiExsNmyT8WJ,BOT,B,1786468570.7675512,15m,95,0,sl,
vVzBpN7bboV6HMfP3Q5kFKtZJp1YKn5XG3YGfNKpump,KUNGFU,B,1786464800.197141,1m,43,0,sl,
DNFUP9tDaaHSLGkRfypf4t1u1uNYnFiPKUWFivBWpump,Bowser64,B,1786502239.9382107,1m,851,1,tp,100.1
tSEakxwRz3Y3BpjDttokygCgScgLnui19NJGrR4pump,Lucifer,B,1786461032.9674122,15m,104,1,tp,4767.0
2pkwbAevwwVu5FZ4KHqVVKVMRPUs223C4tJ1Vddspump,Mayonesa,B,1786451151.4280453,15m,115,0,sl,
C6ASDsxzqBvF5bCQFVAGMRWwfgZNhfozbb9DkgiKpump,ORANGE,B,1786437542.5462582,15m,130,0,neither,
5GgkUst9YjkEfqJQ7TTqWvPtoswUdbboYTy189Yhpump,TOTO,A,1786434091.975722,1m,535,0,sl,
9ucedEu8Ruy58KtwCnjv5mhiKXmzC9x91AJNUF66pump,KEDAENG,B,1786434091.975722,1m,85,0,sl,
EFeVBVBX5ge6Es5Ymj1NL4ErQjHyKpJ6tLDnKkHGpump,TFD,B,1786420656.2487879,1m,527,0,sl,
Bmmw12BteZLFcUUrc3xVjJ6DKbyzXpC7wE9jxPLzpump,$Bdoge,B,1786398745.3985655,1m,613,0,sl,
8Y5WvnNevzBgiPpqgvAuVK2GAGDNYD7iPaUi8z9Rpump,Oscar,B,1786395424.3283577,15m,177,1,tp,1975.7
7fj9MCUho1ehT3oxsBRCTsc2Ke5Bh7vUDqgxo4pWpump,PIXIE,B,1786389147.791511,1m,62,0,sl,
7Syw6tu4Jx692uhoryjok5yBwTqje1oftit9E3LHpump,PARKIFY,B,1786378338.0824606,15m,196,0,sl,
FCjd5R4usXebjKT1RXo79GjSmWMuDvL7yJdDaJWYpump,BINGUS,B,1786378338.0824606,1m,237,0,sl,
ux6z73m5MpvVqdmV9U2sbVFp7zw4UXa6rFdgrExpump,JIPITI,B,1786365303.5051384,1m,32,0,sl,
CUUxAtrdUsk1cX1cSdWuic4ww1894FVEFMFJb3Unpump,ASTEROIDS,B,1786361871.7691379,1m,430,0,sl,
HpZSFUgEbzXe9AP2xdCik3pYBTifTr5tPTMrq65bpump,TOADY,B,1786354980.7531564,15m,128,0,sl,
9sa9nwDeoFMYShhGgVxBJTHTXHF6jbQnxRXF1Pqrpump,TOADZ,A,1786348740.236235,1m,857,1,tp,11879.8
HUG316gPR11AwHirwqefXFNnTEjwoUER5cE1SQgk54US,TOADWIF,B,1786348740.236235,1m,230,0,sl,
2uXzdgiVtuD3TFutqxu2mCKYBytuARkHhJMy7iWkpump,FOXVSHEEP,B,1786341797.446872,1h,53,0,sl,
3zbV8nS9Wx2WxJ16uXYjTZZvoHbTnrvTQYyZE5xEEd5D,BOT,B,1786311729.975428,15m,264,0,sl,
CE1KorYR3fP9kYoDDQKXHHD1rM1xsbELpFn22k8qpump,McWedding,B,1786304701.410032,15m,188,0,sl,
3SJZcESxBMGvfRHu2DX6LeewMeFX586hc3hM1ZMQUANT,WINTERNITZ,B,1786299422.2487192,1m,392,1,tp,1257.8
EtxCL9DfuQ1ZJcydWY3Mqd5B1XjhZhRKTUdAxpjSpump,RURU,B,1786292124.023538,15m,265,0,sl,
zajhNffGDCgWG7pT1wRKPvHcCgD3jtf8QZY1XX9pump,CASHCAT,B,1786292124.023538,1m,532,1,tp,1956.0
8iRbif9ppN5KHV44CUh4g77hGZXo8APDmasgC5c3pump,TOADLER,B,1786290023.06825,1m,60,0,sl,
DKxHTQCvDKUke1WpsHgbfueuRiTMqdzXrWeFHPvzpump,奶蛙,B,1786284612.6119409,15m,300,0,neither,
5CKuyx8kqzwHVZKoRMstBih9wteTv4XoSBq48j7Zpump,Pinkchyu,B,1786277854.6944385,1m,365,0,sl,
FRurQLB9kGxLsNLAcM7LgyHYRHxwy4g44BpzsmHakadu,Kadu,B,1786262685.0179095,15m,257,0,sl,
FPfi9q1AixdUeWQVPFHJMJQ7a43S78dm6UZ4fzN4pump,nosis,B,1786262685.0179095,15m,325,0,sl,
G5dyx7UfnX6TeHqrPVAM7qNMXznAsvjtbsbTCNbRpump,SKOGTROLL,B,1786252514.6764705,15m,328,0,neither,
9XwtS1dGSWAPpuc5FtgShpLZmZkgXT77fjRuvNZTpump,MIDASTOAD,B,1786243744.7347162,1m,213,0,sl,
EqtUZ9GD22hTBcxiRgQgzPQZ3ncj4dmwC5SzyJT6pump,KENNY,B,1786225829.57289,1m,92,0,sl,
8pVz3E84hntMq4J9BeWv8KP7xkRNyS4mB4kMGRTdpump,PURRBIT,B,1786222340.477675,15m,20,1,tp,3159.5
57miZy94FL6iS3foTX6hJWp51aET8MAoZGT4zYuupump,Hypnotoad,B,1786215798.845528,1m,741,0,sl,
FC6WBsiqnoq5KqjcXA5mawtshXkTDFPjY3DevsNppump,CLAWMBAT,B,1786208190.3440242,1m,470,1,tp,2069.7
5PSfG9tsifaxfJuF9kwHfkDVB5myowkUrwdqUh7Hpump,Oggie,B,1786205699.721855,15m,247,0,sl,
H6jR4eKYVAr9MQ385Cmvo3SogLiYeUX8ECsxqihApump,PURROUETTE,B,1786200096.528227,1m,474,0,sl,
HSf6w34nAHiQ2uTPsFH3gSjae7rvbEmgoBEQm2uzpump,PLODDY,B,1786200096.528227,1m,521,0,sl,
Etn5sZVyKfYY3tqLqctEA4sqKW5Psy221wKNo7K6pump,MARU,B,1786186472.780042,15m,275,1,tp,1227.2
2qE4vpAj5zv3WDCUdsxkdDwLboqC3PZk9caa3DjApump,NAM,B,1786176204.1094997,1m,171,0,sl,
HKBWBhuW2jBHTLmJYFBwUBZkdzp6ji8ydjAwxP1aUSPo,KNEWIT,B,1786143637.9927576,15m,443,1,tp,862.0
K3kpBCjX7UJgt7i9LUPRuJ665To4KFUrNyMQRN4pump,$ghosti,B,1786143637.9927576,15m,300,0,neither,
Edpcd9aYh6BVRKV5hYrgnEuJ3MHAFcdnHtSL9yvopump,Pinata,B,1786139489.989314,15m,240,0,neither,
AuD4BEQaNUcLzqKSVANe4UGZVUTZcpamuNBAfBFdpump,PURHZ,B,1786120085.6799223,1m,523,0,sl,
3UGJHrLqzbX4g7GdAWAn5XkhVApT4WHxAewntuWJpump,DREAMCOIN,B,1786120085.6799223,15m,216,0,neither,
YBPUY1zz2QV1vk9X81YekCJC7MNbVxcscQxBiE2pump,MIMIMUMU,B,1786116640.957802,15m,439,0,sl,
mNzssXQ9hU1ASJ1CVuu4JjrFBrfeVdR2JzirKS3pump,RAVECAT,B,1786116640.957802,15m,363,0,neither,
XTAL9rJpwoPokY1p2KqGcuBULuKJ1BXiQYDNXEq7KoX,XTAL,B,1786116640.957802,15m,488,0,neither,
6gTwUQGMFq2GMNYgvb4ejjDqCBoN7Gs87jToemYopump,TINYTANK,B,1786109030.0000088,15m,303,0,sl,
DLtW3nX7tqMvY4CKCUGpwZ8S6ZanQC4Azw66p1Xqpump,MINICATE,B,1786101074.2523072,15m,287,1,tp,1125.7
CdKQLGogBTECMzYaDkU4uounyNKVxU8L5S8titQKpump,TRIPLEAPE,B,1786097678.1732495,15m,40,0,sl,
AwvwgWt7gZ9seYtzcK8LLSS8hCTfyQnRpAWN135Vpump,PROOST,B,1786079312.483242,1m,977,1,tp,1647.5
3S5mGWH54YAtjoWNHEEA6rhCC6vFTzpFVzAGiwyepump,GATO,B,1786072852.6549878,15m,206,0,neither,
4jEbdEWatK6ubnK915keqyu9T9EVmN7P87Vg7LpKpump,Telegram,B,1786061936.842252,15m,511,0,sl,
CjRtyRTbwBgtbpDshAa6uAHP8UPMDqioFZATdBqmpump,Gus,B,1786061936.842252,1m,943,0,neither,
36GuKdF7Z3fVAMVeZQRUPBT2uJd4SuXvmLnmraD7pump,CATECOIN,B,1786018333.1279159,1m,187,0,sl,
B7wGz1pcn3FR8EimxZf2yLWFKg9KSLumqrTX6MaYpump,Turtle,B,1786018333.1279159,15m,473,0,sl,
77rUTY78vqn1MAaWMFW2dFQ9fHNr2WubS8e6P3nhpump,Tardimals,B,1785977844.8706326,15m,639,1,tp,1055.1
F1mLkfewYCoZgR8sGBmwLg7bzKtcKyyqJ7YYSrVjpump,GoldCoin,B,1785972714.0772817,1m,282,0,sl,
CRkYt5r12pat431AaghadDCjrGB2vGQ1ekQziSjypump,1MCOIN,B,1785964871.8873696,15m,57,1,tp,528.1
B7bVuZ9vVGmSstLNfU3heVxgsCLQuC5D46HgqaiSpump,POKES,B,1785959948.5021126,15m,275,0,sl,
94jVx7XRH3MHbgNzdk3bdWZsArZeMwkBr9antDRFpump,EMBERCAT,B,1785953267.6341176,15m,435,0,sl,
5ZUkxSP66eN9MjnfGQ82zV682x7H56ZYP6wpfyWmpump,Mei,B,1785953267.6341176,1m,129,1,tp,2352.4
7rMnp9EJd61SvNn8LGc7SAJeQxM36oeECKmP2a7opump,KIO,B,1785953267.6341176,15m,671,0,neither,
3zyBhfJrMrXJrWG8n4LJdUnoASfgQrBZ2SjtzQeqpump,BABYCUPSEY,B,1785946988.9654593,1m,735,1,tp,51.0
Aq2idw7BeJX2WfNek6jGnp1z2s79CpFYZXo2zCF1pump,LARP,B,1785924094.1010437,15m,571,0,sl,
AgijpCyfkbj1Z9mDmmnrq9yZQVWLtxQoEK3rQHRapump,CAITE,B,1785914359.158583,1m,937,0,neither,
9VKCbbd7c3Y6MRAmvB9rzgAtuGjvFZSHTZPqa6FNpump,Niggolas,B,1785904300.1999161,15m,358,0,neither,
EhhhiNyiomwdTjHiGrLTtxvHcNg4Vh9gNX4TUFvWpump,Facebook,B,1785878541.5478354,15m,255,0,sl,
7WmG1z9ysDhAWY7vCGkbhAG3zCaVUzzZrEAUj1hjpump,OMOJI,B,1785878541.5478354,15m,658,0,sl,
6CpVLDKyWcEeJ7Ypvghc645Mg2TjbuABztqXqK5Jpump,CAPYBUS,B,1785867573.585667,1m,157,1,tp,386.4
4imK9oUJPrf9ktMUqXCZDSfqm9uagX1BpRaeWWnhpump,BEAR,B,1785845490.413112,1h,159,0,sl,
89RAitwPJBEfLK4Gcg5iv7AjFABHWNvoD5rkvRkvpump,TikTok,B,1785827961.317112,15m,799,1,tp,13238.7
6Hdq7xZUCKoRxXMbzKhL6WMmpbgS1y1FdpU1mzU2pump,100X,B,1785818010.2921526,15m,269,0,sl,
3spGNmo9SKtiHrUeXAjchoqUBNgGvRBdDpgcH7mSpump,merv,B,1785800613.621365,15m,517,0,sl,
C1quiRbpniMjwABM2d3vT9ijXUTtmTCKTs8uaAy2pump,Pull,B,1785796593.182604,1m,44,0,sl,
2YxEmTED9G5ZpxwfBHuVzPVQ4TfMYTAjMo5Tx1WApump,MEGUSTA,B,1785788148.9043844,1h,210,0,neither,
7M8qDF65xMHBVEphDThNfCvea9Q8f1DrMEjuHYuTpump,CATECOIN,B,1785781751.9490104,1m,74,0,sl,
FGv66qXAKiXDFwdRKKU2EQVAYRJkBDU5bdcsxP1fpump,MIAO,B,1785781751.9490104,1m,203,0,sl,
8vGr1eX9vfpootWiUPYa5kYoGx9bTuRy2Xc4dNMrpump,Fapcoin,B,1785781751.9490104,15m,725,0,neither,
yPRXjUeAidU5Azc3GL35QbWRyJwznju7yTGmzKTpump,COW,B,1785765970.1764677,1m,87,0,sl,
GRtQ5uL4865792LD3uEX8mSdpbXKbPY7VbTBV9Xupump,Bernhard,B,1785327882.0627294,15m,224,0,sl,
56mZroRW36NLc8evXE1EicVdmCg1Ss9UsB36R2wEpump,光噹,B,1785320021.1369236,15m,25,0,sl,
AE8Wq7D5cCqdkhP3mvahBggVPLYAP8awSvKWJhD2pump,APLCAT,B,1785309955.4223576,15m,54,0,sl,
Cbj8wDvAvbRw8McNPd7ZhUrcw8NSvsyfR4db6pL6pump,DOGCAT,B,1785299746.2644205,15m,577,0,sl,
3MHZzkmgxguPpq7RRzczjzLRDaJwcyGtyFUgbXMEpump,Tsujicoin,B,1785125307.4833076,15m,735,1,tp,26492.5
ERMS1vKBCQS5YMJCcFNP464RJyHuHwSLYdpsre5Cpump,MIDTERMS26,B,1785111390.5027554,15m,529,0,neither,
9ZtbETDNjnST9Y2zs82FZYy49xUMPgqXRh46YjjRpump,Brötchen,B,1785111390.5027554,1h,407,1,tp,31409.5
DZPspRipkDMUxTzd7NdQKqHLW9fSuE8CWmModx2vpump,SMOOTHIE,B,1785107741.276589,15m,37,0,sl,
EV3wbTo13C6xkTshUZaH3LJeStYgiKR7mY8B7am6pump,SimonCat,B,1785104145.674629,15m,40,1,tp,3554.3
6pDk7itpB2xQUQAvJLitNFrCSAinjozdPBcS6UsLpump,BABYCATE,B,1785104145.674629,1h,353,0,sl,
3QgaUegtLJSdXA2NzDoskN4rrJEqTnF1XWA1nBrPpump,Kabosu,B,1785100065.1832352,15m,691,1,tp,434.8
gB8hzbFmZWANMuARYoerRQKtoSn9KJ3w2b4aqm9pump,PALWORLD,B,1785091550.6544304,1h,413,0,sl,
GuXiRMUJSSRGUqe4BZGPokxBUg4EDZfoH5EBt7hopump,Capoo,B,1785087506.736912,1h,36,0,sl,
4BQ7xDWWL7aQhST6zKVQMQFnfLvZmogrsakpCbz1pump,MEEPCAT,B,1785083517.4462554,15m,39,1,tp,782.6
9AX92xMkM5Z26nQzmJfb5wRZsLSs4n4fTJxMNom2pump,HAPPYCAT,B,1785080007.263708,15m,507,1,tp,5192.7
BA1Sqcj9rzcsHtwavNSVFeCXRioFL9BP4Y7f65UJpump,PUFF,B,1785075113.6163352,1h,12,0,sl,
BiZcprpAUMJLvzHNu5zRzdpphKKeUNe8gYCm3yQ8pump,Knotjira,B,1785069191.0739963,15m,233,0,sl,
AKsNgG1sTmNe4CV5x88LXSBsN9Sw5kYu6UvLj7Y6pump,dream,B,1785069191.0739963,15m,150,0,sl,
GiRrLzdan5Gz31ngH4zgxk6ybYaryNVCSLdAJyn1pump,SalaryCat,B,1785064051.6818573,1h,424,1,tp,3148.3
4FaSuBUp15t9Qiar9MdpaspkZJU5RK6A3QLnybNCpump,BUB,B,1785058618.1447637,1h,247,0,sl,
BwMGuEjN6uNZN34JoPT3REjFgE6uvAFaJgHdcNT1pump,SalaryCat,B,1785058618.1447637,15m,356,1,tp,3181.9
7kfJNK972x3a5W8kmjYkfGK9oZGjkRCEtZkzPkuapump,DOUG,B,1785050796.853871,15m,921,1,tp,6503.1
7kJehzAt1WNmXqLwuZzvaN7gnheLLZQsKu7ZMEXkpump,JIMOSUMMER,B,1785050796.853871,15m,988,0,sl,
DBpvALhKXrptf25jfB7ym2QzVuj4CEmF6gV49b9Vpump,fuck,B,1785050796.853871,15m,201,0,sl,
YKHT6bCBxZMo22YZSghe6tsp5aFX3mzyMUbbf3Apump,Nong,B,1785050796.853871,15m,251,1,tp,1103.1
4R8nPamDM3Vk8V6ivpnq2gmvho7ueVpMGU9noXRqpump,BROKER,B,1785028284.5945134,15m,520,0,neither,
GKUwfyQoJ9apCaoWyYaQ9RT8inZed469v41M1Ljb1ock,BLOCK,B,1785018696.7871368,1h,438,0,sl,
FpSH9YniQQFbJ9vwjxqsNHA7DNfecJEWiREFseb6pump,ASPCA,B,1785018696.7871368,15m,508,0,neither,
2U75GgW2W53MZMuH2jSDxcekjFF6Vw4Q7KxYBw5Ypump,丸太郎,B,1785008919.671059,15m,42,0,sl,
28R7K8iUSmkxSsuZTLq6uqzh1cwNhEkapqkNA6m4pump,MECHASTALIN,B,1785000359.638457,15m,20,0,sl,
7LRpiiDzNVRdxfatA5T1iGvQmPUP46pMkpfGnqYWpump,Cupsey2028,B,1785000359.638457,15m,716,0,sl,
9Lua93QysHFz6Qni12T8gW7Z4XmWx9oy7qW1wg4ipump,Bullsey,B,1784992434.8619654,15m,24,0,sl,
5R1xMXCLuRxLN7AkQeUxh5jvk68YWZoQeYzguLpgpump,BAGEL,B,1784992434.8619654,15m,13,0,sl,
GPJZWSVZpYsRxuzhv1DKDGTmawPgSxUSd6fpja7Tpump,Neném,B,1784987756.394548,15m,873,1,tp,3843.6
Bh819rWjgJvWKeu5G38AcdZm7aKq8RdSfF7stGREpump,VENUS,B,1784987756.394548,15m,39,1,tp,2043.6
8gEtFeKeRt1QREkU51dRih9pQ39PyYpRRZTyLg2v5qFn,sharkdog,B,1784980370.4448645,1h,426,0,sl,
2FCerziZbakcdDbuQNgEWPxGRPYGmBzMxEJKkqJEpump,RUSS,B,1784970465.7304938,1h,440,0,sl,
7hpGEPpdDHaeXPW5gFWunPqoEU4C7NxCYT1ZnQF5pump,SAM,B,1784962696.440329,15m,28,0,sl,
7iLe8gak6XAcRA6xx4YSnPK4XHjiHyEbq5rqUJ95pump,MAGA2028,B,1784953442.1164734,15m,29,0,sl,
P3KW9c2SLG2k26jW9pZ2rB9omho726aUxjNe68npump,FORMER,B,1784953442.1164734,15m,142,0,sl,
A95ZxECYCw7JKwRo6KCC7KxUDPycBaLb6rdFtqT3pump,Trumpothy ,B,1784953442.1164734,15m,258,1,tp,357.9
5wQFpZ2Xstd6khM8WwtVdhegiNEjM48DYErMVVknpump,TRUMP 2028,B,1784953442.1164734,15m,147,0,sl,
EbzAM6hw7MQP8VNiwixoc5mgW18NkR348HFxVMHypump,Waddles,B,1784941615.2907119,15m,842,1,tp,4084.7
CVdByCD7SLsj2Kv7UAqGyNJgSVc4Nvd8qdL2U1shpump,DAMDAM,B,1784941615.2907119,15m,887,0,neither,
9LRi6EXPUebHqE2LHfmvioQKAKAUHEnhCRgpKDjepump,dogi,B,1784941615.2907119,1h,349,0,neither,
BW58wHRGGkifcBBJuL3AJnWw6FgvjJWLq6cjG2C6pump,ROTATOOOOR,B,1784941615.2907119,1h,369,0,neither,
Gtxz1uCBCRn9edK1eXpnqbqv3PRcdjkS9JLuXn99pump,Mr. White,B,1784927854.132868,15m,41,0,sl,
Fr6e5W5d3YpZ3V1pAM6TTeW7iKkYvgQwgw2y4tNopump,Looongcat,B,1784923505.5132582,15m,122,0,sl,
8bEbF5WZcPKhSUJ3nF4YLdPtsWG7HvU1f1DstXj78BSp,Cow,B,1784923505.5132582,15m,301,0,sl,
DpHz68ok7iF9i4KniJzy7FaqvQkLBuN962giMtAJpump,FREG,B,1784918378.280678,15m,905,1,tp,6621.7
Fyj27HvNPeYXktGa9ifAvwmFnhxNkUr3yUCciZ6jpump,Benny,B,1784911998.4166594,15m,766,0,sl,
G6ugqRMLLeBr4UmkmyyQ4sHSisC1z2DaUReHanifpump,URC,B,1784905432.8399353,15m,77,1,tp,1567.2
XSTuo1fV7HHMhs4BYiwtrWSLsMCJNrooH2AssWTYZqP,XST,B,1784898276.7200835,1h,458,0,neither,
d1bLTAXaYxRsdQ9SX7MX7N3pJE3uFLLh8qkmMEcpump,SHILOH,B,1784886027.2050028,15m,186,0,sl,
EBZruSYTRGqr4EwLcpT59vkLpLUutxagAYb49mo3pump,CAFFI,B,1784877686.4651244,15m,48,0,sl,
FNS1uTEXGCCZXYzGgzemxsFxjDowGbLpmAJ1Ehdupump,FROST,B,1784839636.0144005,1h,32,0,sl,
3pz7Xrpsj18m8LJE9vBVxEPDLnSvkDxE2hUxk4SPpump,INFINITY,B,1784839636.0144005,1h,274,0,sl,
AkrALZfCDAgfVeCTMb1Xh9rWNn4XTPXzD3FEGFEtpump,longy,B,1784839636.0144005,1h,290,0,sl,
Gcen2s6nhqdYHDu99fJYq4Aumge8JwM56wDZksrmpump,DBG,B,1784830801.334271,1h,220,1,tp,9598.7
HQz4DSDrvgiSeEALGJv1gzSxJx4xfAdigG89pZqMpump,TRASHCOIN,B,1784820482.0758317,1h,334,0,sl,
7SdsWCRwdB196x75AfotUFGNNCUyEFGHnDC2qTuypump,TEXE,B,1784820482.0758317,1h,43,0,sl,
5pVQnFwVxrpS81bXCPxFfh1LHHbv3AcymbpazZnhpump,MATH,B,1784812445.4761424,1h,443,0,ambiguous_bar,
qnPzgfxz41em1i8jK2g8pgs1ejuntoSxLf1mDUgpump,Kyle,B,1784806966.358551,1h,289,0,sl,
GD8cdLqU3HU8FfsQDAKU1vDrewciZC2WgRfs2yAspump,Syrax,B,1784799674.4772997,1h,360,0,sl,
BahBSeX57kiZY47knRDLSa5unDHiucWygyS1A1C6pump,GME,B,1784790701.0908911,1h,56,0,sl,
Bg5WDueyGm9ewSQKURx6RdrFQCEmkuz1WQecg8njpump,Khamphong,B,1784790701.0908911,1h,114,0,sl,
EP8QJoR6LnMidjv818MWGs7Mm4hQR6vv1gNdT7NK4Lgy,bitcat,B,1784780931.2652154,1h,202,0,sl,
CAqfq9VneEGmNrUXxu9ofyFfAyGppjrXpKqg7fnssarB,SOBOT,B,1784755373.0893402,1h,129,0,neither,
BmdXs3WvW88MctjKibL86FTUdTyr9GBn8XNUuok7pump,ALTO,B,1784750483.0927978,1h,74,0,sl,
J33WbCWN2m1EpoNUP9Ch6cWoV5j6BFJervDfgPk3pump,Cricket,B,1784745907.1178763,1h,515,0,sl,
EZ8Sp3zx8RPswHNYnykFG7V3uLqpua5d89qpVD3edoge,SWOGE,B,1784735639.5929372,1h,249,0,sl,
2Dgvn5ktX6DnEY4wEBrevCutgUxuZUtbzVHKXp78pump,Cowl,B,1784729865.2143664,1h,25,0,sl,
Cnm8PaGvGFPT1dDqvRLYRZLwqdTN8dUTtQZT1BTKpump,SWOLEDOGE,B,1784729865.2143664,1h,507,0,sl,
6rgZ1MEFwik2F1tDGfq7e9xmMf2vZE72uWTDNpospump,deerabbit,B,1784729865.2143664,1h,128,0,sl,
7LxAGkCSxftYVZnqai7bPfY2diVKep2sF3NaXc1Ppump,JIMOTHIUS,B,1784682636.2943857,1h,75,0,sl,
2HBTVUsaorJ1axpMxkqBv1c85nyXp34GFMnrSA2ipump,Cuda,B,1784677416.3649523,1h,23,0,sl,
GEPfztBZqdh8nZHaPsRxd4UzzwAc8wJRQvC9Rkuxpump,BABYJIMOTHY,B,1784670168.9495583,1h,540,0,sl,
5M9bFfdqwGxXNMEMBgPsr8dyr7n9KzJxgMHQ91eGpump,SANCHEZ,B,1784656108.4810183,1h,77,0,sl,
HEZTzupnyVebcpJ2PZem4DkStCdpdZCAENy7aUexpump,FRED,B,1784605880.0897858,1h,373,0,sl,
4tnZ57E3oWjaZKSQY1iwgqiD8ivAGk5TambivhTYpump,GMEBULL,B,1784592877.3460135,1h,554,1,tp,13522.7
BAGWtYQm6kei9M9hoVcY3pqXxeiGZ1poGoq51io5mJS6,POB,B,1784589024.9412014,1h,565,1,tp,10175.1
6wCpTaxLmCeBdsazRebYNHtFNC1mPJDWKscHHVwkpump,Jimhood,B,1784579857.1566837,1h,357,1,tp,1342.8
5gwe1GmHQcWAGeqcJ7H7ESLAkXq2xJ6cY7JiVgCnpump,MOONY,B,1784567038.943801,1h,290,0,sl,
4rABHLfm7BDkkjrkyPYtRadg2BZTEZVoEy3MzrFQpump,WHALE,B,1784561041.4928071,1h,531,1,tp,12958.5
FDM8DKzNNUZNoveMPJ9qQ9y7GpXp1wKq7Y4ujtMMpump,Jerboa,B,1784553596.7175272,1h,290,0,sl,
DZHUbHzcedNzpfgqjTgrKu31fLr6hBT7h7hVxgpZpump,GBULL,B,1784546213.5056517,1h,449,0,sl,
93tRm6L1bNr15FTjnYUazRh4J3Ths2bL84myCBNtpump,FABLE,B,1784535272.0709136,1h,259,1,tp,9927.9
6Z6qeAuA45G8RrxG7hjZVdPHn1rNHtedJy9WAXg9pump,Tilly,B,1784535272.0709136,1h,581,1,tp,42327.9
4kdX3qeL1t8CoVLVM6XDygTBWz8XfWLRSuLJmojJpump,KING,B,1784523363.6648958,1h,336,0,sl,
EQZfBpWpQc5BEUsP3q79xk1k3mKAAeL8bVZ5m1LJpump,ESPCAT,B,1784509738.1294131,1h,277,1,tp,6661.9
fQDN3YED9Rkz5oaPPt9V6xTgmgHtkybgizwvNMzpump,CONVICTION,B,1784509738.1294131,1h,339,0,sl,
3zbaboajDtmsu6EKBiT5d3BmbTMLyFXbgwkKSoZMpump,Argos,B,1784496529.1355813,1h,376,1,tp,5470.9
6ZEb1x9vLREP1WDfnsv1k99foGmjNhPxy12wBr5xpump,YamaBull,B,1784496529.1355813,1h,37,0,sl,
8ipdADvjbmmANFKLvmWJWbNa3bWmTrAKS1TwWXCKpump,Lionel,B,1784490486.6314902,1h,159,1,tp,713.4
3qbphpUrEEYyhkDFyXzWLLU9Nk75ng7frc3Rvt7Dpump,MAGAMEMNON,B,1784486046.6416783,1h,47,0,sl,
5UNFUzBFu34Zv8Cewfn33FxbNtbFuihmXA4Rgee1pump,ANSEMCOIN,B,1784486046.6416783,1h,373,0,sl,
HmqNryXmwU2H7tYZwTyd3nqUnEiELGjxivgDocEPpump,Lamiau,B,1784486046.6416783,1h,110,0,sl,
DoW1wXcxEWqgDyhRBUruCKKuMtYqioVW6Fb76F88CcAb,DOW,B,1784486046.6416783,15m,11,0,neither,
3896JtCMnJp8UREX13EGXH82mEzrUnt8ZKNLThYRpump,猴子币,B,1784478604.7406225,1h,452,0,sl,
AV9if3eY6XCSqbG5PwPemweHMXm1o95tcfV9asULpump,Komugi,B,1784474780.9108715,1h,41,0,sl,
rG2Q4Re1fSNLbbnqN63N2whNSTJ9yQaa3zsUKg6pump,hoh,B,1784470542.123143,1h,115,0,sl,
Dx2MJutrQwVxJ3PsdiXBzJdVkvVrPYCVc39MbJQUpump,TROJAN,B,1784470542.123143,1h,124,0,sl,
7ngrUqUvvnt1SpMRFo4rt7CG5CVscXb9C9ngHPr4pump,Nenem,B,1784461521.191625,1h,342,0,sl,
HbGVzMdUnxQu1dYcWFQYU3LboHF32rwY9Cem1WZ6pump,HNUT,B,1784461521.191625,1h,310,0,sl,
k9ZJ9DL9LQHfVudsK9ZswPwmhkQx1QML2pQoeNrpump,POD,B,1784461521.191625,1h,63,0,sl,
BwJTyKf4Du8sK3FPuUvK5rJCvrUM89cXfFcP2jwUpump,Stickbug,B,1784458112.3001544,1h,211,0,sl,
HAshQYgknYo1HJ6maFpWAoGf67RPhr4oEbEhaPgQpump,ARGOS,B,1784458112.3001544,1h,122,0,sl,
9MfmAQ1HGRGVZfrdwBsQnYzcuuYW2zEtu4uniaJKpump,Odysseus,B,1784458112.3001544,1h,103,0,sl,
DCjuEdUAaCWD7ZNHqMNjaN2dE2EsAQtpP5Pswjappump,ELONCOIN,B,1784458112.3001544,1h,107,0,sl,
2cAtqsRafKS7baN3mvJARhyZiMRdW4fZYNUUWUrCpump,Agamemnon,B,1784452889.124023,1h,503,1,tp,2310.9
32vUHPxVShN552WwJ36vWnxCoy34eTDHRiQwL6ZA3ntP,tilly,B,1784452889.124023,1h,519,0,sl,
62VuF8HACLg2ga4xnG9tRff5fmnfmoHJAUiCsBRFpump,JimSOLdiers,B,1784444954.0772235,1h,50,0,sl,
YYhQEwcAeScuY3PNxcBzRMDCvZf1Nw1TFK7dVoypump,PONED,B,1784435509.3834405,1h,482,0,neither,
HV1qExf1wqK2NLPuHpucPbCgcZsQWKBPtVqeg84vpump,Jimothius,B,1784423163.242251,1h,58,0,sl,
8YyFWfzAk8HrGscVoPLGmZBiA9BuaakuUTiQn8yJpump,fuggler,B,1784423163.242251,1h,113,0,sl,
Xw9hBXxn7TrGCjmnUyLYrbTxdeTNngxgXzowPNMpump,RACSTEIN,B,1784413654.9528499,1h,63,0,sl,
Ds28wMScEFn1ztgwKYM1m2d2Qse6p6jXJhW6KpZppump,ALBATROSS,B,1784410148.1111774,1h,352,0,neither,
DiV3ikZtwdQCMY7j6ovNrDTJJJVHfW6amz7F6Emapump,Hope4Pops,B,1784406745.4812624,1h,118,1,tp,19654.5
8iuNL36yGtMWoCKinRjG4jkyJhF9MbmiAZDHYC3Rpump,SOLjimothy,B,1784403967.4097662,1h,25,0,sl,
2mGS6WWuDy1xNQuCo7irzH3iT4SsSeSaA3oJ5NLqpump,Benny,B,1784403967.4097662,1h,353,1,tp,832.6
EB1Yye3HJKt8h8A6esUmFWKdoRvBqtXiX4JNxqcdpump,Nietzmothy,B,1784403967.4097662,1h,31,0,sl,
7UTubJ3W6JWwLUj82B9LgHFDmc8wFWtSNLis6u8epump,Lckd,B,1784403967.4097662,1h,278,0,neither,
9jVRLpzqYQBBhVejgtvCrBnivng62fjWrHxePh79pump,KLEF,B,1784399505.140585,1h,615,0,neither,
3C65gdJAknCK9anyp3thqPt8p1xnTbnynhGk8wM3pump,ASMR,B,1784399505.140585,1h,248,0,sl,
GYVHmvi8Xs7CmPQwbS4pE5EXyd9P8ZTx2S4Pn5uspump,GINGER,B,1784399505.140585,1h,217,0,sl,
6hJ8NyjpgRv2Dvur1jwsQfkNqynnghTsLpEP5cjEAmXd,IVY,B,1784395526.0009546,1h,428,0,sl,
CoAPF1K56P4hV276Ej9zkv8nPRyUmRKE53tcoqSqqhwi,COAP,B,1784395526.0009546,1h,130,0,neither,
Hu7vozhSAwooDynUUYcdHp1W3zpB5zDTbQ8Yn6acpump,ECO,B,1784390860.4171813,1h,402,0,sl,
FUY6RbdfrDfa82y1AS5ZQRtaoSr1ZVTGD2EkN11bpump,KIWI,B,1784390860.4171813,1h,160,0,sl,
BCDgN5Jgnkbjs8oRHivko5dcf18sPsSmPVKAsDnMpump,Nenem,B,1784387191.4210322,1h,389,0,sl,
U6sy4qMtXE5QAJBLsrDHaKkXVm7btEwWbvgecqepump,Neném,B,1784387191.4210322,1h,183,0,sl,
D6mSkFmPskEWMEqEpdMMfUEsJdEcQdTSzbG7J2GWpump,NYANJIM,B,1784382805.5678825,1h,104,0,ambiguous_bar,
81RGmig32prYbxf96YnhrhRpm9G1YP1igfxttjzUpump,Tobi,B,1784382805.5678825,1h,104,0,sl,
C916Q1f9yP3UDswk73tpokA1ts5r88DVQ8RKb2jhpump,wif,B,1784376478.1796863,1h,92,0,sl,
BCyMw2vvmzh9fB6GQ4LaQ6poqrP4qTrPkYDops2hpump,Index,B,1784373233.0295973,1h,139,0,sl,
6Cn9XH2SCi79Nam7mhH5L1kfwFwPhfresmg6Q4Eipump,baby,B,1784368937.8729506,1h,431,0,neither,
CKkuaqSiezUfHesGPTgiAdSGtYuxcEEjBxbCmiNgpump,Granular,B,1784363081.822366,1h,141,0,sl,
AXkXDHko4JHe1PHrgRmDG9TxUxNRFfQnY4d562RYpump,Jimothy,B,1784355820.155117,1h,532,0,sl,
D6ytjMdBBPoV8nsRHJhvrkpwF7sgVBYd7PufkRHNpump,CASHCOW,B,1784355820.155117,1h,576,0,neither,
3wwU3njdLCT3ebRUrTFeHwKG6zamiiCKwmpShSK2pump,Mouse,B,1784355820.155117,1h,538,1,tp,2179.8
GEg3E1dPotfUSxEm6ft1NF8dT211YCibHJRcDtGwpump,YMIR,B,1784347733.7676651,1h,415,0,sl,
2yWRyjnkXNvUxU73ASu1Exbm2aKEyNhShcT7NXv9pump,DOGGO,B,1784347733.7676651,1h,289,0,sl,
c5Zye8yFd1AGrSJ2mViYgXWa1kgCdCj5RWhen6tpump,土豆,B,1784330988.255826,1h,35,0,sl,
6PkDr62LVXDLajbqi2P4PUkxHy5CQsENx3fNXLN4pump,Ricky,B,1784330988.255826,1h,515,1,tp,5411.7
7YCTXLpRn1zSgfU7o99RsyCnu7B8vUJAs9HxXKvMpump,Wifout,B,1784323543.3415284,1h,291,0,sl,
yNP1DEES1G2FHo9bhWGTD2HyB21pUJCx23cfSkzpump,HELIFAN,B,1784303246.6853828,1h,34,0,sl,
AZ1fowC7PCS4rKJCY7UFuDqwvGNRRxzJj9BQxiHfpump,HOUSEM,B,1784303246.6853828,1h,227,1,tp,753.3
4gEW7hD7ToAbRaw6YKoo969oLJtVZw6pcjDCr2R8pump,Goated,B,1784303246.6853828,1h,63,0,sl,
3xrF2p1fUhmy1hoeyN8vY1WnBPeBy9WAK8em8mLUpump,flipcat,B,1784297266.874496,1h,78,0,sl,
CsGkrnQJQp1eCNwxQ6yKvbiEJA8MwoL8CmXYySy5J7HM,PEARL,B,1784297266.874496,1h,334,0,neither,
6dMydAmqtLsMtn9WZQW7stGqs4VkZ79pFPP1vbnApump,soltoly,B,1784290681.9581602,1h,42,1,tp,2518.0
CmoCuZ9J2YT1QHv28p3QRphhZot6Sdbu6P6Aw4Vmpump,SOLians,B,1784290681.9581602,1h,284,0,sl,
BdmmbhuqmMcswTCpP5Dy9H6E87ZqDMULVAWdzu4ZhqTS,Quasi,B,1784290681.9581602,1h,522,0,sl,
FzNgpR11RYACasA8ptFniXQKcLw26CmBWdyNEAU1pump,TOLY,B,1784285963.88234,1h,30,0,sl,
rkbX3fimkB2fPBKopYkSx82xSuWdUbNBuNuw7efpump,GOATBATH,B,1784285963.88234,1h,207,0,sl,
3XhARh1nQiwGZLwAD8YyKhfZKVHaG8t3VzsRSejZpump,TABLEPEDE,B,1784285963.88234,1h,404,1,tp,36.1
5yJgw6a8bb1nRsmEBr6vzX5pt6sQekzqG9nfmxqMpump,PROPHECY,B,1784279846.458418,1h,313,0,neither,
EVbXayw9HEmhuRcaQVoTCiHiCeEtM39Bw9TfeVmrpump,KYLE,B,1784271574.0957136,1h,51,0,sl,
9Pfync3ejPC9eHqVzq3nYQJAhyhjqpnB9UsaSfLxpump,KET,B,1784262575.8227763,1h,658,0,neither,
Hsrc16T5cFWgwH2PSEqcYACkHpLHrEHdm5Z1sU2pump,WorldCat,B,1784250923.6223779,1h,226,0,sl,
GTJpiZaCqapCcu5shdZq8D71dQJcyXad8BZadXeTpump,SOLJAK,B,1784245366.2713666,15m,33,0,ambiguous_bar,
HdghDDxvnebzWBXDgqYh9Vw5hfKRRUYGj5uJR2ogpump,Incum,B,1784245366.2713666,1h,96,0,sl,
BhU7rjLSvxKw2gCLzx1LV7J6Y4eXwsjrS24ebPBJpump,HORNY,B,1784245366.2713666,1h,230,0,neither,
2agcQWJftYzYWJNDW4BPok1RKL1xVqpDJtT4SSVVpump,CS,B,1784237963.3874085,1h,372,1,tp,4836.6
G1K4L2nWmwz9s4k31adUKvMaRRYyf9jrkvsrtc7spump,BeastBull,B,1784230594.3570747,1h,32,0,sl,
5NqE4JTopfa1tfgWqfPHavwvRY2deNnnPPryGSpGVGao,GAOF,B,1784217009.0077693,1h,77,0,neither,
DiaXHsNJwvGXEjx1HN7phGL7YfHPtBuvzHoCk28Apump,DBULL,B,1784211430.9753966,1h,413,0,sl,
HFmbKBN7fYCY2PPGYgwkvb7mAuo1v6cmWv1CPK6Xpump,BULLGOD,B,1784190638.3416283,1h,59,0,sl,
AWJkSP77HTYnWyWiBfRoK5nurwP4ApVw1YeEugmepump,CASHGOAT,B,1784190638.3416283,1h,237,0,sl,
G9VVud86SLgb7SnTqRKXJVUkzwLzCf4R89vknWVKbonk,Trump Coin,B,1784181987.1401234,1h,634,0,neither,
E7vTVLLaxV3y68cpnDx2Q7ExeznhWgJKwPziKDsrpump,HOMIE,B,1784181987.1401234,1h,395,1,tp,3212.9
HVRtNeFPrDcAA9Yu3WrTEdCsTLGJiYDiQbqjg3efpump,CUBEMAN,B,1784181987.1401234,1h,570,1,tp,21212.9
BGoC16Rj2B6oxm3CYWoL1eu1BFc6jPvmpsoqVQudpump,BULLSOL,B,1784173379.35586,1h,167,0,sl,
7dgJnmmfwCEn1XVmkvUJqq2TrbrscUTBSq4Bhwuapump,WorldPup,B,1784173379.35586,1h,110,0,sl,
AgCpt2wgiLaV29fmaFTZMuM4Hn59gwCArkiMj24zHTVb,Dinar,B,1784173379.35586,1h,659,0,neither,
GqQc4tjs6RkZt1EdsehKLZvNDTpZc9n3UHGxnbfNpump,BARRON,B,1784160792.3654718,1h,623,1,tp,6407.6
66KL8iu7Unzq84JMQEHtateVXFLaZNcDd8JLRyq7pump,SHIBU,B,1784160792.3654718,1h,158,1,tp,20807.6
JBRyw453Uwi5hitesWGt17TYsJTaWTbFQjV9UNh8pump,EYE,B,1784157354.0544517,1h,44,0,sl,
2ABbnf3EzGfiMa3PE2bseAWwRD4jAE4KgE8YjSTxpump,RELIC,B,1784157354.0544517,1h,680,0,neither,
AuQj7YQSe5ypzxU3f8DDDjNK5qk9PSVCNBcnwAMapump,WIFSEM,B,1784145363.3488066,1h,306,0,neither,
7apj78jEgPGup8UqAcHd9vuDDpWwSapGBdCvF6Uapump,ORO,B,1784145363.3488066,1h,63,0,ambiguous_bar,
4W9nkDkmhVokuv84yeNkSMHQxh1Ta35GMkYMsACbpump,PEPONK,B,1784145363.3488066,1h,691,0,neither,
9FRByUiuZHFLuQhLd51Z9LRWNfLcpQEs1u7uSs5mpump,SOLGUY,B,1784136818.4995625,1h,48,0,sl,
CMhzhzjXZwujkv9Ure9LvkkkPT28kf2BDHTp8eV7pump,MOONCAT,B,1784136818.4995625,1h,255,0,sl,
Hkpi2SkNWm5LogyY1Bz4zYTq5REVvco2aYWd1tYppump,FCM,B,1784130903.4055033,1h,385,0,neither,
4bUuiPrAmrmYnDsh3XxsXHaQcDZCi42nJnCyH6HBpump,BULLet,B,1784130903.4055033,1h,31,0,sl,
8kvptZPajh1LJ9fPZrqJnJYnhNw6rnaKfphQp1snpump,CLAYNOSAUR,B,1784125028.3079994,1h,281,0,sl,
32jdxuFmaJufSsGtgUQN6n4emvzLsD8QRBSjfqVgpump,RAFFLE,B,1784105819.129351,1h,39,0,sl,
85pXzSdTSA4wu8t3qY8JkgHeMHWzMaE1j94duRTppump,PUMPDb,B,1784105819.129351,1h,71,1,tp,180.9
HPS59hGvWCf5AdSWqFPJ3yPTJcgTEpo9Raxt32G5rBsd,Bird,B,1784105819.129351,1h,83,1,tp,180.9
GCsMGDGF9DGANC1W3AEovCe9C24984JUs4SFVvwFpump,DAFUAN,B,1784097097.4736307,1h,215,0,sl,
BGfwT1DqdZetx3AaWFggdgpTXvTatvUxAua8wFdvJ72d,$shart,B,1784077068.6222556,1h,130,0,sl,
GjJsyLWFEHA4TCJBGpobM2tceM4wiQaD3ZPKDhDppump,Cyclospora,B,1784068930.0469458,1h,691,1,tp,1070.0
GjPcGzjqAtEjaFHPYGq36cDRibhbtwAqvMd8Avvpump,PUMPANGEL,B,1784068930.0469458,1h,47,0,sl,
Aq5dLtgrWDeHdJgRi4ka4wV2L8v1ioTtqFy8L9LQpump,CAT,B,1784065268.1300707,1h,276,0,sl,
gCETSgf89gXTMZGSDWamDvmjoxypsJL55rjf2o4pump,GEORGE,B,1784065268.1300707,1h,408,1,tp,8331.9
3pY7axDMKpZ8rQM5XSRGsKLLJBjLVQgVDRVNJpXPpump,COBBLER,B,1784058469.974277,1h,150,0,neither,
FzjSYeMaKvJtruzMyoeZzhb6uhA8ZXY9ibeTBM2Upump,MSGA,B,1784052792.4218676,1h,204,0,sl,
CVhWiQ2SBhpTJ3xAR3ekf3uf8Ns2tNzj3mEtzKSpump,WINGIT,B,1784052792.4218676,1h,653,1,tp,35207.6
G9j8WWDeJXZdvwQgP82ooDuHmpc3Gy8NCSins71Lpump,BULLCAT,B,1784052792.4218676,1h,717,0,sl,
6fkhFEPL1KjipJkAuJg6gCQmHsnvwfhJXUyjV2Tspump,Robbinghood,B,1784048131.8931777,1h,663,1,tp,268.1
h3c8Kyoj4pnpeZCGqtWqyK6z8WbzroYRD1Wi68Jpump,OTOMAT,B,1784038027.822069,1h,317,0,neither,
4SLVH8rturi925CyqaRTJUajPBix7JNJaGL5EGoZpump,bullbrain,B,1784030371.2520242,1h,38,0,sl,
AcPqEaR9LmNj6grvx28QKCfUmsg48GpT4ZZpfjh7o9Du,sif,B,1784030371.2520242,1h,115,0,sl,
2akXpuyFXAVN5YofZpZMfBp2Vxognpmv9NooBMuHpump,ELON,B,1784018389.3432217,1h,640,0,neither,
3UXSLKVxF5L6AaugmUhkRBoKETtThQwj6bD6qYkbpump,NYX,B,1784010577.6468673,1h,252,1,tp,9022.4
F4GpAFr6vrxU3Y887F3XWkXRgybCVjZNk63m72f6pump,TrumpCoin,B,1784010577.6468673,1h,728,1,tp,1822.4
CLrsRz21tZtHe7hkt34d8zC9t6gwLziw9SdMM6o1pump,Cardtopia,B,1784002432.5481284,1h,290,0,sl,
8X1N2HmiP11UXidmyRNHLoBGjAhXU4rk5GnrVYGYpump,BlackBear,B,1783991137.9319491,1h,722,0,neither,
9oDndFiC7RW42vZcmSzacTKMWE9kgeqnzwXDGLSkpump,brain,B,1783985885.598573,1h,678,1,tp,1314.4
3htc6kXDoWX96ARLfArJbHmwX8ynYCaWGB3PdE9bpump,Bulltard,B,1783958476.4940856,1h,126,0,sl,
Gsv34W1qcLHMXJRCPDHZYxKUizMozV7An84HuH7Hpump,P250,B,1783958476.4940856,1h,154,0,neither,
J6Zh9N6AKkFySTpQD3wMbpoetPpwohvuq5YgVWKvpump,sigmew,B,1783958476.4940856,1h,204,0,neither,
BKT3hEUizCg2FKwZ9NrEEUKtEQGyQfyxYcUkkfkepump,SOLRAT,B,1783948141.0077858,1h,53,0,sl,
9TH4WrNrmcE4UVfRuyY4ntN7n7eXHBshss9Wm5Cepump,ANUKONG,B,1783948141.0077858,1h,70,1,tp,3059.0
2vvw3cSwibzGD6SgW9QzRaBdmjkYrvs218DUy6VWpump,SUNUSI,B,1783948141.0077858,1h,745,1,tp,28259.0
A7eGqQDmjouCrgD68BYV9zS9kd2KfSSdZbYRF8D5pump,BELIEVE,B,1783948141.0077858,1h,232,1,tp,3059.0
2bNi6wZ8uAPdNoGkJZ1cn1FGuvGABBXdtyLjvp2Mpump,Shikoku ,B,1783939231.4222093,1h,467,0,sl,
9Gv4i5YikU2rV6L9zA3XEXsmjiYqwpnUsLsvADWJpump,Diarrhea,B,1783939231.4222093,1h,737,0,sl,
E6u1oEuWWhuexdeVztV7GkQwhDb4yCLKuaUstA88pump,ACAT,B,1783939231.4222093,1h,526,0,neither,
3DHuqH3yb7HAxBTebcMfjT1fMHbfNUAGB7TGYBQkpump,MEGABISON,B,1783927920.9829576,1h,52,0,sl,
5whR534GcEEmrVPedDPZgWLXKQX3shhHMcdZ1FXCAMzi,bcat,B,1783927920.9829576,1h,751,0,sl,
6wtZueu89AGwQkGUki3HcerjCDFxLA9PyVUBWQbMpump,CASHPIGGY,B,1783886163.9205482,1h,231,0,sl,
CTdVAK1wZ5wgJiMqm41CGF323QTr1ZwAtnJ3MwKDpump,memecat,B,1783856823.0068853,1h,429,1,tp,7977.0
DpqGBmkc6SrY2vA1Yb5KuH571WW1oQJjJdD3d2kupump,PumpfunLife,B,1783853304.62889,1h,656,0,sl,
gsoZaYPVioFi9GRaehCnvNqUSNWYNZNVKT9oyoJpump,HOME,B,1783818558.8293233,1h,749,1,tp,3041.2
EmJamPBbvAH931LffK1rAA2HkC45ndZJMAbdKFospump,NC,B,1783805255.6886463,1h,96,0,sl,
CLGkHAUpMFBDZjzcLPnrA5BwtXF2sCUkxpCzB7Ze42n9,CRAT,B,1783799207.4638817,1h,489,1,tp,792.5
5VMbcRosto1RT6GZHRucUZEM26XEoTYcmoSbNhq3pump,FrogCat,B,1783799207.4638817,1h,286,0,neither,
CizcDa22HJjXybKLriibqP167GcJjqiDHDPtuiMmpump,ok,B,1783794605.4611638,1h,787,0,sl,
7NTs9FPw7tP2Bfjcn8eAJZUr4ApG8n9ZbXkT7Adwpump,LIZARD,B,1783786379.2608607,1h,670,1,tp,2820.7
HyrcSV3oQkS763vWNdqP5vhDcfvnesCFqqe37nXpump,CASHDOG,B,1783778270.7610312,15m,38,0,sl,
AFNjXHtaZ9DYRWWAnvJQYx6NexJyD7uyw3YgqWAspump,$PHF,B,1783771708.5728903,1h,174,0,sl,
FkJrB7LPuvDbwoWxfcqXEXyvtjXYFims4CNiQecmpump,debt,B,1783764232.1338782,1h,223,0,sl,
7RJiGtMVxih75Z4EKY9NdyhRmDPBChzuEfQatZ4Spump,blackfebu,B,1783764232.1338782,1h,379,1,tp,3367.9
EQ6qQsweDhsdYqbYMv4J2dTZwEMvnETQH9rQHr9fpump,CASHCOIN,B,1783751954.31054,1h,28,0,sl,
6hKk9ymYMejWURC1GhKj66Rwcn6VNnHHe1E3JgE4pump,GHOSTI,B,1783751954.31054,1h,759,1,tp,1245.7
BgkqjKuiNvS7UrqxzffCVYAuiFm8PfBRC2rmLv9Epump,lolbitcoin,B,1783744329.6745577,1h,109,0,sl,
AejbCpYysBiMAvLgwN6bjPYfELPEosYv7HYjXe94pump,larry,B,1783726944.7980835,1h,85,0,sl,
EWxEchHjnza3Q3BdQ8AfrvgrmsF1H8kn3gkXo1W9pump,CAT,B,1783716063.4820795,1h,211,0,neither,
4Y8KxA9oMURfSv9bSnYESDMsrJfUKB9H7bdCkGYWpump,ggcoin,B,1783704661.246533,1h,227,1,tp,16138.8
DAf8sUut8ViuvqkjNoLGTiWwsLrXsYzrkmhQpN9Vpump,STUCK,B,1783698166.2871938,1h,45,0,sl,
Ct2VDLuBanTr6jo8jHXQtZqncwxtN31aovHC1yDepump,mogcat,B,1783698166.2871938,1h,38,0,sl,
USZCppow9iT4f8kPF9d9Ww2BMriiwgfKtAh1F4Kpump,1000,B,1783689692.802137,1h,264,0,sl,
BmSjM7C7VRhznMMVzXidgyuE5ehvTHbRr1uGe2xFpump,mogdog,B,1783689692.802137,1h,506,1,tp,2307.2
9y6hXFBFN1fJGfAAYgkXVVfQATG1mEJsmTrCXcT6pump,Silk,B,1783689692.802137,1h,618,0,neither,
FtxMtQmupaXuMX14EA8esBp13qWF4xfgij2BG6U3pump,Jamey,B,1783682124.841893,1h,261,0,sl,
BtUiqGdsW3H47yvtyKSLhQfzVpwov3wyYY6qssU9pump,reptilecoin,B,1783657670.9316947,1h,817,1,tp,27129.1
HbugFhaL4ijduGiHcY4uT6CNgX58Qac9djsAFo7Dpump,PTROLL,B,1783657670.9316947,1h,617,0,neither,
HSKS5CAuEJpFZYinAVmR35H765wv4nyuhsAd48Tpump,AUGUSTUS,B,1783637965.0525239,1h,249,0,sl,
GmomouzGr7a1Y7yp8RxM6a29iZFE1B5RrfPQdRggpump,cod,B,1783637965.0525239,1h,55,0,sl,
HCkhfdDNF2dqMxxtL51AzgWU26MBNkUkEzGAHtqkpump,BatCat,B,1783633843.1912048,1h,805,1,tp,7756.8
Bi7X9vxqGozZoXvgyJ2y9tzdKQ1QVpt5LjYF8PoFpump,ICM,B,1783633843.1912048,1h,474,0,sl,
9Hoc6LmvUvEMUvNwp8qY8xv6uUSXz6ZupJkWQdeUpump,SPINY,B,1783633843.1912048,1h,571,0,sl,
9zvFpDR7u3NFnCZUkZzxJNuFSF2gnHC4xJ1bMdZ5pump,Bullchuriki,B,1783613865.456095,1h,120,1,tp,2534.5
DxFBL4ugvbnkb1uQZsNCZcmo3LKH1ymm7tsPDpLbBKjE,Always,B,1783613865.456095,1h,488,0,neither,
2aQKC1xiKpEyAWvzSDrULnYLVuybWyx7qrsnpP8hpump,Udin,B,1783613865.456095,1h,839,1,tp,34934.5
9QNz5x4wmUWgpaF2zx7UtLvzvgyDzzVznpdJ85cNayZC,Dab67,B,1783604361.2222955,1h,260,0,sl,
G2L8j6Vr2xziHCh9dhhV9J72SMpirtNYZXGV1s68pump,BIH,B,1783604361.2222955,1h,63,1,tp,1238.8
G6cHLEwYHyZJXBhKpSWMU6RUtcq9HM9UTn2cTEdKpump,ARROW,B,1783583441.280578,1h,615,0,sl,
31mMFCFe3V5tx319s5kNfnPrYCzc8SuxPofGcyfepump,EVERMEADOW,B,1783583441.280578,1h,255,1,tp,7758.7
77x1fCskDLaiZmm2uZKEhARSCD2B86VaahTkK2Vfpump,NIGGABULL,B,1783583441.280578,1h,564,0,neither,
NV2RYH954cTJ3ckFUpvfqaQXU4ARqqDH3562nFSpump,Punch,B,1783583441.280578,1h,848,0,neither,
4TyZGqRLG3VcHTGMcLBoPUmqYitMVojXinAmkL8xpump,testicle,B,1783583441.280578,1h,848,0,neither,
2Rh23w2hSrqjBUV7A5oyrPtBDnX8MniUmGi7FZw2pump,BULLSINO,B,1783554811.0635178,1h,117,0,sl,
D5MS4fPQ3GsmLDXy5732ZaHQJrZ49hdALTyEtXh3mgGw,HOOD,B,1783546441.725403,1h,188,0,sl,
2RxbXoPz3bKgUhU42fyb2juxzqxxJ8r6ewqHQ1WyRz37,小小,B,1783536636.8811502,1h,190,1,tp,563.1
CS2T1HQRPCXaYR5V3SNDb5ceERwZg1Nb5uuw6Dg5hpsn,$TWM$,B,1783530800.9131336,1h,155,0,neither,
9GqRUutMFyx8Q7kQsaoES5TLQkv7kKNUh5f15aDwpump,GME,B,1783530800.9131336,1h,70,0,sl,
ECHFvPRtUDDTg53V5k45pLk6E5zCunk5RYXrL1qopump,okdog,B,1783525070.9213862,1h,35,0,sl,
7pncD23yVtmVRRa4fLFsi3pGotbUxrFvR13wTGNCpump,GM🐂🀄️,B,1783525070.9213862,1h,89,0,sl,
FY9yQSFokAyuKm33HBAUCYjvjmEbeXfDTpSiVZNUpump,Binface ,B,1783525070.9213862,1h,818,0,neither,
7e8NVxuu2j4TyuAXN26mMj6KP1wGgVp7G7n3zy53pump,AWC,B,1783484855.774943,1h,36,0,ambiguous_bar,
JCKJviubAbCSztaGnKGqaiKhmpsE9uDTxcENXZrLpump,StareCat,B,1783467142.8631387,1h,675,0,neither,
Hk8qqvyYU5gfAB5QCZCcJq3gR3TZ8LtvNmA1EM3bpump,BabyCupsey,B,1783463609.1887023,1h,801,1,tp,1590.8
8N1xPzwZtuRQSdRMnbjAjdd2tK9V8nF7Wrw8gGeLpump,WSB,B,1783463609.1887023,1h,228,0,sl,
9kFcxV4s75ctSAjX6NLfcmPx1vuJom22RVrSGSitpump,CUPSETTA,B,1783458562.4328148,1h,457,0,sl,
DMGvqNkhS3BtNDRypN6tEY6jpkatHJj4WQZtPmFzpump,BULLTISM,B,1783452203.2254553,1h,154,0,sl,
22oesKQuMBmxUTWfeFDjNnYS19VujFcBmi4EL8gWpump,GCAT,B,1783437601.688591,1h,114,0,sl,
DeqsPTYwvsNjkf5G8zDxziUnFPp55nQZA4vrNM2apump,QNT,B,1783437601.688591,1h,735,0,neither,
BrXJz1NyZbeCALn4aWS7ckZqMyQBwENDGVmaRt4ypump,ELON,B,1783437601.688591,1h,125,0,sl,
4K5wiLjC5MmZv2pNmewQdZjds4yiBNTn8zUMi5cQpump,BULLTARDIO,B,1783426041.404913,1h,133,0,sl,
saTZ9ADxuPYGxCgJMqnRsanza3nT3GnkpKENicKpump,roscoe,B,1783426041.404913,1h,147,0,sl,
4eKYoR1hBHnRaYyg2d57H36uUatRNyZr1NRP9ScNpump,DONALT,B,1783414634.417662,1h,435,0,neither,
AyafwyhUhZW4L9bdeG2nBjTpQkt5ek1aA1A78XGopump,PUMPBULL,B,1783414634.417662,1h,50,1,tp,165.6
3gDAjymqTF19GVw4TcB8sAKd3yLR2dfEzJ4Wztm2pump,TCAR,B,1783403326.6227763,1h,893,0,neither,
CvXyWJRq3ZxqifMzAuyUomDvJ8PF8NitXx8HxRLGpump,WYNN,B,1783403326.6227763,1h,830,0,neither,
D71ZjzGKk5duRFBmdzDMNmehyFuoN3xx1bCFiPQPpump,$LEVICALF,B,1783387663.4119222,1h,225,0,sl,
6MPYewsYPK3L1ak68Gpc9ajuRjRRsGpnVd4mPTzWpump,Ansem,B,1783377227.475578,1h,82,0,sl,
2Gt16sPz97kjvVXAz7aRbKG718hmY9HiyboieZKBpump,DEGEN,B,1783371998.7240024,1h,865,0,sl,
EYvkcWB5S4DFv7gJqR8D2W76U9n7kD3jvYcbSXdppump,HAALAND,B,1783371998.7240024,1h,781,0,neither,
D2XvLipYuPFgJ42kB6U4ihmHENStT7h2BS2iN5NtzZKg,HOOD,B,1783365648.8071306,1h,704,0,sl,
CPtvQTf8bXKPx4wQTpVkB9StqcXnVdpz8WN2UZaopump,AIF,B,1783359043.548683,1h,38,0,sl,
N5BpqcxRy1ogo8hQixZm4E2axpdqj8WivqbWoaSpump,BB,A,1783348743.9313614,1h,25,0,sl,
6uYAQyXYMQ5sTNPRZmYSVMGTAzgkTrK5mGtHpPYCpump,Vaaland,B,1783348743.9313614,1h,179,0,sl,
E2ueKQ3EDTTmCkUA17j3KeTb2u6VT91xiyECdKRzpump,tolywifhat,B,1783348743.9313614,1h,639,0,neither,
NpqoucNKKJ62PwikH4NBvTm3R7mgREXoTtv7nJSGLUE,GLUE,B,1783348743.9313614,1h,855,0,neither,
7BEPYMVq3X9JFes4JDervkrJQ7TNDeBEd4L1nuGpump,LEVITRUMP,B,1783336107.56336,1h,55,0,sl,
2UQCVGq2BRoqSTs9NF9X7e6GCm7HZzSu4jNpw7vzpump,elonlet,B,1783318082.8488464,1h,45,0,sl,
wobYcxYiABaM6qByXMuBdespq3DPLNuSYqUpMmBpump,HAAL9K,B,1783318082.8488464,1h,913,0,neither,
FsBsv7svcEwMkioVck7cno14YPmiwnXuR3J91UJ5pump,BULLRUSH,B,1783294827.317896,1h,50,0,sl,
7f5vGM47S6oSSDHnyPLwem2Nn4fy8WNXYvMwDWCBLiEt,CEEZEE,B,1783287052.7465112,1h,160,0,sl,
hrmvPdczhB6UxQ6bjhZTk6XN72ezJ1mSgiNKeYzTnor,NOR,B,1783282811.321823,1h,68,0,sl,
2mDmh6PxiPPYgYNrbQZtMKTUwkX4FCb3MMm7Skewpump,BANSEM,B,1783277547.901361,1h,73,0,sl,
6kMcUKLubWNtXSH33aisVF3cQ2otD9Fz7L8E7U2ipump,BULLDERS,B,1783273785.4759328,1h,52,0,ambiguous_bar,
8NGpdSE1tZqUrvpUVqsn5Revncc6yUafk8mnAyK9fNCE,Chud,B,1783265053.008341,1h,943,0,neither,
F2fcE5sjDuSMVrj56Q7Pg9ha7cHfpTzuUTkVJxKdpump,TRUMP,B,1783259067.6738563,1h,43,0,sl,
A8wXmAgVy3peeHtifXNvYUUirGdNu4ezJoDno9trpump,BLACKOUT,B,1783259067.6738563,1h,264,1,tp,8132.3
29pNSDP2nSzQVMXjqc5HtLmnu4yK7JfZuKP9Lb3Epump,Elon,B,1783248540.176173,1h,262,0,ambiguous_bar,
5xRRRd1fhGyBY2u31isvkL3rLtYUFXvau3JgkwiKpump,LFG,B,1783240380.285795,1h,499,1,tp,8819.7
4PRz3EwhbjrrX6YksMDuUzrXT51pr7CQtXNCravhpump,ACM,B,1783240380.285795,1h,887,0,sl,
49tvQ5zXMxHu7mk6nqcCe9SrQ5ePxBFSKFX5jvDgpump,Fedja,B,1783240380.285795,1h,113,0,sl,
BJR8CP2s2tiuqhp1kVLGsjTqkb3a3om3CbPttrBEKcq5,GIGANSEM,B,1783230363.7648876,1h,196,0,sl,
H6QG1XUwKpXB94kJUzkcn4GaD3yzYTcm7xbBf4aopump,nsmb,B,1783230363.7648876,1h,78,1,tp,836.2
7DWRAaAecR2bhPRUjg7VN6XqoXpRYCRqsq7W6t2Vpump,BOB,B,1783214847.2179768,1h,724,0,neither,
E7wbcQSGnuC29vNeDX8SrosiD46piaUnBHTg5X8apump,Meep,B,1783214847.2179768,1h,265,0,sl,
6mUXxdGMtxKDSw6zXiarQ5mgP3UC1LBzu9LjgXhFpump,AnsemIRL,B,1783208805.613229,1h,232,0,sl,
EXTvbbAKdhASAazTfDmR1FhwFeQBrbz1uqcxFk6E1jAF,bullsem,B,1783201362.2889209,1h,559,1,tp,11837.7
5pYB12kEhfhSFXJjZ7JtyqDpt6uUqhsF6iu6Ee9spump,CATWIF,B,1783194590.4367301,1h,964,0,neither,
3MjoqwNyvoeqneWpzbHqTcJMHZE9FfqYbSg3cQCzpump,KORA,B,1783190161.5750926,1h,277,0,sl,
MtJEwiCNkPyNFB3bfz78P6rfhzrHaTgEojqsJNJpump,TMB,B,1783181875.5135114,1h,497,0,neither,
4EKJBc4WdeCViLRCfRx5ieFHfPFuBYhV49527GUBpump,womanlet,B,1783181771.8922539,1h,396,0,sl,
BBhHEEs8bCPchS8S8EX744ExVrMD9xjGy8CXepctpump,ansemwifhat,B,1783181771.8922539,1h,472,0,neither,
5z6djd93D4twJD4mi8ST7tdAmA4XmrkovXuJy3mjpump,niglet,B,1783181771.8922539,1h,249,0,sl,
AnSem47wDeFBCnnuw2owzbBDT9pRzZDUBoSBXfbDpump,WEN,B,1783181771.8922539,1h,360,1,tp,13428.1
CSrwNk6B1DwWCHRMsaoDVUfD5bBMQCJPY72ZG3Nnpump,Franklin,B,1783181771.8922539,1h,670,0,neither,
991L48va9rMiysu3fCpeg5p9bN4NLzhujojzmFtkgacE,spurdo,B,1783181771.8922539,1h,805,0,neither,
ERBATen21ug99H7p2C21fCim9TQpBBM79QT9VX4Jpump,GM,,1783043486.2615998,1h,127,0,neither,
HS4DWjgJ2h51PCnhh95saqgLQ21Zps6VABK1vi9gpump,LojakPaul,,1783042948.784281,1h,468,0,sl,
ARea51UmRfn22Ds7KwFZirSMEEn1gtBdrhW4zLeveeV1,AALIEN,,1783042948.784281,1h,369,0,neither,
BDbNwA95183CdqUhx2P6R3fWXbefubVbx2wNnCp6pump,FROGBULL,,1783042783.8092139,1h,661,0,neither,
F7bFfkHxLuXuuoeX3SQDM9PDhBABVEVFmter8nnRpump,shitcoin,,1783042783.8092139,1h,224,1,tp,1216.2
4rxNSU5BynixWPZvN3Nprvm4fdomjRSQynFb5XvQpump,Biu,B,1788343107.00545,1m,67,0,sl,
9tqjeRS1swj36Ee5C1iGiwAxjQJNGAVCzaTLwFY8bonk,Ani,B,1788343107.00545,1m,40,0,neither,
CbwAev4koqtES4JVyjqoDcTTZcCdk1ZcXF2nYZhEpump,foneless,B,1788327848.395914,1m,23,0,sl,
99XjLY8VUSuwHcLcbTnqXvhwC3nWShMqqffamanAytMA,Boomer,B,1788327848.395914,1m,465,0,sl,
72NtVkCkBC2mKCT6paAdo9g4KptUrRH8aRU3xzBVQHDW,alon,B,1788311080.3888972,1m,132,0,sl,
BrikD3tfzSL7deBUQsxzKjWdYkAHKpFKmt89KySxpump,brik,B,1788311080.3888972,1m,229,0,sl,
BA4iCAoJWfhsjDNNJHbd4NQbxLbYgR5QiLojAHGVpump,AI,B,1788311080.3888972,1m,651,0,sl,
Ge2x1ERWLtQxuPCgaSwipZwADL7fsnfx9oGVx5nYpump,APEBUTT,B,1788296250.3584013,1m,117,0,sl,
2wA2beVvKC83cCS2s1Zq1a2XuA5S4SPqhiQLfkVspump,stonkape,B,1788296250.3584013,15m,67,1,tp,19949.6
ESuCxMF8quZ1DjHKu3GDoVifECw1gGUkbkJVdpwwpump,64COIN,B,1788285563.7423239,1m,447,0,sl,
CgypxZcmmZMVQMERA6D59hkh8maPEnj31pYRKM9cpump,DICKBUTT,B,1788285563.7423239,15m,79,0,sl,
3trZJN24RBWW3qGaYYwmuZVrXXgwB6TDstaPK1bNpump,SOLDOGE,B,1788273916.7081876,1m,50,0,sl,
B5yU1iTwfJ462o9VQBkVhCpj5XHn51utWBm3t37epump,PEPEFART,B,1788273916.7081876,1m,97,0,sl,
Gd2igp4YL8Sn1nag3F8U98Eo2eJrgFxjk6DSaRorpump,Flip,B,1788273916.7081876,1m,29,0,sl,
HT3vTUGsYfWQMQqbL9dNG87tYbSStkU7CTjBba2jpump,HELPFUL,B,1788273916.7081876,1m,370,1,tp,2083.3
7WJ3ksZauPhEQJjcWbopPY5SrtRhSSHKR973fRR3pump,DONK,B,1788256662.1762025,1m,181,0,sl,
ChxxxU8mxpgBRtAFx7hXz1nKZKA6NyyZ543Lqdtnpump,OLDWEB,A,1788256662.1762025,1m,500,0,sl,
4eXGQJMBZp656x9eqerEc1hepSoe27zvuXBtNuqjpump,084BEAR,B,1788256662.1762025,1m,116,0,sl,
EeZ67jpgcxe55R3qGg9oF14eQ293bbSFyKL3VkKvFH3F,MICRO,B,1788256662.1762025,15m,110,1,tp,2837.8
91X4ErT2VPRbK6SHsEBQ8J1T25twwFeTJhrHxJv7pump,NICKGPRO,B,1788256662.1762025,1m,181,1,tp,5657.8
CTPoyCwkjMvoJwU4xvZZqoD8tiYk6yDchySiN5gGpump,fone,B,1788256662.1762025,15m,111,0,neither,
BH3WrGte3e6XYCW8gFea7D8nVnkrUGvyoKqzHA4ypump,oomf,B,1788238870.5306609,1m,338,0,sl,
ADcF26nFGKMuRZ7va5361H2PCHCDRi2FmeJBkX3Spump,$TAP,B,1788238870.5306609,1m,807,1,tp,38329.5
Cm69mN91iMmuHUggqZKM9PRZ36XRBJLKoLKvaRtHDRGS,1,B,1788221231.6824422,15m,148,1,tp,468.3
BE7Q9rB9u1T4VApMaKYoyxP59GEZxZMTxckS6r18pump,Speero,B,1788221231.6824422,1m,894,0,neither,
HD3JBABeFkdZwUgKwhwJYqjLNrPWXEaDVfH4uMqRpump,USEFUL,B,1788221231.6824422,1m,522,0,neither,
CDYzQPJs89TR8iKYqPdkFAC14j5Dx3pTR6KCGyJ4pump,$NOTHING,B,1788209174.320624,1m,38,0,sl,
3C6nz382qU71aDiEvk5xsmJrzd5Ey6iNXdpTgrjVpump,Syndicate,B,1788209174.320624,15m,156,1,tp,15225.7
AUFk4hnNFTxkJ6DWbYB6ZkL7urYcRFzHdKxeUTpxpump,Ape-1,B,1788209174.320624,1m,890,1,tp,16965.7
x95HN3DWvbfCBtTjGm587z8suK3ec6cwQwgZNLbWKyp,$HACHI,B,1788209174.320624,15m,163,0,neither,
HgWZ9faEs7QMugQDCN6o8nxnWPnfimPFzHgvQMoWpump,Happy,B,1788188470.8136668,1m,38,0,sl,
77LJr4ZDJJn7PpKxKG1TBEX83LzjCsXPv1EgYJQYpump,TRUMPDUCK,B,1788159423.8546686,1m,26,0,sl,
ANJR7QNkxLWa6eHHFjVAwb1mi5GFkVQHroyG8xSopump,APEUS,B,1788159423.8546686,15m,175,0,sl,
9kUgR9ZEtMgJqSrrLYXDoRzLaCV45H77Xr5rngwKpump,BABYSAFEMOON,B,1788137700.4450684,1m,29,0,sl,
6s66PhuZmLuPPWeBd6EsHFWU6VdfeBxDHEEZ6jMgpump,BABYFONE,B,1788137700.4450684,1m,890,0,sl,
GxqQ4V6mYWzPe3jyZQCJANDkq3tuyY1RcYRRZSg9pump,GROKPOCKET,B,1788137700.4450684,1m,619,0,sl,
DLvpmv8R4oTbC1DixU5yHLbBcmnvfTckGF3XFzLTpump,APEWIF,B,1788137700.4450684,15m,241,0,neither,
pump3WayMj4S48ERaM5zfETRXMzspN1ZfPVknQNHhR9,pandacoin,B,1788137700.4450684,1m,850,0,neither,
BVEaDToN2Ufn8m1Jnqy8rtwwCiiMC7JcFtvmKPxTpump,GTA,B,1788129625.724376,1m,900,0,neither,
DnQu6xQd9zzW5dWpKppjNTRcTYFS6JDpK5xLXEZypump,catfish,B,1788129625.724376,15m,253,0,neither,
Hs8Ge1zny1PUc9j3iCB3Mp7EhrgB91HzdZdAGsy7pump,apefone,B,1788119622.8895276,15m,118,0,sl,
G9FGtfqT5GY73Tb2d1sR5Jws6HY73fmK4nR34fjbpump,ApeChad,B,1788119622.8895276,1m,199,1,tp,6257.1
FgKCVNnWmCWHCd97UhxuhBa21LqLnCWpqwoFR3yFpump,stafone,B,1788119622.8895276,1m,309,0,sl,
GrT9hTTAfBWGRWDxHoFNvLmLhdMN33WdWar6WWwEpump,Wukong,B,1788119622.8895276,15m,161,1,tp,377.1
CAamcCFZg1J8DbegjjUuaVAfXWFgswQbuePFRNjopump,SIRIUS,B,1788119622.8895276,1m,213,0,sl,
Femuy4XPWMumb1L8ErHiWuXGweXCyqCyfrZxxxxqpump,RAMCOIN,B,1788110508.9855037,1m,278,0,sl,
3zFqvYiFwtVU749ngPAjEARjTrYYNmwirMZwLYngpump,BULLISHAPE,B,1788110508.9855037,1m,74,1,tp,251.0
CvepWqy7S6YngubvTxAUM4fQQr7bfduaZPYrL3PDpump,9-5er,B,1788110508.9855037,15m,189,1,tp,2291.0
tbhtBAwZ4B7H6J3tjUCNq7rtUdq8LP36Wq38N2Upump,stonkape,B,1788094857.9405055,1m,435,0,sl,
8Pez2sy1p5wJHmR7RpP1yNuP1C8k1iat5jZzKAwjpump,apetrench,B,1788074466.2217062,1m,142,0,sl,
59iQSbZvRcGb67FLVRPDWekRTELjq7ykC98UJbPipump,TRUMPSTACY,B,1788074466.2217062,1m,400,1,tp,7133.8
5dc7xmKWk2dS3xRXiXq6f8t9pRG6R29e1ZXdfqNGpump,popcat,B,1788074466.2217062,1m,23,0,sl,
GUhxjTzQz2hw4A7mnLGU5TpTPQxkLtWURwJnEgoLpump,catgirl,B,1788074466.2217062,1m,526,0,sl,
9HugK4guVF3rYZsTCZULjpmcjxY7AP2t8nw9W6igpump,Francis,B,1788074466.2217062,1m,285,0,sl,
7LQBEx9qz2HRBzWckaPzVkRGSgLNP7wNsCTzRBqrpump,ApeChad,B,1788045886.5160363,1m,39,0,sl,
gHNvRdZLtJFsfJuEnwePNtgiDCy9sbgTc5Mfi2Upump,401k,B,1788037713.176142,1m,501,0,sl,
5FkdrLryVefo7HDKd9EATV3q1u6cQDJhBmQubYzupump,catonfone,B,1788037713.176142,15m,142,1,tp,9386.8
51B4WNPGzGpnu4BrA5DEBavu9KimHdzm2wPRzSQppump,APE,B,1788037713.176142,1m,33,0,sl,
8AFPG5SDGyQbVo4ez1gd4dpYKBtVByFmkykkzAaHpump,pinktacio,B,1788027896.046439,1m,440,0,sl,
62gahMxD7cvSK3GuEyn3SvPwVY1366j8Z12B62mvpump,CHIBI,B,1788027896.046439,15m,193,0,sl,
FHyXHtJwwZs2fyt61ECE35EimiaQmCsfjpBuodp8pump,LT,B,1788027896.046439,1m,91,1,tp,64.0
7VVmK93JJgnKe9uWCqkCWMtWtWnpGJZyJjjUi3RZpump,CopperApe,B,1788016000.158602,1m,237,0,sl,
95TDpd91E9KcwiuU6kkG7BUVkAR3yvBNEC5pHHGNpump,IQ,B,1788016000.158602,1m,739,0,sl,
AfGdjAp9djSaqJxzYo3t6jy8tJA3o2aDPHoZ57Egpump,Greyson,B,1788016000.158602,15m,275,0,sl,
5HTeFAka8LgGQBoSgzsPry3Yv56zFkv2dWY2sks8pump,VEGA,B,1787998446.3808439,1m,34,0,sl,
9jRKQFo7SnAQYAndkwLCBx8D2RLkdspX5dCMSMaZpump,BIRDHOUSE,B,1787998446.3808439,15m,265,0,sl,
APsZ9cXdHXkj1dfuG622X5xeCMJapJ7LBPuLKvi8pump,GT,B,1787998446.3808439,1m,630,0,sl,
DTdDsWkaXimkyMQgr6mKTiTfsuFQBM6dHS478N6Apump,BAILEY,B,1787998446.3808439,1m,476,0,sl,
5mFZZzyUawGknigAxf3zkQQtSpnYqSGUg5bRz3b3pump,CHILLAPE,B,1787998446.3808439,1m,797,0,sl,
3cMeyogu2sPzyQP8vwLLHQHcUt6tFWNsTZv8Mhywpump,CrayonEater,B,1787998446.3808439,1m,199,0,sl,
5tG8efhw51r5yKJ65hfZ9nU5MJaqn9GEtwbfmDatpump,pinkfone,B,1787973581.861264,1m,49,0,sl,
5CwpF2UsgWvNKeDQaKZPjQCd6jM4K32yNVRVCuh1pump,KURO,B,1787973581.861264,15m,427,0,neither,
35M9BcmFRQ86TnmoFMfUmteZrQrmUm2n7ZiV5gacpump,trumponfone,B,1787973581.861264,1m,629,0,sl,
A7mTBXj5J4D92BkTVQEzbF4d7gvbEPFbotgmjad9pump,CATOTC,B,1787952427.5568464,1m,670,1,tp,352.4
3MXLA9wxYva79QNsP7AjrNttogHncNyHKC8SBn8vpump,PINKOTC,B,1787952427.5568464,1m,536,0,sl,
4o1ov5siUZH1BEJWvKxj9LHqBAXLEz1tddN6bRnLpump,LAAMA,B,1787915647.8613975,1m,732,1,tp,14152.1
AVLHDtkj5K1zPxACnUbGybWQACBq9H9uatF42h7Kpump,GTAAPE,B,1787915647.8613975,15m,112,1,tp,24352.1
HG3sZ52NRmNpm2BueL1MSBM3krr5M6YJtQohjNyhpump,BANDOS,B,1787915647.8613975,15m,426,1,tp,16252.1
7ursFQJE7UykT95cMCBErzq5sqEq9AJ6q11cWzAqMp5,COUGH,B,1787915647.8613975,15m,489,0,neither,
GNGhPhcLt5HJ6WjUHQSYoY3KhBFsksxu6FpvLpCFpump,invest,B,1787915647.8613975,15m,266,0,sl,
EhHJSjF7EzHognd9DwjUJAMtFpEudjMoXZcZgbyBpump,TOGETHER,B,1787875015.9512126,1m,993,0,sl,
85bq8HiHFs9czQNXRsDLCVuyshXtVjERW8jDn958pump,Grokstreet,B,1787875015.9512126,15m,490,0,neither,
4PFGKQbJYRZbk8SHNzqQf4DcpyrKJ7r5UKwj4f37pump,RAX,B,1787875015.9512126,15m,386,0,sl,
9uEeSZSdxMm1PaoqQ1VNDwcuDMM9RHqkp2p89Je5pump,AFD,B,1787875015.9512126,15m,472,0,neither,
AUsU7BR5RrPxJ7C7MoPJ7bV8sxnzfvcHzNdKq4zqpump,kall,B,1787875015.9512126,1m,524,0,sl,
Dwa2kXQZdb2XduBCHBNYDRAxJp1LzRyW3x3MBrLLpump,apewifhat,B,1787841278.61261,1m,701,0,sl,
pRDTsjfAZjWeV4FAuamh2GFu9Zc3Mqs4UDgPdfSpump,中国黑牛,B,1787841278.61261,1m,898,0,sl,
54hnNKFzSwcCv4cJ8TCjekX3BHFVzc7ooY53FjHJpump,Bare,B,1787841278.61261,1m,218,0,sl,
HavpAp4PqYUfiwyFpd9qcCKWrEVi52Z7CYJuXfQqpump,Beagle,B,1787800975.921965,15m,245,0,sl,
3JFTKtQM96LShPaZWGGg66MmL8ScjvWfRHfBJYGk8mkS,MOFUSAND,B,1787800975.921965,1m,843,0,sl,
24GWZn5HerwLTVoZuC3H7Kxg6jLFMvroA1hTU4uWpump,cat,B,1787782729.109261,15m,548,1,tp,9670.9
2TvUVvuQeVcUwVFp6WVy61wwpnSMG6kNzYpdvEkMpump,MEAT,B,1787782729.109261,15m,547,0,sl,
HXfHv8JDXHtBGffBVa6LyFRyfvCRR5Wkh5vmL89pump,FTRUG,B,1787782729.109261,1m,38,1,tp,490.9
GXfpsVmvcsymr1q7mBKBXe3ELtvJQAC8F96ASV32pump,Trumptacio,B,1787782729.109261,1m,62,0,sl,
CcgRSw62atZK9EEAQVGyTcsshgtGJxtLHK2ZGwZ7pump,Sky,B,1787771681.5434682,15m,384,0,neither,
2cm7HRJjQnaM2cbBe8c7DCjFdrWY1wUjmgAzzZVKpump,Pisstacio,B,1787763268.4707427,15m,341,0,sl,
9KWZaQbLtFo4DkcwFoGtSqgKZ81G2wZSDDY4T8SEpump,PISTAS,B,1787763268.4707427,15m,335,0,sl,
GW7oTjyMfjdS91akDWVre4KQNmnD3ckZeSti74BDpump,fihtrump,B,1787763268.4707427,1m,129,1,tp,1951.5
8deKqTJUarkegWEhZAE5iF7wfbdSu7aFdyfpiitpump,PISTARD,B,1787759767.9782236,1m,501,0,sl,
CsVBNQijeDY28yG4GLkeGE5p3Nic1BPv5M4mX6wTpump,MARPO,B,1787746748.6868203,1m,370,1,tp,3471.3
9ezNGxFRiM5T7HqmGxvRA3mcmZ4CS89FEFA48pMRpump,GoonBot,B,1787737933.5693483,1m,545,0,sl,
G5jV5wtNvUais1iaRnJsuRa8Q2DCubcaZ1Ftjxaapump,WASTACIO,B,1787734602.8400972,1m,49,0,sl,
DMoRRheiQrGVRm6Z76Hfg5XxqJF5kJ4vX9A2cDNKpump,Dogtasio,B,1787734602.8400972,15m,396,1,tp,197.2
EumP1q4oc1DVcZAJ4mRBeXpbTRtvkyr8xRrLL4qApump,TRUMPPISTA,B,1787728455.1191638,15m,398,0,sl,
6hekwc4iXJTMZzzz8Zws9CkDeKey7xhqYYL6W1n7pump,Joguman ,B,1787728455.1191638,1m,57,0,sl,
HzxQ54wrYxh2RYsX3m9TXAAsucQRxYPe4maVmEUZpump,MVA,B,1787728455.1191638,1m,372,0,sl,
34AnX3vhKG8GfuzbeWKA3BYF8avq2uki9ngYuTrmpump,Pistache,B,1787723002.898038,1m,472,0,sl,
DPxk9o57vZPpSBHrTF1DaTWMV6vziQq3zN36EY8kpump,RATMAN,B,1787719952.7242527,1m,36,0,sl,
8GB6MhYXzu2VEVMxbUq6REAmHowmYXwdoUUdSrSKpump,NEEGON,B,1787719952.7242527,1m,44,0,sl,
3YVwvY2ysuAe9B7bJbcuBFGy7tJnZNUdwk9pA18ipump,WUF,B,1787719952.7242527,1m,909,0,sl,
AEeYTijohQT1XejCCLs3Ms3eoVgzRZ2fVZZyCzxepump,ThreeUI,B,1787719952.7242527,15m,294,1,tp,14847.3
wraeuVRXjp5YibVC7zRY6xMjz35GrZnQttqSJAgpump,fish,B,1787717197.4650064,15m,673,0,sl,
DUsxzGppjqvSeYkvNVYW1SGxkxnaAt43FNxuQRLfpump,eˣ,B,1787717197.4650064,1m,188,0,sl,
2FZjoWKuAZB2gyTwUSSGiDN1GVtydZ2T2smkCReJpump,BADGER,B,1787717197.4650064,1m,440,0,sl,
CSZnMhi3MLu5Z2W3unxgMjZM4usKC7eNspXiZfgQpump,Catetacio,B,1787714053.0161443,1m,36,0,sl,
V6MaeengXCRYCdBHSFV9odNrwj1jim8UU1FGZ1upump,BADGERS,B,1787714053.0161443,15m,288,0,sl,
2WbTSrJHr1hNCtmYBjuSetZNdsZWZ2eZTuK9GjNPpump,Pistacia,B,1787714053.0161443,15m,313,1,tp,2747.0
ECLDS9hrEws6pGLpW8JhYJMpHvawaxJG71ae8oE6pump,PEPSTACIO,B,1787714053.0161443,1m,935,0,sl,
57L636DoJzp23Jzb3iLzhYj1FcF2LEK63s6tFg9Wpump,RedLeek,B,1787714053.0161443,15m,434,0,sl,
3vewHEY3p6GA6BtaEUUtPmm89DUGbsRbw3XTyGK9jNRb,QNTX,B,1787702569.120747,15m,729,0,neither,
2sLKA6PzFVjeTUaiKBCkDbDiS8MuoZAeXxZMgs9Apump,C4T,B,1787701352.3032777,15m,538,0,sl,
4kqEkiDmkkyQWayzQB5B3dUP6whgAL3becLH5jexpump,George,B,1787701352.3032777,15m,396,0,sl,
GAYMGsgvudP3cUCVE1HZMnuXiFthcGkecpVoj44hpump,Sned,B,1787701352.3032777,1m,967,1,tp,2907.7
EDxJPcUVHM85Nxq6bbaQ3J2udRbTG5N4DbwKwoUTpump,FORBIDDEN,B,1787698126.9608376,15m,349,0,neither,
7h3jTPnEF7QT36YZ68eBRS1pg5pqBfj9XmFFbNfqpump,MARSCAT,B,1787695742.3771715,15m,440,1,tp,4857.6
HhSDQs8y8vQivndqj4e46LqQGasDVNmt9jaSvia9pump,MDOT,B,1787694462.8241243,1m,307,1,tp,1697.2
5RhPVzDsj4K6WMyYJ71yEXAGfhuT25bbSesfKNFEpump,SNIPY,B,1787694462.8241243,15m,383,1,tp,1637.2
ANsvYRPb1ePR9jhdMLZe35E59NMJg4qfieNU3p4vpump,BATCAT,B,1787691001.8755393,1m,499,0,sl,
7aZuFpStG2CQRAr4RbWYGeCf21PLsLL15QjRpYN8pump,distrocoin,B,1787691001.8755393,1m,115,0,sl,
EiRnsSVCo6bfY91q4e48KDgHVhnh82qY9i1qwwo7pump,BEAVERS,B,1787688658.9196322,1m,291,0,sl,
772iJKecjhdRHX9LXkgzXipnofsYxmDcMJKWS7c9pump,TERMINUS,B,1787686802.9387825,15m,408,0,sl,
4mxp6WN2uAtDBd8BHNPSTYUEy6mD7R3gejzayWGBpump,豹拉,B,1787686802.9387825,15m,359,1,tp,7497.1
GShWswpuW27nadAacS1mMEhxvrYe9Db2QpfK7Hwrpump,ATCHOUM,B,1787684596.1900663,1m,95,0,sl,
FBCStPyNtdW5gnEmsmdFY1whJ7jxEuPggN6un416oJ77,FBCS,B,1787684596.1900663,1m,55,0,neither,
USCSiKDUVap6hj33JvRDYq6bEmiBwVm3BvE6o5fNgRf,USCS,B,1787684596.1900663,1m,57,0,neither,
7nLukVng5teXze14rum9v57juXLjUp7JJnCveko1pump,Martians,B,1787681882.159249,15m,753,1,tp,3417.8
GDstqxcHxtSj4FWip88DXGASwjwxnDNynLbNFHYppump,$LAKE,B,1787678352.9663606,1m,209,0,sl,
4kKgb1AyKo3xpbspPk6PkRxaaUtiYw3FLPbSpbZxpump,Ash,B,1787678352.9663606,15m,610,0,sl,
9orRZbVL3zontHSVC92p9LSUTdCFbYtqCdSDdKPpump,长毛,B,1787676557.4058604,15m,379,1,tp,1542.6
FojFAR8uj6zn3327KD9WfFBVTbjvCwsVR5D3dyvSpump,Otter,B,1787676557.4058604,1m,315,1,tp,942.6
6ESmK8y4rugurH1ZQWyEBCTYjfjatnALi1iNcY7rpump,APPLECAT,B,1787676557.4058604,15m,408,0,sl,
6FPpLK4EzKe1sjC5oyZXfBcVhNbjjJE9pxunpWCTpump,VICECATE,B,1787669789.7883239,15m,423,0,sl,
DzCzXJAR1suw7f9By4DTfc1d94wfHAFfV7ouDFa9pump,PMT,B,1787669789.7883239,1m,168,0,sl,
E1KQmMoyRKt69pYva2ejSQ1FB7P1czCvmZgRiypVpump,GOGH,B,1787666350.1989965,15m,380,1,tp,1849.8
BTKfTUMRYsS5W5RXfbtMcgJf9fqoz1rhRcJtESyPpump,BARK,B,1787666350.1989965,15m,544,0,sl,
FLF1qFm5Y6DMKZngUF78ohLmPfFVfLFtTHryHmPpump,KAT,B,1787666350.1989965,1m,91,1,tp,2329.8
3RXfvoL5tDYRQfZZ9rweeHwCpv5kbdZ4BWrqxWLzpump,CATVERSAL,B,1787659181.7261693,15m,448,1,tp,1818.3
8dphQxaQpvt7qbjRZrBkriYNN3MBZRTikZ7S17XSpump,COCK,B,1787659181.7261693,1m,269,0,sl,
AVKQT851Cn3i1K5wDQsBfomYkiqdciqPE2bhZ5Egpump,WAKO,B,1787657794.0143347,1m,123,1,tp,2426.0
31TBAGQ4cydajbZYCqvuyA9SqmKV7zvtdmohkLAJpump,KERMIT,B,1787657794.0143347,1m,410,1,tp,5906.0
GCr352ouzNZkNQd3KZqs6jFuQb8LiYnWsEJSUpSfpump,GASSPAS,B,1787657794.0143347,15m,780,1,tp,30206.0
4kdU5fKaRb3ZDP84vAm2N8PY2Bq3PBtT5NkgzfAnpump,MEOWCAT,B,1787652936.7974348,1m,32,0,sl,
6DBZZt8i1sHU4XggrSNUjGZDwJa7SF61DEMYLN9Rpump,X,B,1787652936.7974348,15m,369,0,sl,
AJQ9BpSYugBQ8C7gWYssjES6r69T5eAnu3MFqewqpump,mNAV,B,1787651177.1780908,1m,463,0,sl,
7xpKxK2ktFXtPLQBAPcaLp71a5CU1UdvyfgQ3dWJpump,LOKI,B,1787651177.1780908,15m,449,0,sl,
De3uNV7rJpN5uJuchVUHmzEji88ov1jxUrHBpGTypump,SIRIUS,B,1787648012.6415765,1m,635,0,sl,
GDsogTEtXS1RD4PJcfDu3jYevDzRha6mUqiHAmcopump,BISCOTTI,B,1786936179.3788462,15m,120,0,sl,
fpKcazZbb9e31XLjYH6AfBApejLm18U7hZPzJAnpump,WOOFECHO,B,1786932364.4170604,15m,806,0,sl,
G5WsEp3voREADpMVG11LVQGBmvXbH5PpvjQeFMyapump,WHALE,B,1786913577.2921169,1h,328,0,ambiguous_bar,
GuUNEcqtzuHeCjaVrEVH3fzhpBSuLW65GbCW1bZt3Nmu,PAIRA,B,1786912379.4202344,1h,170,0,sl,
8uD3m4YycAfBQYEkpaZq8LjSQUNWXzHWxU74qvfHpump,I2P,B,1786907406.248794,15m,275,0,sl,
BmDWM5NYWWZm4P2qBrhBNb6jbxsN3estLAkaWg8dpump,Frock,B,1786898738.7382421,15m,670,0,sl,
AzbsonxtqEdAA1APoiHX8M6uGVG2nEfcqoeoc2sEpump,CALI,B,1786895523.285992,15m,441,0,neither,
N5NfKJcy4pJVCX59dkzEeFVusEjYzuas2QWt63ypump,AS,B,1786894245.8317757,15m,17,0,sl,
9emJ2FJHkWtE8HP5iLr2Ym4vXwFt44prboEwRfazpump,$F250,B,1786890787.8830414,15m,17,0,sl,
5pjUXJUCja3z3aN3K6DYYPeaEHwMoQGvhGJ7SCm3pump,Wynd,B,1786887557.7146082,15m,254,0,sl,
FUF7ikJSz8ySPtFqW8juGTywZCx269UUdhmMxGqXpump,MEWNR,B,1786876387.1067226,15m,808,0,sl,
Ct5Utd86Vh4YvPf2xyDBUSdcMu8yyuRhSY1RYZXPpump,Mollie,B,1786876387.1067226,15m,178,0,sl,
G53KLq9qFc5e3Q23pc72qmrKqyND2KjUkWqyY1eFpump,Mimi,B,1786865967.1061351,15m,114,0,sl,
FYAczZbEfKQ61XkQZ6HhRrJQgEmR6oe6j2XDkaF6pump,NEPE,B,1786863836.815323,15m,107,0,sl,
HNco6ivsZGeCbtfxWvqmJVKXqvcJkidJGz4BPMhppump,SOLCAT,B,1786860920.1884897,1h,376,1,tp,9879.8
iFYiJU8VP3FLhtjAR4p4pP3jkxhZUbv1KfyhbsLpump,NEPE,B,1786857219.612922,15m,470,0,sl,
5upMUvnBmnAKqMoMFADSixXdJU39oxsbSTBWhMVnpump,CATSEM,B,1786830631.5330815,15m,682,1,tp,1468.5
Fnfzc9MPZCWtZ7KKrPiJqQBaEjxd2xWC6TPCsvGupxem,GOOFRECK,B,1786829376.3316834,15m,229,0,neither,
6WS1NsTCjB1VFvVL8CjqUkB4VtK4fQ3sMPrN5e7rpump,FROG,B,1786817351.9766262,1h,382,1,tp,35448.0
3EJnCDWV29PisxfrpRbjS1kUXFR5SnaPUMC9zynkpump,Lopunny,B,1786812295.210765,15m,229,0,sl,
2FW3eNWNKSkJFdrSUwPC2U8zxu9MjExgVYxR5Wd7pump,TOADLAYER,B,1786812295.210765,15m,561,1,tp,4.8
EBKEeJhtRxHLZe4vGPUXJWZfF2Gq99TK6qzKP7Bnpump,JEFFY,B,1786812295.210765,15m,383,0,sl,
GiWxfFzr9Dsjm5BmWNQNn9mrQykPbchd4xx1CfTpump,牛来,B,1786807830.9205124,15m,114,0,sl,
tUgWWjQc6xSszvMdtWvXPYFPX1iv8CsQN8t4XB3pump,YESBOT,B,1786805611.9332151,15m,716,1,tp,39088.1
AU1BD8caz3woQdpzd42Kd6cMDdRoefmTqYDrthEPMGnc,STONKSTR,B,1786802528.0931807,15m,55,0,neither,
GS2jgH6874i1txo8CUnudz7N1gAuA9CtRHLXN1Npump,CASHELON,B,1786801047.6054108,15m,797,0,sl,
9Pb3VCc44uVb9MsNshQrDyrdq3hqTyLRMVsTJpjdpump,BABYANSEM,B,1786798480.0997784,1h,409,0,ambiguous_bar,
DmKGKTeSsgnYBf4xGLHJPbMNTdzWHxhbRb57Hc8spump,Popo,B,1786795275.418449,15m,309,0,sl,
7z8Q8E4dpequE3XcxoXrpiCPiw1yVHZ7cY8EwT7Tpump,Poipoi,B,1786789957.3304818,1h,428,0,sl,
2BYdL8N8kqC7ZEYUU75X18tTNvgFkK4S6xd7B7CNpump,[|],B,1786788103.0054178,15m,366,0,sl,
68QF8DkwjTPPTWMh6gKk8KNhfxBMR9AcEJyj3qaDpump,GrokCoin,B,1786783186.232875,15m,183,0,sl,
Ct7ZFjNZ1AsjdHnzvejxzWm33kY45mUSTqdSFzAiHfoD,Bichoraro,B,1786780965.3259196,15m,671,1,tp,4334.7
GkBx7VC4FxXmAYYTvmqywg9XnMSBH2S9gs2C4VEJpump,GOOSE,B,1786779444.9315288,1h,402,1,tp,30155.1
4yBmS1oYgnR2ftwK4yGQzF4jYSiTt3sGLiHNM8RXpump,GAUNTLET,B,1786773761.0117574,15m,394,1,tp,739.0
2ESFEAkkPMoDaMXQCyatSdVDEfVh6dF2zHfQZUuhpump,Marshal,B,1786769006.9737792,15m,412,0,sl,
97ANsEsXkDTCsH19wQVph57fRg86ko4bKNNDvUEBpump,XIAOTU,B,1786764321.8895948,15m,202,0,sl,
Aqy9Ucdx9bbNkLYBYPzNR6vnEm1MrHL4D5v1hgD5sb4v,SE,B,1786764321.8895948,15m,27,1,tp,1178.1
6Qf2ifQ7W9P3HTao49cXfQgN73PHG7gT7gUBAhQjpump,Pipejakk,B,1786761574.9472458,15m,896,0,sl,
5h1Ug5QBfNvYeyQaCYcvropyXr3gwEfy6DWbwJo4pump,dolpin,B,1786761574.9472458,15m,97,0,sl,
H3f4jYE3tEY8JWve2tRJYzqZpAHEHPihJkGQA5BCqqkn,FOMO,B,1786761574.9472458,1h,423,0,sl,
2tCKJWAdwyzRgoXtNaTFwnsHuZMDQkZooCsoHqPHS6YN,STONKLESS,B,1786761574.9472458,15m,190,0,neither,
HxJZ7fxthZhs57e9fCDfm7s3DLc1favN2JmAG9EApump,Xiaotu,B,1786758284.4166546,15m,301,0,sl,
6Fjp4SHuPkjJusTxgm2ft6dpyYeGedkBUm7GHzPbpump,bottom,B,1786751620.3208046,15m,760,0,neither,
aUWH9iX3BKKeMHP6aoAf2r2KPjLq8h9Kim2YC48pump,MemeSeason,B,1786751620.3208046,1h,445,0,neither,
FhaAngKjXUPhinojcPzn3uYsQs6vWdfouLAm3HKYpump,WIFNADO,B,1786750246.9897442,15m,883,0,sl,
DSdidmMuSBqJ1U8aKmPeRg8ZnQpyQJN1tV9f8HV794sh,DUNALD,B,1786750246.9897442,15m,13,1,tp,10753.0
7QddMRv1RJEqwmofGzoSohhJQ36qDLNZmhx4v3oVpump,TrumpBank,B,1786743826.6086693,15m,292,0,sl,
CUTuufCBBFA4AwvB3LNwtPqZvCDEg25L9PsKSkx3pump,DinoVerse,B,1786737193.7697494,15m,649,0,sl,
8mtTLauYuiCmmao3tuaLNMJ7B9TN5t1VU4YeVdrWpump,BSTK,B,1786734406.0413127,15m,892,0,sl,
4cCyEZoBVPepCK3MUR1PahCgehF9n9dUDHPJenW4pump,WASHED,B,1786734406.0413127,1h,420,1,tp,6794.0
B1SM8wzwtJArpLq4iESiJyjr61YYcnuDqpvSS3qGtpih,PIH,B,1786726989.6135645,15m,270,0,sl,
5i6Ve42SMGGHLYkBbCimW7trK1MxFZNKZSUfWUCZpump,KAT,B,1786723211.4153874,15m,707,0,neither,
Dmkj4dB3Ngva9gWKkDgj8UMF39EC7ArpGf2rxLxDpump,FTR,B,1786715878.1269147,1h,459,1,tp,7321.9
Apx665vqxenPMpeqLrcsGwN4hQH6EVfKTF5yuyeApump,Thomas ,B,1786715878.1269147,15m,64,0,sl,
79U3WAzDXdBp7CSCcF6GbWkYFZzACuzuXu59EDYa5ixY,ASSET,B,1786710321.1130955,15m,69,0,sl,
FcA7QkC8QVoM8EvGM8gXk1DfbgqmYdwFC5nttdSfpump,ruvv,B,1786707167.4266875,1h,442,0,sl,
HmM1cLPgB53LweeaDmqSVZwJYQGpWjk1YDhDiCx6wAD,POKEMON,B,1786697439.4231653,1h,379,0,sl,
J7CExbBZE3W6fqDiMWvq6dMcwYRVufaaGRqG93ycpump,SOLDIER,B,1786697439.4231653,15m,345,0,sl,
H3EKcm3BayFEXgBo1njpg3v6FhSUr1FRyQRfuJVYpump,stonkbot,B,1786693515.950373,15m,358,0,sl,
GwoaR1Sac7KGJKkgNjxKFZ9N2WMXF1k1YF2yS2xZpump,PCA,B,1786693515.950373,15m,404,1,tp,884.0
CX5bNC78TSgfJiTYpFvCYNemfHRimhVr8XRJAio8pump,SCHWEN,B,1786681539.6919997,15m,491,0,sl,
vFsy4Kz5dBQwHgrQfLBw7hfJizrG2KC1HrQ698Hpump,Fartcoin,B,1786681539.6919997,1h,406,0,sl,
2RMMkab8pEhSfqc32aQ11Dsfg9sL2QzfxnTWDUBUpump,nana,B,1786681539.6919997,15m,922,1,tp,1160.3
BNKQejpQjMCUiV6zG7k7KfEWDeLCHyevXr2EummEpump,GLUBFISH,B,1786681539.6919997,15m,36,1,tp,2060.3
F1Ueobn9vfZgSiGNBmrDAiTjvYJpUkiAjLNE2reYpump,TISUKI,B,1786681539.6919997,15m,919,0,sl,
Bcp1E1yb8Q9VdqMGNuHT45QaHCBwzqVXdpJo6rs8pump,LOAD,B,1786665700.3116124,15m,849,0,sl,
Bmv7ho39ijT6ur3GSN3GK4bxZnwM7qrf1ReF5qYfpump,CJ,B,1786662485.734229,15m,948,1,tp,4014.3
FM7btH3zydALWGs2fAX2EA4g6sDAUxgXdb3UcMdMpump,GATTO,B,1786659677.9809728,15m,483,0,sl,
ESJjRXALCHz2X1rN1djwyUdCwpSYKXM1a15Suugcpump,why,B,1786659677.9809728,15m,451,0,neither,
ARy1yY1JCLzNLe45ULnDQUhn6PyZbKeyYcmxWjKppump,MEW1,B,1786656313.161845,15m,16,0,sl,
EUB1eZBt4m3X4FbperWnKGJdvLsuLMu2YmJix5yjpump,K-HOME,B,1786650418.0597029,1h,477,1,tp,15181.9
F298VFmZCfU2m3hXjfsefwxY5abF1ryp51Tx5nqqpump,MEMESTOCK,B,1786650418.0597029,15m,79,0,sl,
Cdt1JVmbDav7WGCoSUkPRg2q6vjcPVJcHXdbYfBUpump,Tcat,B,1786646451.1308944,15m,156,0,sl,
9QrVfifxeHNGJwzXLXopbp8hwpnpgpdqUA6h4rDZpump,KIKI,B,1786646451.1308944,15m,203,0,neither,
4CmYEygEusR76TpjxUbTjSLjyDbCMjxKhRKNozkrpump,BOB,B,1786639177.9193504,15m,949,1,tp,322.1
ELiQoVM9oEgvr5nPBaqSAsQyJwbiU16f71yjWwEApump,GNUT,B,1786639177.9193504,15m,421,1,tp,1222.1
5u2cFYg9GRiP7fheZyEi9WcHUFFb2txFXSLC1uVApump,SNIPO,B,1786635781.8253202,15m,708,0,sl,
DvjAtw5JgxeCD9XMxwxzMTXoqbprwdtUa5yEha9npump,MINENOW,B,1786635781.8253202,15m,927,0,sl,
H76u9jTTbMtEF5JGmqXM2wW6xqMXpvTdVyer4RvKpump,Pumpooor,B,1788327848.395914,15m,77,0,neither,
C2k7d3WL3tpd8jXcgkRgAbyTqaVATWbvHVpRac2Apump,OTC,B,1788327848.395914,1m,86,0,sl,
6GBMJWXfCjtdNViCijgQrDoDdRgkpVCQrvmBfRTdpump,Donkey,B,1788188470.8136668,1m,62,0,sl,
F2k82EcxLtzekq1bfoGVdgp6EXZ5dLT1jE7g3LvQpump,PENGO,B,1788129625.724376,1m,574,0,neither,
BJbUiYM22WhpL1jtTqkvrQuYhkYymdUNGZjbrE87pump,WPLEB,B,1788016000.158602,1m,63,1,tp,2299.8
8RRDLdszPMLq44BX2VjriuCQmaLeag2ueG6hPiFKpump,Froog,B,1787644934.8263128,1m,27,0,sl,
AqgtHrC5TwPcvTf9dmgQhWwUhmVbaGynop1LxvU9pump,CATECOIN,B,1787642001.103072,1m,128,1,tp,758.9
2vLZz5EGx7CjVRqxjvdm6138aVX2M3mqZjZGBjUFpump,MAYA,B,1787638714.8944213,15m,519,0,sl,
D9qNfYpFtP9E3YpjBJDCD5PuWoD3445cC9K6PMX5pump,TRENCHERS,A,1787636416.3890798,1m,872,1,tp,27403.6
5xrGXVNZjdyuGerGcLuGqk5tg38BG3eK5kTcF8QGpump,CASHCAT,B,1787636416.3890798,15m,457,0,sl,
78YrJ8hacDMWgdUZHohunxGPVQ85fW1Jjft2ho8epump,Goopy,B,1787636416.3890798,15m,423,1,tp,1183.6
HtTYHz1Kf3rrQo6AqDLmss7gq5WrkWAaXn3tupUZbonk,KORI,B,1787636416.3890798,15m,742,0,neither,
39fNg98hhpyiRTGD8Gf8y5MwFVgJJZEnDyTMKdDZpump,SEYONGPARK,B,1787633963.9622219,15m,605,1,tp,36.0
DdSWN7sLXoJ3Bi4F6uW3SnBMYCp6FBE1WjVKjXLTpump,NATHAN,B,1787633963.9622219,15m,743,1,tp,9036.0
6hDfuLG675uDxQh33e4roc9xg5PSL2opJ8dzwmnWpump,Toma ,B,1787631623.2790186,15m,388,0,sl,
8RqKstbnjiiHmZKvMgUGdDrPdwoddYjtopcsAHjnpump,MPGAC,B,1787628888.7885144,1m,178,1,tp,1331.2
HsrJz1Crk8cNWiFu9eRMYvgnVu8zzti3Rz7rWRNkpump,Tailing,B,1787628888.7885144,15m,781,0,sl,
52ZzDVDPk8S4T1rfKNWSvtDnzhLN8omMK1xLCBBWpump,MrCate,B,1787628888.7885144,1h,166,0,ambiguous_bar,
D3Efp1SCsbhokYbVeiJZVbNF3Z1Ar2woWhvRSDriKfun,.fun,B,1787625961.3502464,1m,264,0,sl,
HM75x3BeEtSYfg5GfZWKHdMWPAKWbf8S8h7Gtfhjpump,buck,B,1787616124.529813,1m,394,0,sl,
24rX1SutpnUTcDpYLdE6Bg2aK16m2kWYrdyKTfuFpump,もちまる,B,1787614850.1337981,1m,42,0,sl,
5dkPngQmeqTUN57RqhxdA6xCaz7AKdzQoHLdk9xhpump,fckstr,B,1787614850.1337981,15m,405,1,tp,6549.9
6b7KQsXqb6JR5Nmeer5zGRmo51dwDfttM5b5Nu2rpump,kylie,B,1787609390.1597621,15m,712,1,tp,1209.8
F9RenTXkjT1RW26swmAB6mutkqwFLo1Fbc4W8pHGpump,1meme,B,1787608083.4307187,15m,280,0,sl,
CFbChHeejJBFDLVEx6Tcb9umSwVdA4L3xyenrhTapump,Norman,B,1787604727.7920194,1m,76,1,tp,172.2
3QwPmTFxDWTtkPGSdwqNGLHTG3xxffDE6ZyvSXo6pump,TUBBIES ,B,1787604727.7920194,1h,144,0,neither,
8YVakcmrbeaZUJtpc1ifFjkUKNYLJvXXH6suuFSYpump,BULLY,B,1787600299.6483486,15m,455,1,tp,1300.4
6XPcEY6XbhjKmfnrvA3y6QQvNp4rYLV6v3Hm5b4Mpump,Allocate,B,1787598272.050942,15m,485,1,tp,3327.9
DUPeGi6stKK5zGgVQLc4V8GkZ9o11MucZ5CNXDoYpump,bcat,B,1787598272.050942,1m,69,0,sl,
5sXYkaLPcBW6SyY5SKvYzEBQY4YJQbHNUieSPLLQpump,KOL,B,1787598272.050942,1m,706,0,neither,
BB7aqj7WAwrZNUR3dLT5gLMVQg2pjUpN946MCXSJpump,Life,B,1787593128.6764193,1m,60,0,sl,
AP8Wnu37Gf9RHgugPKGvpHe6LcTE2yp5GDy7pL5Upump,ARCHITECTURE,B,1787593128.6764193,15m,603,0,sl,
7En4udXkF45E5kd2FSk4WKYSCYksdzUwMk7ocuAUpump,TORQUE,B,1787593128.6764193,15m,308,1,tp,19271.3
9tuuE5PgGEkN2g9QoJfTrkuCGroDdPNwc7wRncF4pump,CATIUS,B,1787590799.5094647,1m,70,0,sl,
GUt3ebbJm6SJCvpa8SfFzZe132a78qZDyc2yXAP1pump,100CATS,B,1787588343.4615073,15m,427,0,sl,
Gd8JxP9W2i9ccnC6psU7gVbVzE9DHHYwNgVtQ3tWpump,CYBERKILLER,B,1787588343.4615073,15m,525,1,tp,656.5
8iwHSrQiWAdsB9w4eJX38Bp2gVistxpTtTkesADpump,BIGBALLS,B,1787588343.4615073,1m,56,0,sl,
82oCCbBEjBhj7o5FRAHdB3ysVaTBmYTLiPUoYJ3fpump,Maurice,B,1787586603.096262,1m,56,0,sl,
HBDkJT9kMc12usUrcZDpWyfr7kvTTEfvbeyofL1gpump,csvoss,B,1787586603.096262,15m,363,1,tp,1496.9
9HHTQ7YMx82E987cNqF9KczyZrfKgqvKNyA2yHSVpump,CYBERCAT,B,1787583358.4998949,15m,783,0,sl,
BwJ4jiFVWXiNwFnA9DJvWkyS1E65EFRNV1uETJ3Bpump,CYBERMORTY,B,1787570057.4841673,1m,91,0,sl,
6ABMQVGdHCzrmTdj31eZFctPtrsXT7LJZ8YGRc1ypump,MGNOPE,B,1787568481.818174,15m,298,1,tp,718.2
BXs1GwKmoXoSHqWoiyTrSoeUBpJKbjNXDpAtjPT2pump,VAMPURR,B,1787568481.818174,1m,715,1,tp,38698.2
9mLT5GfEoD7wSrwAoqAMK8y53cQKeBwFoUk8Y1Epump,ENDORPHS,B,1787568481.818174,1m,734,0,sl,
CGmBrG4GRiMvFSGaEiB7cwEd9uDYiqrXzkoyR2Qa3KrC,TILLY,B,1787568481.818174,15m,889,1,tp,16018.2
77wvPgk8otNJNsXbCs7nERU8fxh4sgGeouzEVP5Zpump,CATCULT,B,1787565448.306997,15m,571,1,tp,4651.7
4JGvYrTbLw8yUduczE551CxCVbNbES3r448fM64Ypump,SKYZIP,B,1787562072.5277264,1m,20,0,sl,
DBvU4CDo5RpWU9htYbXXowrvNYD9nFgJbDVLLNYXpump,MARU,B,1787558823.83127,1m,65,0,sl,
8GigNuJwZNixuECrF22cssjHMaBr76nyZFXb3c46pump,GHOUSE,B,1787558823.83127,1m,191,1,tp,416.2
ARRAFe6ypmUGPWQVBiQQauzHiwft5cgWxrfuavompump,ONLYCYBER,B,1787558823.83127,1m,57,1,tp,536.2
4qHAqsakh8oBgDpSHccmPHV4rPZDq1MgrQnsZ1QZpump,beluga,B,1787558823.83127,15m,428,0,neither,
CHUUnzp36ZSJbUL6d2xZvu4bgNpuK4s3Q7ECgHZApump,GLOB,B,1787555673.9300132,1m,468,0,sl,
2JquisPdmWgrLAVqPCboHfaJEWBbcFq3A7PJSvbxpump,CATEUS,B,1787551133.454443,15m,519,1,tp,966.5
4ziCBFjaByxYmfaXoPgzBTYxLj9to6KpxnrSsGJepump,BORTY,B,1787551133.454443,1m,536,0,sl,
8kiFjBVtj2oDn8dDBRnTMJALvvMMCWtrUccBHufDpump,cunc,B,1787551133.454443,15m,546,0,sl,
AALr9xpQDrE2cP5v31qLbx5xA9XEJnKMZVJiCugrpump,Smudge,B,1787548910.1059864,15m,414,0,sl,
HLScXDXbyULoVe611BhcoYuYowHu4ycH1t4YBkVFpump,Kiss ,B,1787548910.1059864,15m,324,0,sl,
9CjhM6w13YTqyVjHFnZ1TyCHCh4xaBTuEX1QFspdpump,YUREI,B,1787545470.686756,1m,163,0,sl,
DRWnf86Z2MjdMGLq7LFSF875iK9Ajo94RVtjK4owpump,trickshot,B,1787545470.686756,15m,714,1,tp,6629.3
3Zogtb9AgUrXyG9YW2dnmFfT1xYPFukxmxqqFfAHpump,MIRALIE,B,1787542020.049352,1m,943,0,sl,
GnWgtFHNbv3CEFm1LtDAWTx69UuLySs7J7S5VNAupump,MoonCoin,B,1787542020.049352,1m,700,0,sl,
2QFVUpLtMB8QVfteVQuWnxtc1mB1GV2Pa4R6D5gRpump,LARRY,B,1787537363.3783674,15m,545,0,sl,
BVeW1Yzs5QFzh86YX8MY8VGdXC8r4mbMkF9ygGCVpump,DELUSIONAL,B,1787525653.8615894,1m,514,0,sl,
nWnDYs4dR57Cek8nsK1W8iWEqKiKZE1hW1CLvP3pump,Clussy,B,1787524483.1145227,15m,965,0,neither,
4YTQ2bmCycn4vLiKWjWLe8swEFDWkxByJDE2uCWUpump,CATBULL,B,1787524483.1145227,1m,66,0,sl,
12SFro5AeU3z4b3exEpLczbwcm49EvwU312j1JvB5ogi,OGI,B,1787521864.915298,15m,556,1,tp,26635.1
3MaU6uQJWtv3S3d8M9VL6JHWRJE6JwSEXCxDV6wcpump,XCATE,B,1787518475.232055,1h,194,0,sl,
FxkG9P5Pn6djkfcwn4LTpCGomuvjPFVnrkFVvHXfpump,ARO,B,1787518475.232055,1m,49,0,sl,
2o5nokFpVgYkw2gXC7qMpxyTGV3WFPRUx7o2WDQfpump,CYBERPEPE,B,1787517238.3911383,1m,52,0,sl,
AJvN8udbYbASjPr9CRXhL7o1XmctdFCbhXfo7XFepump,tm20,B,1787517238.3911383,15m,229,1,tp,1561.6
GyrPx2REsimD1akdvUZgj8NHxCK7Fer8sbSSD1N2pump,OnlyCats,B,1787515204.7384574,1m,57,0,sl,
HwUoczAW6sV7deh4hCPHcUBsgxtBA7oHBpyMBpGBpump,FARTCATE,B,1787514003.384331,1m,90,0,sl,
AdYHGgcLYCQSpaSuJPWNJsMKE9RoFQFiBkxr5x88pump,CYBERTROLL,B,1787512361.2771223,1m,69,0,sl,
215UoqLTUoW75bsck1biuUhMLQKTNBG4kRUPPA7tpump,Moji,B,1787512361.2771223,1m,58,0,sl,
9ddBkYDHiqVvxecCG7RM6Tmen9fTeTPPquhLLwTopump,MISO,B,1787511101.656678,15m,700,0,sl,
3C8uxrxJBF5XH9ZgdRxmrMqJCbASFSvBhmPRfqXjpump,CyberELON,B,1787507494.4588952,15m,31,0,sl,
ErWFD2gFDxxvvo2bVY9PLS6cNqP5EZtRz8PjBp7Epump,CYBERCOIN,B,1787506319.475277,15m,562,1,tp,780.5
9WdDJ65qfL7c9wv5sf2nKFLD67rzA6w9NwF4Tw83pump,CYBERBULL,B,1787504787.3138719,1m,49,0,sl,
3LhExM1v9JFoM2ZHQnXvBbuthSWa96Yc2ubhPYw9pump,CATE-1,B,1787503551.6209679,15m,489,0,sl,
5iMdqvTu7NqYVsxHZnqMshp2ZVejQicWHA8y5gv4pump,TRUCATE,B,1787503551.6209679,1m,83,0,sl,
Dmv4iDf89mxkLh4kwSQ4wFs7VeHoEDADeRm9Rw5pump,MIKA,B,1787501470.1005065,15m,567,1,tp,1129.9
AuWsWDQxDjqAzhT62z73PWZDhzCzcEuD7iKfytN6pump,まる,B,1787501470.1005065,1m,33,0,sl,
FPi4Mt6cAqA3riPS72L1TFrd9eAbxP8YF7EXt1szpump,lickingcat,B,1787499106.932635,1h,4,0,sl,
4JEkMTE8yewAAea8AZvSKLW7J6r8WLLVrmhCLWtPpump,CATELEEK,B,1787499106.932635,15m,105,1,tp,1693.1
Es14VgLestfPFeG9nmvn9Ye1xTRaBNShkNvDikxwvb9v,BUCKZ,B,1787499106.932635,15m,89,1,tp,793.1
C3bajJW843KN9Uu441JkXN7zVMs4VM2HvdAGyGiBpump,CVXV666,B,1787496977.6002822,15m,978,0,sl,
GBxoYLFsX4ZgVifmYH44gMg15ChPoGPrBnsezo2Epump,ARCHER,B,1787493953.0048556,15m,11,0,sl,
CmcEhy1rfCG4BMtEdnZjPRfqpr7yvjcx6VavVGGnpump,CRYPTO,B,1787493953.0048556,15m,199,1,tp,1447.0
5BLEcYuGrQVznBqnkaY7u2z6GHNSPhHkXZxJLkoDLeek,Leek,B,1787493953.0048556,15m,182,0,sl,
7rj3WNZLK1iU1uR4YmH8xTLTq8FGSw2a9tQwdwqQjedN,VOR,B,1787492494.801152,15m,440,0,sl,
DkdeMtqaaRY3kNHRe1v9gJKeGpyP1PXe5TrrRkWspump,PCAT,B,1787492494.801152,15m,25,0,sl,
7S8tqYmatHc2UkpYXmpEiFCecHCF1N8ABNL6UYFFpump,moneybag,B,1787490342.1362069,15m,75,0,sl,
C8WeLr31vA1EmwD6yBsxBL3DsSpJLCx5XsmFFbuvpump,buzzland,B,1787490342.1362069,15m,168,0,sl,
4cvZwC17oMiUA7peKX5GhbaUWv4U5Lwrd8118xnFpump,CATALORIAN,B,1787490342.1362069,15m,863,1,tp,3257.9
7hDD4AQKVaWxSd4AKfELpSYEULraNvFns8y14SCBpump,RIKA,B,1787482503.7291389,15m,131,0,sl,
7sAnqhZvNCVKqc3Jj6QVDrdqtmnZJY3NePgXTqRtpump,CallCat,A,1787477815.4881608,15m,431,0,sl,
G3pi7rdWYy2U6TtiEbSwh8mHwXn5LpX64h1whupDpump,黃阿瑪,B,1787477815.4881608,1h,210,0,sl,
2WXUVeGq53qJ7QZacDWNRhyxsomCsZeBNsfYixY1pump,Coffer,B,1787475146.2689197,15m,155,0,sl,
J2hyZSVokSTuy3bG85A5xfs3umCeGtqZZEdKtGTTpump,CYB,B,1787472706.334744,15m,379,0,sl,
7fmHqRpJLgpVsJFTvrv24CEjkz9c4o5uVX4Zdur1hz35,Dinger,B,1787471020.6081011,15m,972,0,sl,
GVqEasmDypXNM3LFYXY4h8uXaE8ivoZnS9AJCZyXpump,GLITCH,B,1787465773.247408,15m,654,1,tp,2626.8
GCP3qLdpfGpjS5F1afwDwrTSZpuKktz6qVemfpx1pump,SIMBA,B,1787465773.247408,15m,132,0,sl,
EKSZLgVMFzwBbBgteCJFdaZig8G5g4TkNNkWMA7pump,DIDDY,B,1787463475.9077468,15m,422,0,sl,
DvVXHjpUyAunQFry3WjsLnZnriZ9QyzwiZ97eJQCpump,Farte,B,1787460936.9891758,15m,198,0,neither,
BKaXDgZxUSC9njpX89xpQ5USh2pnK1yzZvgk8Mg7pump,CATLIST,B,1787458718.675619,15m,383,0,sl,
HBoNJ5v8g71s2boRivrHnfSB5MVPLDHHyVjruPfhGkvL,PURPE,B,1787458718.675619,15m,997,0,neither,
Gh99PvKLnm9JBC9t4udunTgBvkAxCnyBZby3N6Atpump,SATO,B,1787455497.9803543,15m,17,0,sl,
d8ed1gwSmD45qwEK5wZGMb1Kh1MQ9PXipKsHevtpump,NIKY,B,1787451060.0920277,15m,74,0,neither,
FraL7qvcGGSy93vs7xRwJPdyu214iCa6CsuV1Pn4pump,TRILLY,B,1787451060.0920277,15m,470,0,sl,
8FNsX6k1ovm6uqZZTj91q5ip8JxHRt37qf2A9Qsgpump,CAC,B,1787451060.0920277,15m,80,0,sl,
XVTWySJscWWGf7rasayZ1AL9m85SYPWX8CxNxxppump,EARNBOT,B,1787451060.0920277,1h,263,1,tp,35339.9
3uZpCyWBrCyvL4BMVgtgtxiPJm73fzxTegxrwUu8pump,LUCKY,B,1787438535.6011827,15m,426,0,sl,
FnZfD1mVTDMcNs3ExCjpK9MdBosR51QJQmNF54UBpump,BULL3D,B,1787438535.6011827,15m,24,0,sl,
GzMGdjzn4JPUWGKUzhA34PHcqVXGnKm6Se2rjCqWmCCt,GOOBER,B,1787436439.121843,15m,110,0,sl,
4W9tjQc16hFpL5jbGLajnyyonMhft3QtKtHFQGW8pump,POPCATE,B,1787435483.4568877,15m,40,0,sl,
GZBxyrYtnewK7298kcMooczGgnCrDL6BQjfZCf1kpump,DONALDJR,B,1787434223.384537,15m,58,0,sl,
AJHqMoBpMpujUnbE4vSmPbBduzJBB9GZyeuqZ7M7pump,neko,B,1787434223.384537,15m,476,1,tp,19776.6
2B1DmRh6G3Fy7tgNHXeA4z2FgqdmEM2mEwQcMBdDpump,TSUTSUJI,B,1787432082.6655989,15m,550,0,sl,
DFz1x1pedB3DUM2cwWdgqYmGhjRvQkneHBj1GEm4pump,EIGENSLUR,B,1787430833.177769,15m,526,0,sl,
D931womcrNwEUxf5khyPAWnxz5PXvz8VdfpR3eQYpump,POPCATE,B,1787430833.177769,15m,62,0,sl,
CUz3n2VjRArmj8LYTq42Vie5LjnfyXkvfLb75ARBpump,CIACAT,B,1787430833.177769,15m,712,0,sl,
FW6R4QQeP4fzqRwDHbBkpjHx3ecvYwhd5g7chKg8pump,WINNING,B,1787428836.632282,15m,472,1,tp,5363.4
BXhsR8dnacXoKLJahfm2NnRuXENNufZDQrZLV4kpump,MEOWDRV,B,1787428836.632282,15m,15,0,sl,
3M9mwjx1Z7RmCUuNHx8DUpiaqCgGhKQBKNaa5bXTpump,CATSEM,B,1787428836.632282,15m,626,0,sl,
4hBjqFqmGT1rj9YvgVcoXPxLWgnvCSPfFumHDpWwpump,FIGHT,B,1787424724.114043,15m,13,0,sl,
DdyPH6rwXHeAk1QFr6yFHpxg5HkmsK881HXyDaoapump,memes,B,1787422320.1512606,15m,63,0,sl,
5DLJu2UgaLXWqRehryDZxisS6voRp2wmBaXvhfsPpump,SPEEDY,B,1787422320.1512606,15m,478,0,sl,
2jLyapf4bU2xcMWQZtmM2AUQSCsSEwRkxYKixEugpump,ZOXIDE,B,1787422320.1512606,15m,44,0,sl,
2LkYkeDcGRZ19j5EQbbHvrjk2XFBeGjPUbXy2D5Cpump,MCGA,B,1787421134.673243,15m,384,1,tp,7665.3
BXrMigr38tUb2LPiVFDYzPt4PyWguH4hqRcjXc4mpump,TRUTH,B,1787421134.673243,15m,47,0,sl,
BUn5TZQtF7N7WCsSPf9LWEejoYTiySJkZnPFvd76pump,KAI,B,1787419791.6348567,15m,303,0,sl,
9ijhsVMAe5YasK9hhPN655eM1nMB5k4jYdDtX2fFpump,CRMEOW,B,1787416590.4379776,15m,22,0,sl,
AAghwLrqvKjZHb28nqhDKy7yJrzT6KgknCioVh6upump,TRUMPCAT,B,1787414787.4226463,15m,24,0,sl,
7h4DYp3SCCVtJXfXtuH2ru8bdvCkJwpYuKrRe2Zhpump,MAGA,B,1787414787.4226463,15m,611,0,sl,
EgzT5fP6131C5EEqZe58nXJk1bbD5v7GetJFR5kpump,EARNBOT,B,1787414787.4226463,15m,26,0,sl,
6sAXF26gCZfkGX4ykgE6bAgTzuEwdxzZo7b7V7ENpump,Cheems,B,1787413851.567939,15m,27,1,tp,5048.4
3CK5Pc932qrsX2Xy6qJohuYvytgL5wTDsDe1kx5ppump,TRUTHCOIN,B,1787412629.655316,15m,26,0,sl,
2yGsvtnYAgdBpstEkJRLacc6jfaszHj9bU4FzuXNpump,CATGIRL,B,1787409074.9703422,15m,27,0,sl,
7zy8gnGthn67mNzP56Hcwwzhp8Zs4edHJdn6evxHpump,LONGCAT,B,1787405979.39531,15m,69,0,sl,
7oZ2V1p8Mvmc6FPCF7S7NqYWr8cntWLW2kmDBLuSpump,TRUMPCATE,B,1787403856.91886,15m,69,1,tp,5143.1
654ZBNYZ2oFgvvwkdQYa9e5s1jeQNHRjSvocEy1Dpump,LUNY,B,1787400672.883719,15m,628,0,sl,
WoFihq2bf1wdxxwzzqKAGh3VCtf9nP9AamsiTqJAtxH,WOFI,B,1787400672.883719,15m,978,0,neither,
Fh7mLxtPAysdvHcMcJ37A3vc6WvBVh7JVDwxmwk6pump,GBACK,B,1787392950.7085729,15m,783,0,neither,
44xUtxq5pRFFpwjRmdsEM3KiGhqMVoBxgsoXdAyXpump,Balls,B,1787391984.176088,15m,211,0,sl,
BrNL67ABCgRpb23w6VsnawgJ4L6FT91GdPRZp4phtyAc,ZEROCOIN,B,1787388690.852665,15m,11,1,tp,4109.1
EeJRS87pgqDQew8JHXS9RGBYjPANhXEFNfqZPuoQpump,FINGERS,B,1787384329.3146434,15m,443,1,tp,3970.7
5xC8SdxnMx7ToMd4foewMsxGGQ9zTVu7mUJxfnPCpump,BabyCate,B,1787381655.656355,15m,607,1,tp,344.3
UPwxM8cK6u4WP8dzs7T3oAKgJQVQMaGSixakKtkpump,Pump,B,1787381655.656355,15m,18,0,ambiguous_bar,
EjAuFtMEP6LQDgLb11JU9bkcskhFYbgd9Q5NRXJppump,Doge2,B,1787376961.3818429,1h,285,1,tp,1438.6
6LeCYgva3n6LZUxEDc74CabngyGXDzbGRxi4pqxppump,BULL,B,1787371738.348462,15m,344,0,sl,
DC9UJKFwVbP2G5msdqgedw1NDyqTx1XAN2KQG7Eopump,BAOJIN,B,1787371738.348462,15m,37,0,sl,
7Dxr19j2PHovdocuQfvySft7M2XuP5pr6x8YAWHPpump,NAMI,B,1787369301.6734202,15m,524,0,sl,
918p2GRyDLkhsRvtAHaKZg8yrP5kXSe6CYustqTcpump,CATSZN,B,1787369301.6734202,15m,849,0,sl,
DYa7Rcnsy3XoYwh1ZLseMdcAQjBE92pQe4enpYDNpump,NENEM,B,1787366529.7479231,15m,663,0,sl,
5NTsropykvFMWgqsbq3JYRicnKbJfPU8PYRx1jgfpump,Dick,B,1787366529.7479231,15m,307,0,neither,
qXzaQRM9D9qJq8z6cJSTtTKpowiZHr4BD4RMU4dpump,YANKEE,B,1787366529.7479231,15m,11,0,sl,
DGX9HZznvcyiBAyVCPKZuof3Qb7XayvWgMMJbJJhpump,KERMIT,B,1787363107.7449932,15m,524,1,tp,7192.3
GYFGQXcUFSgGs34BpHJuxSzjMMponA11x28n9pvApump,PUFF,B,1787363107.7449932,15m,335,1,tp,892.3
6VNy4YSvkwPVDZqC1JFjPZww5P9TUAkUUBzYnMVUpump,Bro,B,1787355149.0049477,15m,578,0,sl,
C6TTFtfzmWRymfR5xqXGwepayteeGjvj6KVnu7gs7Lf3,ETM,B,1787351716.1056688,15m,35,0,neither,
7U6ggMrnprgUZfhyW5Rhm8gVRqqzj6eEMHwG75wjpump,SOLCAT,B,1787346559.5516481,1h,29,0,sl,
EhWu6QbyMzkK1fYTHRqrRnSLFEyPdenwvWkw5GQXpump,NYANCATE,B,1787345026.9002275,15m,630,0,sl,
Bn1Wy74owcLz85BAmb5VVHh22Rf7BDuSf9JJKdvypump,RAVI,B,1787345026.9002275,15m,608,1,tp,6373.1
AC8jUD8j1neSZzW3oZgFZ1dQHhqdNoX4f9gV1SRHpump,MANEKI,B,1787342982.461839,15m,527,0,sl,
DwtXVuEDi4jsjjdWqC54ofPdRWKpkm3BLDEP85WRpump,PIZZAGUY,B,1787341870.7324183,15m,686,0,sl,
9GL25zPgvXcm6WtUQ5LMjjVk6CnEt1tKiWK6Dy9bpump,Leaker,B,1787340726.966824,15m,38,0,sl,
9KDiVdJy4jzCCrKgvJuRVqSwmEEzoemtATkYFjnWpump,QUOKKA,B,1787340726.966824,15m,41,0,sl,
2RWpKFmjqSP6D6whjz7eXsytTVL1Ac4HJitSVZX3pump,suckfox,B,1787338871.322838,15m,116,0,sl,
5fkE6w1Z6p3LSiSGnmt7pwFANi6pVKcyyM8YiicSpump,VRBULL,B,1787336115.864892,15m,651,0,sl,
GrHhWhMbEybuHj5MQEGa5aqVjUcT84kYmJqf2NLfD4FM,Keroro,B,1787331345.9032037,15m,43,0,sl,
8mCt5QnoD4izGiBncq4C2kkzPDqJNwHY9twnxiAapump,CatGPT,B,1787327509.4710789,15m,511,0,sl,
6PPs7ZS8ypxutdPj5wQeHStQCY9iNU7evxRVTu2Qpump,vibefi,B,1787327509.4710789,15m,39,0,sl,
EaBqbGuAum75JSmAAz69bFyce16sP5aVyCgc9ELypump,PUMPIRE,B,1787325426.0242786,1h,122,0,sl,
4HoUp5FkWNs69hoCNx7kEYJLFGN5KHSyw5xejfv7pump,BRELLA,B,1787323612.0889149,15m,685,1,tp,2587.9
5jg76LwAF7EUGdMV2iMYzYWPG2TtV8mYc3CgzJM5pump,GINNAN,B,1787320877.1662235,15m,46,1,tp,9822.8
9oidz4okAdz1VQuqgaSZrJ7Uc3gJw5QVbZ73AuZSpump,SOLCAT,B,1787320877.1662235,15m,30,0,ambiguous_bar,
HmNi2EqxYsmNBuwG9MJEWVidhFPPVmJpiWfYbBj3pump,ZAZU,B,1787318113.1011114,15m,671,0,sl,
3ck4GcvQcmUqqKraKV3fK6AmWbpr9EE7fdqRPvYupump,$1,B,1787318113.1011114,15m,14,0,sl,
HSofDGkUAPPFFgAj5hGyJSQgeNaEB1BRKHbQgwp2pump,BULLCAT,B,1787318113.1011114,15m,66,1,tp,10786.9
G1eqTrFqbkQjxxQEgjhZVK1xqwcr64RMv9VBofJcpump,SOLWIF,B,1787318113.1011114,15m,211,1,tp,5386.9
22TEmBxE6CgmcmkvMJUBGvJTVjV6sdWTCJggg4sVpump,Juliano,B,1787314509.1153672,15m,499,0,sl,
4CwRX9ByUrEGuG8FxBKAsFpzFxMRmyEdVRBT8TZupump,US,B,1787310870.8436291,1h,297,1,tp,6329.2
5rgXYZoaFXbc4L2ZUkV6V8iV66Jbd2w5oXL2XGvL5tsC,MIM,B,1787309511.1358447,15m,8,0,sl,
CvjSaRcTmcrfutekYzrBEEdTWx1RmRTWDToqtXmCpump,LaPeace,B,1787309511.1358447,1h,304,0,neither,
Cy73CHAHB4brr7jMT5ERFm7AtyNwLiwvu8EE8Lospump,MEOWFI,B,1787307304.7123206,15m,20,0,sl,
CNSpk125rafCfsWWCcVQPwnSg6REBe2ewwVF55qfWXTc,ZEROCOIN,B,1787307304.7123206,15m,50,0,neither,
EVA2K6vSg4Fg11NfcqVKJbsVgiSxby68qLfcpn5bpump,Grompany,B,1787305723.9005158,15m,561,1,tp,1576.1
2CrafGwaXQ7tHgw1pdZG3CN6iiUsfeTaZeQA1tpHpump,BUBU,B,1787305723.9005158,15m,697,0,sl,
7RuKSuywEi3S4urccQXHgUZRGVYdspwQS9CD4KCJpump,TAPCAT,B,1787303066.1039312,15m,612,1,tp,2433.9
oW6jSvHLEqk54WHq88bpQjbYB9ZoKbkoNqN3j1npump,TRULL,B,1787303066.1039312,15m,126,0,sl,
EgNViFAowCT6cZu2PVpDyVigQfR3AL9rXHXGWiT4pump,NEKO,B,1787295702.90451,15m,32,0,ambiguous_bar,
9HLhhbN4uAEmFyw8xrszyGQ9PptWh5LZNQmzN6rrpump,GOKART,B,1787295702.90451,15m,54,0,sl,
26w7qBovfKv4zprC7wmPQx9McchzdzNoZYz7SXpupump,HUMNENUF,B,1787295702.90451,15m,694,0,sl,
DGoWnmZ5Ji457E7Wb9EWpmDYXSgvJ1wcNQ1Z6J3kpump,Moet,B,1787295702.90451,15m,24,0,sl,
DZ87Nn5mizyrYnHx8SFKgTTLPJQk6pktDuWpTzDoZKXM,HODL,B,1787291559.1953242,1h,66,1,tp,440.8
HiXMPbH7q1nH1vnQNfd5zxH5uNYM3Lc2Y63YggH3pump,WENMOON,B,1787289594.0918846,15m,12,0,sl,
Gc59DcTqMALEPLqBnEtyv6TXg4funGBNknDvGgBapump,SolFi,B,1787287815.3406281,15m,665,0,sl,
CQn2cYhvPCH3y3MHbuYXAR6eUxEU3YeBpckkzUVypump,CHOCI,B,1787285110.0598266,15m,44,0,sl,
5uVwVUvzXsYP9Cc1sjRgVJE1zX3xfi3pArJNg9RNpump,ONIGIRI,B,1787277135.5785415,15m,90,0,ambiguous_bar,
4wTsqNF9bbP3D5Em1qksiPufs2GDZsK5HapSvYiWpump,BONGO,B,1787277135.5785415,15m,11,0,sl,
De15pGV5Y13e8obRxj6VuVppRgvpnjUoRtnNtHy8pump,dogalyst,B,1787277135.5785415,15m,120,0,sl,
7XpUU9oVxfAsDxjSNvQnupQjhSsGywZCkoPZKzaVpump,STOCKCAT,B,1787277135.5785415,15m,31,0,sl,
GiAXHqgpNXcjMTRVDvUk2kr4ZnARePn8Zg7nCTTZpump,RIKA,B,1787277135.5785415,15m,541,1,tp,4064.4
9E7pJVvNrRthJdXsdXkrrbQuu5B3yekR51aAgzmqpump,NOISY,B,1787269443.2765698,15m,50,0,ambiguous_bar,
BDXUaN4Bx6yaCBKAmCyGfdXd3UkRobiQwbV8mB1Kpump,chihuahua,B,1787259020.5009928,1h,314,1,tp,579.5
KuUtSBFWLpUgr4sXPZ1CYzy1uU5F9eUbj9jcAo1pump,WANT,B,1787256693.9781806,15m,19,0,sl,
Cshsbjv9kyFL8MMeGtUBwX8DbQp8cbfuRELsbY2Kpump,SOLYA,B,1787254775.1840959,15m,30,0,sl,
SypcH53HXjRX2hVM8ucJEx2hJgpo9HgRevXskVApump,RIKA,B,1787252686.4556422,15m,722,0,sl,
GiyxNC3aPjQJcsu8baZkY9vtyTMShJsopYHguyFmpump,$UNBRK,B,1787252686.4556422,15m,17,0,sl,
FnTzTiWvTJugJP3HtVqtpWqj6MuGLk4ZM5TyfGJvpump,Nala,B,1787252686.4556422,15m,30,1,tp,1513.5
DwxFHLjyjtrJcYCHiRkHzuRejVoummWhwnwHgML6pump,PIXELS,B,1787252686.4556422,15m,724,1,tp,613.5
E5peneUkvKstns3LYZCkq2mB8uCS6kL9dP3RmZNYpump,GOLDEN,B,1787252686.4556422,15m,825,0,sl,
EsqYneVWU37VHd1hVtN7A7hw5f4eMmBYAEVGm5eFpump,Topless,B,1787252686.4556422,15m,51,0,sl,
HXD5YL3rwv1mrHC4giBkAb1pxW6ohCQppJsxrzJZpump,KEIBULL,B,1787249799.6172996,15m,681,0,sl,
G9ALRz5jtq6wG7dijjsb1TvkGatwPNcnhbAGECVQpump,KESTREL,B,1787248178.9778109,1h,321,1,tp,621.0
BhY2FZWdqd6P91peYRqwZ4dA9gLV54CsGLCfPn9zpump,SelfMade,B,1787246035.0080025,15m,25,0,sl,
udPEzBjbGMzYZbuLtByqLYhc4TEs6EebG8R7fwdpump,TEXTIT,B,1787244375.6829479,1h,322,1,tp,824.3
VJdpSDDLof7HuZiNmsRUSL4YCncsk1FGiVoHyAJpump,BREAKING,B,1787241179.097072,1h,323,0,sl,
7Ru7kZdKBepiKF56vEfa1gEe6BNQCivYRzYQGh19pump,YIELDR,B,1787241179.097072,15m,467,1,tp,420.9
6BhcSiLCmG1DZWCGmGBbcKVFtnkBGukzy1TjQTDcpump,SAYLOR,B,1787239170.4445188,15m,19,0,sl,
DRrzocG3Ye5GC6RUd2kBr45ewKMMcPzd7ARVaMWBpump,HOOVES,B,1787239170.4445188,15m,18,1,tp,4229.6
2Q7MTrjLhPKpnquK75kiFJdDZ9CFTddAUtVnyNEApump,TRYAGAIN,B,1787239170.4445188,15m,81,0,sl,
Hgfwz9d5iK7jNbnwhpmkWCn9dCJpYvcosksfBkZQpump,BWCLG,B,1787239170.4445188,15m,688,0,sl,
5FQZH7yHPRinpEyXbp1JewLfFAczB9NZqHGzfnRepump,Cain,B,1787228150.0098743,15m,16,0,sl,
GrAs31PptyTSVfTabfTbJBQZCcuKQCZjZZK5z96Wpump,José,B,1787228150.0098743,15m,37,1,tp,4450.0
EMZYjU5e9N5UQmfFJZG4B6wNxp4NTaxXau1UQtxspump,TOLY,B,1787226409.5562918,15m,11,0,sl,
3is5vKhH667c2nqL6SSMGz2nRY1qd4dFt6zJmt1dpump,CHRGBULL,B,1787226409.5562918,15m,28,0,sl,
7M3puYZBZJEFCsbmeMsfTGSkH1Ek36VpKh7dezhhpump,Nonchalant,B,1787224324.1563933,15m,16,1,tp,1075.8
5ZRKQHDiFVFgKa2cnvTx4dj1JMHmepXJz1BxtSGLpump,JotchuaTrump,B,1787224324.1563933,15m,39,1,tp,1075.8
FGhpwjEmgivfXExogNENAHVk8Lm56VKg2TZD4iktpump,黃阿瑪,B,1787222408.6502137,15m,19,0,sl,
AeEX6gtzfK1d9NbasSV66bx7g1cHoqKRnt43evDzpump,BULLFART,B,1787222408.6502137,15m,19,0,sl,
cQ1Jye1NiuoC8yvaswdNyfbn7AQn1KdWkAmba65pump,CHILLBULL,B,1787219650.9438224,15m,494,1,tp,4849.1
897wEhKQtCKXuxxoDA8BH9LWnSpdTKLVzqh1J8xFpump,BULLBALLS,B,1787215836.2984974,1h,329,1,tp,563.7
EsSBTcudQscyUAA79tFrCLXWGqM4xduHg2Jqim1Lpump,Fwogy,B,1787212799.8536978,15m,11,0,sl,
6zxYs3p2UM2Fa7GWNefSsMxYSq7HZ5b1XbgbU96spump,TRUMPCHUA,B,1787212799.8536978,15m,27,0,sl,
9jSTqaJP2u35CLCuThnW9BTamDqnX5HoYzFwhaJCpump,goober,B,1787212799.8536978,15m,293,0,sl,
GBzKWZ2f1amBwsGGZi2wC6r2Mvz5KyoSJANnWHzBpump,WORLDSTRT,B,1787206682.580285,15m,174,0,sl,
2CUqkRbuiST6yTmV1uZrWmvrRFWQqKFsdSNwZkstpump,SCALE,B,1787204355.8850386,15m,72,0,sl,
3uQw7mq6aZWFsVRSY1yn31QKKu6wzX6n7JeWsXnQpump,BULLPISS,B,1787201844.682841,15m,706,0,sl,
5RvzePocfbTfpUitxtrPQkF5yDN6zBKDgAGDzP18pump,BULLCHUA,B,1787201844.682841,15m,10,0,sl,
CHVayd2v4ffoGcZiBDpFGrWW3J8haMQXafrArSi5pump,LONGDOG,B,1787201844.682841,15m,39,0,sl,
DFPx9wF6oikK8drHiY3EukCA4gDBkHPL51SL573tpump,QENISBULL,B,1787199498.4940867,15m,21,0,sl,
E9aqL5mdwzJqFpoCaDiutUWJ78CjBRvfVU3vfgXtpump,PNDNG,B,1787196785.508609,15m,32,0,sl,
47QmsheocjD1gsb3nghrUfPAQy6yBCbErt6wMMDdpump,Gaejuki,B,1787193853.5909324,15m,9,0,sl,
HiY4qx8j5QuVh5UFnKyFq1DvzzDNgFkgyyhEeDXhpump,KEKODYSSEUS,B,1787193853.5909324,1h,336,1,tp,946.4
9KbvJ3RitJ8rFDAM6rEVKKJV8Y4sKsawnYJR4QKHpump,BULLTN,B,1787190367.3911614,15m,427,0,sl,
FRS2TzZZGv4X4kx9a2wiMWyrTBRN9CYDRmp9quUTpump,VENUS,B,1787190367.3911614,1h,9,0,sl,
4YhFH8GEBqWjfiAfczjf31ngRdQxfSBqc8gfD4YQpump,LION,B,1787182867.8320072,15m,14,0,sl,
6TpjRqHB5BBZH6gtKdqiHDD8u7noVqS85LhtwxySpump,MRNA,B,1787182867.8320072,15m,435,0,sl,
FJBaZFtrcZqx5zF4Z8kSL7SGq12ptoh6FqcrUbbhkJJi,BITCAT,B,1787182867.8320072,15m,123,0,neither,
Ehjqf14dNJnigNCNqQ2mcFa842k73L9HKVxXKHq5pump,PUMPTHING,B,1787180941.7840776,15m,741,0,sl,
9m5nwkpKjyv8SRY7M1cTVCbMVv38j97YQqS4iwtvpump,tBTC,B,1787177258.117717,15m,25,0,sl,
B2LzKgXFkDCEnoNcfsAyFEgZWCehYvQMi1u5SgDtpump,hyperworld,B,1787177258.117717,1h,338,1,tp,3141.9
8WB6TuGytm5Q7YfSfD1LPzeQYV2LnTqgC5ASxnJZpump,BULLCUM,B,1787173873.6970425,15m,753,0,sl,
GSLmRmE2tTQzQaswiJQST9WdGYj3V3kLbKFaa9xzpump,$PUDDLE,B,1787173873.6970425,15m,23,1,tp,226.3
D19eh8TdZJpMFKpW43wUSW8iFa4dVBFyatbNecaCpump,BIGMYRO,B,1787173873.6970425,15m,15,0,sl,
3bLw2fp44SGrAp19XAtaLmutCksRDRDvjLyTbWD7iEqV,TROOPET,B,1787169797.9135551,15m,605,1,tp,702.1
GGXbEk3fVV1rBDt28YbJwVPh6VXaD5rPpGYXULYPpump,mRNA4157,B,1787166814.5560021,15m,17,0,sl,
DVb7fW75D3QnZDU2TR5QadF8GQ8aT5RQ5XjXwGuupump,TrumpWorld,B,1787166814.5560021,15m,25,0,sl,
3rKTe7vKhupBCPbcNzChy2MTMvZ3NAq15DmYrqHGpump,RCA,B,1787166814.5560021,15m,66,0,sl,
AKBHvAqoojLaw995SatYBcpV2hebtSaSDUDBMAfLpump,CryptoHouse,B,1787165351.8529127,15m,17,0,sl,
CuoAS9ipyuysr5bP1iZvA9sXNmvhk3pLHgu2SBx8pump,SNIPYCAT,B,1787162607.9247973,15m,737,1,tp,692.1
DZkFZtKNdyrkKx42eHWp2biM8HkzxDVsVuKFoTjjpump,BULLFART,B,1787161482.513197,15m,15,0,sl,
Hzo9meSRYtgeF87zLsv9LcdmQaqYxWamxQ1Tmycmpump,SCOTT BESSENT,B,1787161482.513197,15m,24,0,sl,
EGWY6RWw5RhEAihJsExpmMDd2GhCJmeCWC1HUBEnpump,PUMP,B,1787161482.513197,15m,786,1,tp,2717.5
CP8GU8E6A6BFhvxmroVfoTBoTZhkzA13GPPq9a9mpump,TRUMPBULL,B,1787159630.6408076,15m,30,0,sl,
FitRPV7tdpqhXjXaGjsKzy6oGLK8oBnnibH96Smbpump,Jabulani,B,1787156079.4367626,15m,10,0,sl,
3YVwekptG83VNCGNB2mWRVmnNAzsxyUqMU5TBR6xpump,Lloyd,B,1787154610.7651067,1h,342,1,tp,11389.2
3EV3TUbdLZ2KbiMHvGDFbRkCkgiRcvptFRw4TWSipump,GIAC,B,1787154610.7651067,15m,447,1,tp,3289.2
BT3X6i8JzQQDLgKDqQsHp5wPtSRN3as5VzYpnVEJpump,NUBBUMP,B,1787152496.2818508,15m,19,1,tp,3.7
HJEJGoEgsM7cE4nNv5YTY6t4Wb3PdcwE3NVkP6uVpump,MOOT,B,1787152496.2818508,15m,25,0,sl,
4orXPB8QqxBaWCo5LKaQFmFwj8gpTSZocoqZMCYppump,CYBERBULL,B,1787150719.7922673,15m,727,0,sl,
4uuxPfEdy2ZHhgux9zrRHtsbVx9yrnDrtLLAPWhmdKSE,FARTBULL,B,1787150719.7922673,15m,611,0,sl,
2UKkazisyXfWUyLT4eqCgvEV6KNaxqwkHU49htQppump,ANSEMBULL,B,1787148031.6076052,15m,480,1,tp,6268.4
7M5k3bTN8kJj3eU5CEoL8p12nKFXSFewkdGi4kxKpump,VACCINE,B,1787148031.6076052,15m,730,1,tp,2668.4
HJzs7y2zwBXXjvXjS1zzj56PJ1GvVUmca1mDMr1spump,Rosie,B,1787148031.6076052,15m,16,0,sl,
5TrT61zqFxPHugukVD8Ce6TimgaHT5Sdqz4zfenfpump,KEYTRUDA,B,1787148031.6076052,15m,17,0,sl,
8KZhSTCKSLLMuBRAZDT4FohNmBBhdSS1aJT6DfrQpump,FISHBONE,B,1787145225.2778137,15m,52,0,sl,
12MtVBUwd628NCNK811KPep7KfGTdY8bcW9xQL6bpump,BERTBAG,B,1787145225.2778137,15m,678,0,sl,
Gy9uok5JPaHfqVYqSQ5j4VHw8Ud53NCu9kVn2HdApump,TESTIBULL,B,1787141654.6868396,15m,26,0,sl,
6BUHtXAd9Ahj3D3Rgng8Cht8EpAqihc5qimKVoVxpump,Bull Coin,B,1787139852.5330467,15m,23,0,sl,
DhvuLLW5ZMvvKVGVA9ZvUtwfJ24oVEaC5Q9opZWK7A8V,Bullpad,B,1787135920.3884556,15m,390,0,sl,
3gSWWRmnu27Rj4agNjPUMqoXq2SmUZ3UWo8QW4Gwpump,Mogster,B,1787135920.3884556,15m,693,0,sl,
3uuWyPHJhtGdeWKYWJLAtjv6J8Z2WSw3mnFpugU6pump,Norman,B,1787133196.7340665,15m,20,0,sl,
FtateF34Xzawa91bpbVNdX72hZYo9cymRDYqBreHHbJi,PANTS,B,1787133196.7340665,1h,354,0,sl,
768m4oL2PSpL832KQ7LBGDJGTLMvWQB2GETYRHM2pump,BUTTBULL,B,1787123435.5025785,15m,17,0,sl,
2NjuvDtoj4HqSNGqMYBs4wBotq1e92gyHCCyEPKZpump,ANSEMSHIT,B,1787123435.5025785,15m,17,0,sl,
EaaHExWS9Yiq5zDdm8fQ1Y5cXHg851PEExMxWNJPpump,BASILISK,B,1787123435.5025785,15m,220,0,sl,
33gmnQQ8PFhF8qJTqEHNZMxydYQe25oDPRuQrMaipump,stonkify,B,1787120347.718101,15m,120,0,sl,
CKSfQyGQAHtXPm6EYvguGb9Kd5gt73utYASdabQ9pump,KEYCAT,B,1787116553.1047928,15m,17,0,sl,
Fw9LotRCnRPR5KWGD1GKuU6Y93E4xA8ngDds4S3Gpump,ANSEMUG,B,1787114828.418448,15m,20,0,sl,
FJBWgfc8wdEeUc2n7BN9EcmEJQUauvvpp9ZXvmF2pump,SOLUG,B,1787112196.3907773,15m,384,1,tp,2503.6
6hosezP1x4Ng4zgYZtDFx58e6VBnFmnQ4ojyX32wpump,CYBERTRUMP,B,1787108855.4961677,15m,392,0,sl,
HeXxaXU7jZS5LWjgCGSjSFjFPyzTkMkaJ4jHirzApump,BULLUG,B,1787108855.4961677,1h,228,0,sl,
593nS9yVmVHr3xN9REetTDSqfGNJggTsoQUVU4ympump,@ansem,B,1787108855.4961677,15m,570,0,sl,
7g2xyrq9Fk1TvFiqqcmLJAQ9jAtfHobmrdzzM9Dp2SpV,CLUG,B,1787105089.5867617,1h,349,0,sl,
DPmxFPHYvwyGLWDK6iu9EiDs1yCZR35TisCz4Lygpump,PALON,B,1787105089.5867617,15m,91,1,tp,2410.4
EZA5ncFF3XtYYpzFYyxcXjLPovJoxkQbFfDGSRQxpump,AXIUS,B,1787095835.9953809,15m,21,0,sl,
6LAVYbytESPF1FMBD8zaCyg9s4vRbcfhhwPN5P3Rpump,FRANK,B,1787089940.5022898,15m,63,0,sl,
FqBzU27KvwRKki7ZLzVMBgtKaVjdE64nfEkL1An1pump,ZBULL,B,1787082273.9605763,15m,804,0,sl,
PeBVYRsRQZAiUoSnBXXhX5E9HUgBZyDURWrerYcYgiz,agostino,B,1787082273.9605763,15m,846,1,tp,1826.0
87cRLJX67bTkHb19uKJQF2defWfLRKnr1qDLQd7jpump,MEEMERS,B,1787075939.2760746,15m,949,1,tp,2760.7
CDfPCmvmU6WkfAKqDhRZkv8bVHLW2FUpZCzbqa1cpump,HOPPY,B,1787074593.6022575,15m,313,0,neither,
4Xg9qDuEP1vMEwqMr2yWo92Yn9a7xZu5BNQBbXVfpump,NEWBIE,B,1787074593.6022575,1h,350,0,sl,
Gc5hxBYZjxWNpt3B8XYbp4YoGCHSMfrJK7ex4GUTpump,Lenny,B,1787071944.9010315,1h,350,0,sl,
GZLNaWXkrikpxA5Kcu8tRc1fM2N5h9zaBToCWQs1pump,67Virus,B,1787066131.3912983,15m,669,0,sl,
GepVkouMVapm62pd5KzC5pxVh7j451n9jQJtEZjTpump,67BULL,B,1787064267.9491794,15m,53,1,tp,1832.1
8HWzVHr3vYVAKohiKw9GEQw5Ntg42ccdMrxgmPYkpump,67BULL,B,1787064267.9491794,15m,649,0,sl,
UxbEbJpwXnBo6WbPTQa9qyrjhbeQ6Jidjs1XRm2pump,NICE,B,1787064267.9491794,15m,120,0,sl,
7XrokXKTBJQahMyNWKMW6VxRxTTSUxaGLoNAqEETpump,EYE,B,1787064267.9491794,15m,202,1,tp,41432.1
5gkuTAKAskEhhc1D6ACtF6mmstfCg2Ldm5qT4C84pump,ANSEMSZN,B,1787061604.6981177,15m,478,1,tp,7195.3
CR9vFRAbC6m3enGP7bTtoqEE12zetkwHbkFg95Dvpump,Z67,B,1787061604.6981177,15m,25,0,sl,
4Y9Red7dLgEMHzBi1nTGko7ub4irPFFKxtSfs6aepump,BULLS,B,1787061604.6981177,15m,23,0,sl,
HbvQTX1SHkktEP25fqUFijwMBLEgtmc918C8ShgCpump,MOONBULL,B,1787058756.9014425,15m,14,0,sl,
5jifcyrUEQUkGTnrhPLfL8xUdazZzcALJGDPMenXpump,MINDV,B,1787058756.9014425,15m,25,0,sl,
DW1Za6dt2HcgXVYMu9ZKe8CP6A3ip4TbbBWuCR9bpump,69coin,B,1787058756.9014425,15m,78,0,sl,
7ZzvPcgJGc5PMKPsMm8yjyPq2wkY7YtEmT51Qtygpump,ZBULL,B,1787053498.3277526,15m,16,1,tp,901.7
DLYQBXkRo43Ct96fd9Cr7y5tZP5yQKUBLMTZU92epump,67coin,B,1787053498.3277526,1h,344,1,tp,901.7
GoY3hMdiVf2QkqkLTYLPnXRrV1HXsLjy8GJeNGjPpump,Flip,B,1787051431.2738588,15m,84,0,sl,
EJfr9PcxxAntozmGDbifiTN8ZMoMjTqiQspwEowFpump,BULLMAN,B,1787049550.005668,15m,33,0,sl,
HKMK9zw7uCV2D24mpnmdR5491nCyrWBGhUuTQEVZpump,Bull500,B,1787039835.4110024,15m,17,0,sl,
EP5k7WwMYXPNzkAEc8wtUm2imx3sg3NDRNxyt9Ktpump,Quantdev,B,1787039835.4110024,15m,261,0,sl,
c9tnt7JsbiDG931okPZbRu6WUsB5nDqzL5BpbnQpump,BULLSEY,B,1787036954.1218987,15m,487,1,tp,3045.9
9StoqCkySiJVGYjvQ3A1xbU4HU9LeDrM2VJUNDzGpump,GON,B,1787030120.4002817,15m,23,0,sl,
Drac2HBT8Fxt9SauZj8yVWUUyZbE5gZ9fNzXqL8Kpump,Gorikun,B,1787030120.4002817,15m,577,1,tp,2679.6
jBZXbRBsS5detVwD49DMFSRVdTp7gaeDNHAJn1ppump,BULLION,B,1787028310.6716852,15m,31,1,tp,6289.3
GseQWit8p5SREsjb1V9WB3KEJg9ETfGG2FZaChCYpump,BULLY,B,1787025207.0565772,15m,27,0,sl,
8cCV6ybhSU4WPbuCP4XubF9Hadr6TRm1djSDtyd7pump,BULLUNC,B,1787018564.7604902,15m,757,0,sl,
GdMx76BW2NYPH8ipDwXjCvZiXXhFDQnfec9TKVU7pump,BULLBALLS,B,1787018564.7604902,15m,57,0,sl,
9U7SRJ3aB6SaD7RpPhuFfRmK8GypcXdDUUGvzEtPpump,BUTTBULL,B,1787012802.8025444,15m,27,0,sl,
GY53ctA7NX3LNWQQGM2YgsAPcy6w796rQiDgnsiqpump,BULLMRKT,B,1787009487.8071957,15m,860,0,sl,
4s9LfXuYzbTLEfnoGa8WiKvwuwo7ERK9bZCDXpfxpump,ANSEMSHIT,B,1787000386.93854,15m,33,0,sl,
7MQSupJTpY31HGChEHUAsS1pQhLSrHS5CCsB9bnaN3eS,Z,B,1787000386.93854,1h,391,0,sl,
9MMXQQhhMhA4yWeTuiv7dkGTeCMzKCGmfmWgVD3ghYn7,BOLLOCKS,B,1786999012.7282166,1h,359,1,tp,4987.3
76HLfhuAXMvTGqQEFFGnYyCgypk3VkpGTzavxwA2pump,PUMPBULL,B,1786995329.6944911,15m,16,0,sl,
5P3skKAfTT8a9hrfcSFzP2wYpevoHDC5PU8nXGhgpump,FEARLESS,B,1786993312.273318,15m,188,0,sl,
9pqWPKYYtmPfocSbweWfWRFqv7EKbHtZrhQjBQqMpump,ANSUM,B,1786988933.1788945,15m,572,0,neither,
8Wbhokeyfv1WTv5xej494iQBcGE2xZ8aKXe2ixnrB529,BULL500,B,1786988933.1788945,15m,89,0,sl,
6Hg3hRVgUYzDmDpt7FfBKfhsHTF5mpLoza462nSupump,$CZ26,B,1786988933.1788945,15m,41,0,sl,
DuBfXGHkyRWSi5u7gi21xz6Nij75XRsj4p3zSsNspump,PROAILURUS,B,1786986720.5391455,1h,106,0,sl,
2RcD4toUmZywZ7ViKsgjchVLkkhH7xcbsqqgjuYSpump,Chinchinmei,B,1786979470.1626854,15m,95,0,sl,
4skFA8FequaJV8Zd3njafvMvmX4yVbnzmBRo4jXVpump,SOLCAT,B,1786974473.2354105,1h,386,0,sl,
5nTdKXtGFcGbBHwUB7EsnEyBZ1ThGMGVofZAVpkjpump,Cupsina,B,1786971647.2412393,15m,53,0,sl,
512B2eBDSDg3xY88Jw3Qprqf6kGSvXLRH7L1kRaSpump,Lambert,B,1786968163.1183226,15m,83,1,tp,1636.9
APQfuCeuoCqywQJaVNj5CvZuUZ3EE3abGmti9tKjpump,Squirrel,B,1786968163.1183226,15m,25,0,sl,
5hyq1w4ATErYGNFUomWjWDRVUBmaQVG2rvDdx5hUpump,BILLIE,B,1786965047.640721,15m,47,0,sl,
HxNNTGqNmTMNP38VseuDAQMEjdFydd8xxUf2um2spump,GOAT,B,1786963313.9821436,15m,506,0,sl,
2HtutbHpCNCy4jBux1K4taVxshFCHgarydADjUjRpump,RUN,B,1786963313.9821436,15m,373,0,sl,
7mYSGRZu3QoURA6GDcZYbuu3UaeXvNirzFenm1WLpump,Pepe,B,1786957483.7440782,15m,115,0,sl,
FZW2bCcWdkFz8PrQgFFKKWB7S1ksbFTxVrjNyeSZpump,JOSHUA,B,1786954879.7503004,15m,355,0,sl,
DfvXmcXWo8VYzXKLV5CLfFKUWzC7RmUAMKBhFqxNpump,Drake,B,1786954879.7503004,15m,232,1,tp,5020.2
D72zrgwrjMuzXLHZWET4ibC4hDcnFheM9SzqDrJ3pump,BOMEKILN,B,1786952126.2200124,15m,858,0,sl,
FYqWB95ggm8bjCrPxnQ5GSNCgXxWKydyGzfasW17pump,POPPY,B,1786952126.2200124,15m,293,0,sl,
6T6APFk43FoZjNXSsBRhMYyVinsntzTGAUpZeP8hpump,ANIMALS,B,1786947751.6284173,15m,577,0,sl,
9HvMq8kM58Xwfo3DCoihSxvbZ8eM4vJMod58a6axpump,Ottermoka,B,1786947751.6284173,15m,781,0,sl,
4veBqJ8TFFyZBepbP8DmMeUgUosbRhCtd7PwewWmpump,HAULED,B,1786945418.942108,15m,34,0,sl,
6VExhFJceQENY2GUgoGf9sXVST75mw4ovXYt8DaNpump,SHIBSCEN,B,1786942474.1148973,15m,869,1,tp,2125.9
9JJAnX75nadfDep572z31huah1otpS1KHy4g7wFtpump,blu,B,1786942474.1148973,15m,35,1,tp,9325.9
D414E831eNtWfKS7yuHkJBGKPp17BxHAGsvVb8m8pump,greg,B,1786936179.3788462,1h,132,0,sl,
mjwxBvhHfYLMr7dsdQQ6YR6EbVPzvaqUcsxaoZ8pump,红尘飞,B,1786876387.1067226,15m,986,1,tp,1612.9
5VUDGeHTyEXWtuwdRRbG8eendwzGAkwWCDNP1zwCpump,Mars,B,1786874561.4773283,15m,248,1,tp,738.5
73UveQK7FzQb4ecjpQBCqJd3gKT2MEXG6fhsQuDApump,FWOGAMI,B,1786863836.815323,15m,297,0,sl,
6MAjC3uWMzGc4LAeKF3EoC85DUtX67MCFE3numnmpump,drooler,B,1786831342.7943711,15m,531,0,sl,
9BVn3Y8tPghbnGuuuxoj2mGekqgSQV1M7nALF7brpump,NYAN,B,1786793347.4929879,1h,448,0,neither,
CU5e2iqWkXKrEHrg6fgoV6uqptEWL9M98oeU4skpump,SAME,B,1786687354.8391888,15m,966,0,neither,
Hds9xu5UAEMgfJxr5GuYx41DHEK6D8EGxiib8EUepump,BOB,B,1786646451.1308944,15m,20,1,tp,248.9
j8RdRQ8tQRbx62cr46e5LM8ekRDZr1opqmbgsobpump,PLANSEM,B,1786632406.961695,1h,356,1,tp,4393.0
GDPtXowyiXHjsHXgkwM1erpFufPEeNvqK8iGq71Bpump,Niles,B,1786632406.961695,1h,472,0,sl,
JVmZJgsFuv2zDhB1Bsnqg5RRcqWwPuiqXZrA4ALpump,감자,B,1786611382.5892432,1h,79,0,ambiguous_bar,
9vYai4xnyLwsw2hVeFQvt7wxtEADRXiaQKF1QA4Lpump,susdog,B,1786607224.280867,1h,258,0,sl,
CuBgSCq48bBvu9omMCWyv1cBi7c716UcpgTixrrCpump,POWERS,B,1786600967.0453794,1h,250,0,sl,
CRjcw3uyqFjGwG7tsc4VBZ8W8xQ1XsMumx1Uor2mpump,BRAINOID,B,1786600967.0453794,1h,249,0,sl,
6Vwsf3tgyrMbDLFHcTccgvRV7HjWrCZZzWJhvZFXpump,PAWMP,B,1786595538.7768855,1h,31,0,sl,
CZEGT2GyNRNwvD7TG5Lz512dUGH8enxwZVKJoAgxpump,REDEMPTION,B,1786576011.8070767,1h,222,0,sl,
Cfmo6asAsZFx6GGQvAt4Ajxn8hN6vgWGpaSrjQKRpump,MARS,B,1786573272.8326874,1h,377,0,neither,
HBeaQ6Pn5n29iqzkffnXbC9ugWEdEJXUmdn6pGzbpump,FATCAT,B,1786569854.6304812,1h,487,0,neither,
BVeEzH4USexqb2A16QQ6sQ7KbzPMkzJwNVjV8m6dpump,VALET,B,1786564317.5753322,1h,26,1,tp,4082.4
FkD1S9QujAMouUyvHwowrvoq1uTaJs1WPvT3rby6pump,Eclipse,B,1786556716.714575,1h,77,0,sl,
8JwsfQ1Nt4dCUvVhCskg4MBpV9wJ1ctud7w7K2sipump,PIPEDOGE,B,1786556716.714575,1h,21,0,sl,
38Yai6pCdeXkixtHUxFutsWK2vKNLZfPa8tW2HAhpump,seedcoin,B,1786549380.135588,1h,421,1,tp,1019.9
HKkJjZTiUoGzZMhBxQL3NQJgAZbSUq6Hhiqfh32Ppump,TINCAT,B,1786549380.135588,1h,13,0,sl,
LFEJTxJ9yi6ojGDFpjbGfABLbH55Fc3oEK8syJJpump,DPG,B,1786549380.135588,1h,516,0,neither,
6bdTRHhdZenJQYLTxaYc8kH74GBNP9DoGhPnCjfypump,fog,B,1786395424.3283577,1h,261,0,sl,
5EAUpz8FMcHdpoYNitCzGY9tSAq2kbTJ1bPqBJABpump,PeePee,B,1786302351.583141,1h,460,0,sl,
EKppz9JRQDVLhye12yc4T4P9ue7N6A4vVEB4uyvxpump,OTTO,B,1786269056.2924514,1h,319,0,sl,
9nXkTPZETP9hrntNYgxQSeDzwbhrExhFqKJPb5Z6pump,CASHDOG,B,1786116640.957802,1h,343,0,sl,
6a4TCQoCFXXNK8jUtjCMPqvoaLGx1oNLrciBiRafpump,MEMOLUTION,A,1786000870.3795407,1h,270,0,sl,
zN3jWR1hTQMtLpVANxpTeD7CR3q4z2vfpL5WQBYpump,ANSEMINU,B,1785745066.4006104,1h,89,0,sl,
DeNGDha55v7iVaZXMzjA9wZUmFrhhubcpBP5VM4qpump,DECK,A,1785732718.7291963,1h,321,1,tp,29281.3
DDRbRchi7yLQsKTRWfhorGXaSsFpZPEtY2DiQmJppump,WOBBLE,B,1785732718.7291963,1h,21,0,sl,
HsUJxURpAtdYpvppxbwZTBinRnqY7Fpv4sFHD8F9pump,dͨoͣgͭ,B,1785710471.3192177,1h,291,1,tp,1128.7
F8shSPpvEtZtAp5avEKBvGZRYf8eiKodutFBoUCmonqH,GOONER,B,1785703107.5243244,1h,458,0,sl,
8FUQ9cGi32sx4qEn3BffjAzc7QhLnp5ecj5KgP9xpump,BULLY,B,1785691643.1763635,1h,277,0,sl,
6MQPb7xWrowgoyMjekGLvcri5pMEBZYVXEZgXkKGF3hL,Helene,B,1785672693.0452864,1h,146,0,sl,
F4DfnoTDpdv7aRAFEZ6nDBERhAE5UJdy7qBZgCJ1pump,IMMIGRANT,B,1785663353.625946,1h,155,0,sl,
ABAA3Xisck8rDrno87UZ7PGpGf6af4dwAEZjLNZ3pump,YAJUKAWA,B,1785663353.625946,1h,280,0,sl,
2uER9DLE6qQKhPphmPtb1ZvuuvCRst3atmhC3qjLpump,VISION,B,1785655430.493973,1h,452,0,sl,
A1TJ3cWdzwcjZMm9Pcb3E51iNjV5eZE3SpZXUrboMARA,ARMARA,B,1785633004.5432024,1h,753,0,neither,
A6mrpBeeNKm743fiNg8Mrz7pj7uGML5rgDjWo4nrpump,hwg,B,1785627149.8939555,1h,699,0,sl,
DHsR49Z6QWbPHJfukhrkTU1WEvEoXzwsAVqzoLp5pump,PURJA,B,1785613686.9928396,1h,277,0,sl,
3FyrCnHdzQ2xiApdb1jcR7LRtDbXRaRusXXQDy8Ypump,NOTIS,B,1785609207.5864642,1h,390,0,sl,
F6pMTzKKnV7howYKWUFyRPBkBEhx9kE4x8vT8aq2pump,BABYCATE,B,1785609207.5864642,1h,703,0,ambiguous_bar,
DCs71htej9jK8aZCQb3sRi4HNEdr2FqWfPDyr5jRpump,EVILSHIB,B,1785605174.9944332,1h,328,0,neither,
Fc2DPSGeroQoAr2gMVCquzaFJEdNZjZ2cs5oNa3Mpump,WHEN,B,1785600986.6956468,1h,522,0,sl,
6kDhQghfw5GLUVx6uK6tA5zs9jTwACE17d7ahh6ZVsqu,dolan,B,1785592839.315881,1h,596,0,neither,
USoVyFCK2MTnnU4R1K7CLvTC8qoAt2N4EfyDYV13BVB,USOV,B,1785576392.7483478,1h,78,0,neither,
2ZyEkoCkUdCVTDPSbN51xSAbrKRZKWpjpSXPBpzEpump,SOW,B,1785541589.7038827,1h,121,0,sl,
EPQawGHZnfxKdaYQB6FSMStvxXGTfLoXW5znXYJWpump,OnlyPump,B,1785537446.5508342,1h,29,0,sl,
2NSHQefnzYtgNayCbbSPKSJgypi7dUf4QD4MhyvYUvxD,MySpace,B,1785533507.1351273,1h,733,0,sl,
BYqsBimYUWhfAAsTupaBHEztVH3RdD5fZg39pSwopump,UP,B,1785523204.1762574,1h,20,0,ambiguous_bar,
TLDDDS6EFnxsk44bqcTHnHYVaxmq4HjEBsxDNvmpump,PEACE,B,1785523204.1762574,1h,14,0,sl,
7h2S67waWYhdmpGZzdiUFNKhmMfHShwG5vZ3PYHvpump,PAJAMAS,B,1785493273.7854612,1h,20,0,sl,
3Q1uv5ACS22sda2QGhnzKd5kRfsjh8vxYnFRfCggpump,Gelato,B,1785493273.7854612,1h,30,0,sl,
H8BwuDEmACKBZTNYoYuE3ysrcKkaL1bEiQ4gNSV6pump,YANGHAHA,B,1785493273.7854612,1h,339,0,sl,
35uNEwccwXPdwcGN5Ez1D1Uh6prm2VoZUU4AtLoipump,DOGJAK,B,1785473214.997824,1h,19,0,sl,
3XEe11RMNqNTka33ik2yEmr3siUWmFQWSESP9Ejepump,wiwiwi,B,1785473214.997824,1h,816,0,sl,
CQtZ7eg9RpDXphZGGrmVeT2LwH7ubzLi3jvkBRDfpump,SOLNUT,B,1785473214.997824,1h,93,0,sl,
8Byg9wi43TNzgJpYta6UXxPz3LPe8v6ZwvmWWoWQpump,BRICK,B,1785460190.5158257,1h,752,0,neither,
5NHPWfmaUi19A5sjR3rCx1X2HuGYrasoTF9RmxCspump,LINKR,B,1785454544.463757,1h,369,0,sl,
FxQCUFpYPWLbpdn6DvPW7uRmWvVwTmTu8XgpvJp8pump,TRASHLORD,B,1785446440.549284,1h,18,0,sl,
D5rxbQeHRQ7GtHzg7APh44wt15g3FKFXhvyCCuFMpump,ハナちゃ,B,1785442025.0528677,1h,456,1,tp,3174.9
AUKhSigQGLbRWJg2mGP1j5Yk2qSpeVQy8QrewyaDpump,BOB,B,1785442025.0528677,1h,107,0,sl,
AYJ1tYQZZJ1gmZhURYuXLwG9bygUcgBnYPzriLpxpump,MOONDOGECOIN,B,1785436897.1655116,1h,818,1,tp,1102.8
4BCy5qPSToL2XFHwyivSVieKKM9Lh959hZAiuPDEpump,nudaeng,B,1785417051.735796,1h,308,1,tp,6548.3
3uLNzUmiqAgSbZzg7UZAzV9HKV7ip98uvg41jP1ypump,HIPPI,B,1785403222.5954523,1h,465,0,sl,
3YQNnjRitpVfNmuTUEvdSU9piEQ4jZWfCdyM2nU8pump,Faucate,B,1785357549.0857134,1h,11,0,sl,
CPyHdubDKeae94FCsm3wLqjj2wiJCzX1DvvC4Gx1pump,COPIUM,B,1785357549.0857134,1h,435,0,sl,
8h6e6M3X7zEkTeRagS8rtvcnVALKdRDP3Hcos5Zkpump,Turtcat,B,1785353885.4740102,1h,88,0,ambiguous_bar,
ADzmJCZfwf5vFQ6y9EysRS7xWqFgRc33QAAnj7Mipump,DrTrump,B,1785347560.438341,1h,307,1,tp,7639.6
3VFnDoACa991DYe987w354sbvmhqjjzC4Z31SoZepump,Fauci,B,1785336914.1914446,1h,750,0,sl,
B7soueuN3RoeZsBiAaSbXM2s3CGcUkaq5qhctczvpump,BULLIEVE,B,1785336914.1914446,1h,401,1,tp,3885.8
GLcxHMDNwPwg6pNifArGBEXran8CfJndETPbk7gspump,PIPEDOG,B,1785282265.8796716,1h,58,0,sl,
J6Z7U2z3oJK7ySHN7TEgQANidtmowyBQMdZLCTatntR2,spooderman,B,1785282265.8796716,1h,705,1,tp,934.1
2XzK878GKk8TaiVakJWrvDKgdBDTqxW2X8iG3Xuwpump,frogcat,B,1785274526.8015196,1h,82,0,sl,
2wa4EjBBo1YuJeGiYyMgwMvs96b5d1iqdf555sSWpump,Paul,B,1785270120.0118945,1h,93,1,tp,2280.0
6gjiZpuqSBmxcS8YpdmHGnEokzCGm1ojmzU6KY4Fpump,SATO,B,1785265150.2895539,1h,11,0,sl,
VqmABNboP7rM7NGNBDsgX3DvdQJqpa8K9toeTCDpump,nostalgia,B,1785265150.2895539,1h,165,1,tp,36049.7
6soNfReFCsgGD6ANDiwaMFN8MxCbn7BUdEvq98cSpump,RYDER,B,1785265150.2895539,1h,147,0,sl,
8kFboZiKNQ4jC8fyNAiCjm9YGV5qs99Ns7fCchdYpump,BCAT,B,1785255602.762323,1h,338,0,sl,
6sjctAg8j1HY1hWyJz9SQBsGAF9CBt29JHNBbGdfpump,CATE-1,B,1785232808.1565654,1h,263,1,tp,14391.8
7Hp8Q8udDSGNqSXrM1tyo4jrisL5LzD7Fzxr4eKcpump,KravatlıCat,B,1785223187.4003623,1h,17,1,tp,2412.6
9BFw5KMWpBfzbEKh7qtp5U6hXRVZ6DqykZGV1BkFpump,DOGE-1,B,1785223187.4003623,1h,827,0,sl,
EVo4bRhn6NB6oRypmvuiiTLcdiXmz9Ft7UyG1WExpump,LOODY,B,1785213066.5685635,1h,303,1,tp,30533.4
Fg75gUo5qtQhL3iU6iaXaD8b818RK1zGeuysiqFApump,RABBIT,B,1785195565.785347,1h,326,0,neither,
ENGNF2NEz9EmgW2pGr1vSJHbuSDG183pQ6VnKnGcpump,Papoi,B,1785191450.6842515,1h,679,0,neither,
8PoLji879M3Lmoxvmm8z9HDB8qUkFhaWR2g4AMwTpump,TIGER,B,1785187212.273319,1h,135,0,sl,
92t87DktrvYAi4yuv4TwhAbF4E2C934rJf9zqgsipump,TRENCHLIFE,B,1785175749.9987156,1h,276,0,sl,
6EbafsFaXBsHxYuup5nteTniq7pSkxwjsbi55Rptpump,duky,B,1785175749.9987156,1h,348,0,sl,
4UEfFzoo7ZfynUprybpB3HkvxXd5rfzCBB7mzT1Kpump,ARF,B,1785175749.9987156,1h,42,0,neither,
d7737w2iLSTqLxLU1Q7ovrHocWdpkNwJ3E2GLyXpump,Ryder,B,1785169797.897055,1h,336,1,tp,1802.1
H6QbkNxaVKuwhRLRFpRBhBubqGuPk5bqs2NyVf4epump,Smudge,B,1785169797.897055,1h,283,0,sl,
euXT5wMLfGs1zu2zfgeTUSXhjZNuMMiUZLsLsDKpump,UNTIE,B,1785169797.897055,1h,420,0,neither,
3q9ZjmQfJjFVh7QHZykbUWZtFroeZw85jveXHsHYpump,MOONBULL,B,1785169797.897055,1h,109,0,sl,
3N5umsvLsk5dbsJegYoG33YfYY3yn5vL78ZPPXY1pump,Onigiri,B,1785138996.0472405,1h,24,0,sl,
Fw2aagAnwEex2ko7n9QW3ks3Tvfdx2s3SsfsFzErpump,PHOKS,A,1785138996.0472405,1h,346,0,sl,
2R6Eazy55Bz6AqkWPCESqW6TrJsVYhSn4Q8tTkdppump,ROMEOW,B,1785138996.0472405,1h,15,0,sl,
Fpu4MNh6MfSu6kAzugvHgW8FnGEXfym9raHP8TpBrKJR,BabyCate,B,1785125307.4833076,1h,410,0,sl,
GDgqVdisBKouTEdKtw6GQZtc55DLAS3PrpfLLMRhpump,SalaryDog,B,1785095933.6826704,1h,30,1,tp,66.3
Bo3sVJY52FNDBxT3uDN92FcL277fXriy1Un7dXuQpump,BabyT,B,1785091550.6544304,1h,858,0,sl,
9T4TnPviAXMB1iQXVX647CaYTsGg2sq1t22Kixgypump,MELLOW,B,1785058618.1447637,1h,470,0,sl,
EXhpr5uQJF3HUAVKQb5Kfth1TpjQeoBL8BgK6DeNpump,SUKI,B,1784996047.324746,1h,307,1,tp,6352.7
DVee9B1Ja8pRWRLLruUAaN4Q7zHMh1x5CzdFat98iYv,WIF,B,1784996047.324746,1h,597,0,sl,
AGXZZNAuqabbKU5VL5sxViaBXTrovSWkZ89LMKHBpump,Koala,B,1784987756.394548,1h,141,0,sl,
B5RMggYagf8A77GnX82HfvE57fVQqCmGPZWvcbw8pump,LOOONGTRUMP,B,1784970465.7304938,1h,35,0,sl,
CUppbAGRtbWt9N7bPiEqPhKCHMfaFca4zQmbmfY9pump,opensource,B,1784927854.132868,1h,100,0,sl,
5sd8bKraewJNHFg72scxxYXNeLCASVct1gxqi3Xipump,RAKO,B,1784918378.280678,1h,961,1,tp,1221.7
BseYv6zjFcfTcSqtSb84BYjZpWBfGdgg4YanhKgCpump,BIO,B,1784892429.130677,1h,142,0,sl,
13Uhk4Fk3WUeVjx96cWPLqQ4RLAFVkiW5cKqc5TAAiNw,fefer,B,1784839636.0144005,1h,489,0,sl,
AsHhg6ZXnuQ2VDfSzMp2L9cJV7hH8TiFVDrCPKrYpump,SEC,B,1784839636.0144005,1h,143,0,sl,
DpVQGZQPgAemvddsLDQXrevizXdYFPYnPPUYCDPrpump,finn,B,1784836285.9251654,1h,231,0,sl,
qXjNksWUsHjK7QUsKb7RkEnEddtS44nUriV4ny9pump,UNCLEAR,B,1784826150.253608,1h,26,0,sl,
B2xetuWUZWdhqEvZ25ATSPmyG4hKhEoJgqtq8j4Bpump,Lih,B,1784812445.4761424,1h,117,0,sl,
6ctwkKWsuB2VQmvAQXsRAJHQrhunQCDSatAVigWWpump,ROP,B,1784812445.4761424,1h,389,0,sl,
7kbA4Wnyg8u8QrtUCao3oArLg9sdhcDa6z6WhWWJpump,BULLMAN,B,1784790701.0908911,1h,49,0,sl,
BQYc6c5hivsPrEEmTxBVjGT16setk2gmPvbv7YBxpump,EVE,B,1784759300.499911,1h,376,0,neither,
4VzF6EKX7M3PQDnJxET9xftPaaL8K5yucLqUD1Vvpump,GOATSEM,B,1784755373.0893402,1h,151,0,neither,
Bb3q2gyesz1YrRzj6ZtFFHKCiHzSA3RLUiQDZKwZpump,RACC,B,1784741746.5697923,1h,373,0,ambiguous_bar,
BQ6Hi7ag6SPydUazvU5hkbz9frC78dm9AX55pFqJpump,HAGGIS,B,1784735639.5929372,1h,209,0,sl,
beXjn8EghNXnKCucBh1oiRa23rmnrhrpUvPBLPupump,SAMECAT,B,1784729865.2143664,1h,688,1,tp,42134.8
3rj59CcavzZ3i1AKf5yW3b4s9UCobvQdfgSrtgxapump,HF,B,1784721551.1301606,1h,29,0,sl,
GWVESyRBo7mMWJQhD69rK8bNHtwqeKWBQgt3ppdYpump,JIMOTHIUS,B,1784695075.8533614,15m,23,0,sl,
2bFc6R3Wr8e9frH5BDNHoD3vcLQk1DBQzUkrSdADpump,GokuSem,B,1784673576.1281075,1h,30,0,sl,
9EjVeWQ19xcxZiE9Xir7C5pQigRXGYDc4cba4LU9pump,WOOD,B,1784656108.4810183,1h,709,0,neither,
GM9iDcsma9q3P5LKhoyVwFscjxCaWsW87gzbSxPU1Goa,GOAP,B,1784645425.8006566,1h,210,0,neither,
9Mn2t7yX2TmSSMEsQqDnFvcmNAGVCPhjevXpKfqgpump,JimWhale,B,1784638027.4620385,1h,41,0,sl,
3Y3ta7U2zF2CHD8np4ybesxN6k6cHMC7bYqeSofdpump,BULLISH,B,1784638027.4620385,1h,493,0,sl,
FMjb2qX1WbHtEebLZN5xtYPLN3y8z3seFW5uYLNCpump,CASHOTHY,B,1784638027.4620385,1h,40,0,sl,
DG7Ls6z3AmpsmfCk5igT8GhGEC1e1mYc4zMruXXfpump,BULLCOON,B,1784632615.985577,1h,39,0,sl,
57ZbsHaZWsKx8fFALhGAnQmRkhr3LZtLMSvXPtC5pump,Ivy,B,1784632615.985577,1h,326,0,sl,
9sWbnwdcR4vjmdKz9q56QmfAd3332kQ6qFxZka6Hpump,she ,B,1784632615.985577,1h,377,0,sl,
FKZXLV32fC1PgaifEhi1bWLhd2uRobBy4BtoHUqipump,klitoris,B,1784624759.385106,1h,164,0,sl,
9DKbFZy5UQA97ohNYwHg72BNX3iQCngKatqVidrrpump,Cooper,B,1784605880.0897858,1h,375,0,sl,
FCR5PjritfaxoYwwDzrYybCKoN3pJDjQ6gNcsymkpump,Rigby,B,1784605880.0897858,1h,801,0,sl,
FhaCSvtpcpKJbih7p8b9kkEXhagz1yDLXvBKaQJ4pump,OTTO,B,1784605880.0897858,1h,185,0,sl,
gF2fSfar4x1BiZ9n2MLMAVYVWQYzxpsrXC6hGV7pump,CAGE,B,1784605880.0897858,1h,827,0,neither,
34BTWsb3eHmNpXSnKhn3RuA3TugV5DL6kateQL3Fpump,SCG,B,1784584342.9339533,1h,170,0,sl,
H55qUAeK313XyTrhxeMVQgBrogdGG9biyAVfmDQipump,JTC,B,1784579857.1566837,1h,18,0,sl,
5v4Apahd9MZVUWt5qn5MV4ZsbsuRWavbvfmmwVkNpump,MOGCHILL,B,1784574217.3029847,1h,132,0,sl,
5UoWzex7rVky9ZSHGQXQgAPsm8jDZQMFBGqch8L7pump,JACOBIAN,B,1784535272.0709136,1h,545,0,sl,
APhHKkSD3CucwoN4TFLmFoBDg87G7yprio8ZK6N1pump,PORK,B,1784413654.9528499,1h,547,0,neither,
H23di4NXN6j2pwLwbYjtag1Q3v7ANyXR72kzfWYKpump,Fridge,B,1784387191.4210322,1h,226,0,sl,
AA3v9TutAPj1ZQ9XLioYUsUwcb2zdLbTNX8CCTeqpump,QUASI,B,1784382805.5678825,1h,45,0,sl,
2q4nUEEXQQsKARjJffeF3o7GrevHq3mvWXo6g3fypump,JIMOTROLL,B,1784355820.155117,1h,58,0,sl,
H66JtYQdhdFayyTNYer6KNhhLVdqfopYqqQi57d4pump,Faith,B,1784323543.3415284,1h,326,0,neither,
967Yg66zkKtgdQVEuw1EaFKtXGS8k5XKxjYCvjqipump,PUMPFOMO,B,1784307172.6365755,1h,45,0,sl,
8TQAPEgP8jcWPeLTiQhFCFtPYwKhpjRvTngoPAmjpump,BULLARMY,B,1784290681.9581602,1h,240,1,tp,6118.0
E5tTXt6QLLhKJxHuKoCXA6vkAQfScRacL1UK2H1Cpump,MOON,B,1784245366.2713666,1h,49,0,sl,
5tH4uCqtLQZ48pjSQ55MyR59KaqCE73az2A1nR4pump,OH,B,1784241745.9598837,1h,792,1,tp,1054.0
J2PiC6EVeSRJLqozVKj3oYwUkpLJZUaWZav9SAGmrbuF,huh,B,1784225680.5790966,1h,504,0,neither,
8Gw5ERAe6hxMKyYWVXVhok6jhcvQkAfKH1bFBeQepump,BUYSEXUAL,B,1784160792.3654718,1h,364,0,neither,
HDdGMtMMY5NPeDLVeWE4DuKwMMuzNksh1xLMUmGapump,TRUMP,B,1784097097.4736307,1h,24,0,sl,
5GgY77Uti2d6VSAT2WW27d7UA2yBC7PMm2iepjmtJuwv,HUMBIT,B,1784061973.764392,1h,691,1,tp,4426.2
CHFSFUY7uNy37MWAVyeLn6ztrCpvK1uRiDCsjkSGpump,Kairos,B,1784058469.974277,1h,142,0,sl,
5JYoWf9rqFmtCtx597s1rRipNRHyWjo5wbtbo1QCpump,MelaniaCoin,B,1784018389.3432217,1h,221,0,sl,
7j6X8M1NGydeQAVwtH2VpJ75iAYw7PTmZFhnBLDPpump,CATSEM,B,1783886163.9205482,1h,51,0,sl,
nQ9QrugSTsiFPn61qo8bGqwrweYjnkuwq8dNH7ipump,PUMPTHING,B,1783870137.280825,1h,32,0,sl,
DpCJrRb69shT2srV3YnFScKe1C8EUXfhP9nU6L9Xpump,SOLLIFE,B,1783860124.9634027,1h,65,0,sl,
AcBFpes1zvKPmsPTSMXaZWiEFpWZ5KZ7SmnbZbgepump,67febu,B,1783790750.182517,1h,110,0,sl,
DXBfgTuGuYxpWM69NQ1eJjDseQnRUSt6esVnc7eXpump,mogcat,B,1783698166.2871938,1h,242,0,sl,
Db3FyrbovdsJWXaCBvE24P31uheKQH58cfpqWsXcpump,PROPHECY,B,1783689692.802137,1h,485,0,sl,
HcFUgXHEJWjZfDFvyFXDfVRkq5VTzJCfXNpJtcQ3pump,ANIF,A,1783620833.37192,1h,219,0,neither,
8SJ9UmV7vH7b2h9ZUf24hZJyCJLyqK4rw8cPyS8xpump,.sol,B,1783593716.0227187,1h,250,0,sl,
ArEvdUzDBrxd6WZZZyV7zMemwij65M6JfAFF9PuPpump,bro,B,1783593716.0227187,1h,262,1,tp,22684.0
HHmh4bSYBXsPQiSQ6mdRqWLvSowPY5s4rNCaL8mspump,TOLYHOOD,B,1783583441.280578,1h,44,1,tp,558.7
9YBcdwtDor6B4acqFLFX47PPkg6k729ZMDHRh3zEpump,okwif,B,1783570029.827361,1h,51,0,sl,
DrCjaUaVCGSfFEu8i4Gje1CwogUF7nwKFV9Bov5Dpump,Bullcat,B,1783554811.0635178,1h,403,1,tp,32788.9
ErM8VTSUfpvToPuRNf5mEJAvLc7oh7KqGLqrzj8bpump,GOTCHA,B,1783546441.725403,1h,180,0,neither,
9aphy3k9HgPReHBCzBajqQmWSjT8yQrXrm3FzVhrpump,beluga,B,1783536636.8811502,1h,566,1,tp,11363.1
5npesGsnVhcQbh6oVcsLtn5UKqdgYeipgDKsGaappump,BULLWIF,B,1783525070.9213862,1h,763,0,neither,
JCtKcjQY7hCjUA4gkFs238mVMZka1niBDYbbkMjpump,ANSEMPAY,B,1783525070.9213862,1h,307,1,tp,1329.1
ANM35KbUcfKdEVBXzSjZBoT6ceSwYRs3fuc79fp7kRqP,Pumpcat,B,1788327848.395914,15m,99,0,sl,
8K5X85PAJHAAVSvYaAzgVPPAPsqqHmvx16ZyBiscYF8L,CTO,B,1788256662.1762025,15m,163,0,sl,
DFzboGhkFF9jPM4nPToBiLNWkukwoZBKQKu5iJnppump,Rick,B,1787598272.050942,15m,504,1,tp,6927.9
FV3w8mVtaSkVqUELBzYMaSagD821ZVduPf7hA4e3pump,CYBERBULL,B,1787507494.4588952,15m,364,0,sl,
33Rz4AQpQcbUkwGJ993mnD1LgEbjRscrAv5zcdTxpump,CYBERTRUMP,B,1787501470.1005065,15m,155,0,sl,
CUK9aGqcrKCu6zNNR7dqZXDpHjRCMGTzTyXCFMU3pump,doge,B,1787407314.777435,15m,126,0,sl,
HCrpPqRJNd2JUNnhsueXQTQZDkDbfXYDzgmz5tS9pump,Rizzstein,B,1787378330.6022313,15m,653,0,neither,
9uZGenBKKUXbCqM7Uh9jtTtRajD3PzHHyZmrAGBNpump,ERIKA,B,1787325426.0242786,15m,22,0,sl,
7bQQgwnNf1qPBdTcuouKtYthsHaGLxxs2X38fgzBTq2w,ANSEM6900,B,1787307304.7123206,15m,820,0,neither,
2mR2Fia66XTA18pdsgvn8EWubDwWbEbSooQjWkFXpump,HAZEL,B,1787260464.9737372,15m,20,0,sl,
EkcTa8n14fXcHdfvZqCg72cTCutJnnKb19vcHwKTpump,Qenis,B,1787173873.6970425,1h,345,0,neither,
5rJthJB5JZwDvk57je7kod1wkQ7oQgoski9XH2PXpump,ALIVE,B,1787158263.6783066,15m,464,0,neither,
FtXH4AAgR8KMBR8zDfTfHnYdSStw2Am3iwq8TpoHpump,Intismeran,B,1787141654.6868396,1h,339,1,tp,2745.3
7XWZDMVv5oSFVuVky9w6yy7aPHQcRfcAenvpjxPCpump,BULLZ,B,1787139852.5330467,15m,17,0,sl,
7yqbQhuc9jVMA1XzHbN6awy6cjfUon7ZeTvNLJDvpump,KOTON,B,1787032153.894153,15m,569,1,tp,1546.1
3rC1aughedydZfETxDQXtNEfQ4xGZ5oJC1JcLVBspump,Bulldog,B,1787012802.8025444,15m,871,0,sl,
DfJy9p8AarFgv6CU9xW38oFdEEK41qkbEXhxzUoUpump,$RECORD,B,1786984732.5954816,15m,22,0,sl,
AFc8ewrQ2FkZisYm5j7qAYQ3yyCVAZ8p1vGmyxgqpump,TOADCHOO,B,1786936179.3788462,15m,886,0,sl,
7eDjBGP5MHiUR3Qr2gHmbbNYWYfFSwEh4DgKkQ2Ppump,BALOO,B,1786616278.0136685,1h,177,1,tp,2522.0
6oGuFDbEeaSzTcvrmmd2MqfNYwHKXFoN7regcR22pump,NEEGY,B,1785613686.9928396,1h,779,0,neither,
gwiPtzv51Mx3r5ioA8pr11NydtGAQy8jefCbS4zpump,RSCAT,B,1785533507.1351273,1h,299,1,tp,5292.9
3Hfbhg84nsUtzrTPTu8SpnhzFcDpAsvXv1cEyX4opump,UNAWARE,B,1785425169.5877185,1h,348,0,sl,
EUx9N4UXDyAXJpziyLF36j6Ut3Gu9X3VKEGptbmfpump,bulltom,B,1785240321.3540516,1h,527,0,sl,
HK3igJ6L4MiZZ2zM12Nohu1MGZRzKJvqbpFwz1yopump,JACARE,B,1785175749.9987156,1h,412,0,sl,
3EbLPUVi6ZDitZwuv2eLyiudxrggkCQfpHA4JRLTpump,STEPAN,B,1785160587.8842032,1h,21,0,sl,
C8ZbVCfxxpJVaYi4An9pS8ckU1WTxNKF2o2PDNvfpump,LJimothy,B,1785028284.5945134,1h,78,0,sl,
8boLzTXUwmRhQzzDRTCc7BhcHrFzDgSVrxK1LKespump,PEP,B,1784962696.440329,1h,135,0,ambiguous_bar,
5J556RgqipxLMNAjt2heqLx4ftoynXVbNHcgYWHJpump,Anijak,B,1784927854.132868,1h,317,0,sl,
5B6dsHpN35z98RAre6dSCgTQjKoX4xjo1uv5r7KVpump,GRAC,B,1784836285.9251654,1h,54,0,sl,
cdxxwBUAxxtwQjpjCAh7PSUDKdNuRYYWk2gKhUipump,ANSEMOTHY,B,1784665380.4694493,1h,465,1,tp,9419.5
4CXB7fET9wYsRRhxBYPFjNDA3jijBHVoL7EizanYpump,BULLARC,B,1783958476.4940856,1h,279,0,sl,
Bu3hbyUd9qgDWv4vrrKDk3mWR8LDcs7tiZrmjRrzpump,bebu,B,1783790750.182517,1h,71,0,sl,
